ISO-10303-21;
HEADER;
/* Generated by software containing ST-Developer
 * from STEP Tools, Inc. (www.steptools.com) 
 */
/* OPTION: using custom renumber hook */

FILE_DESCRIPTION(
/* description */ ('STEP AP242 Edition 2',
'CAx-IF Rec.Pracs.---Representation and Presentation of Product Manufa
cturing Information (PMI)---4.0---2014-10-13',
'CAx-IF Rec.Pracs.---3D Tessellated Geometry---0.4---2014-09-14','2;1',
'CAx-IF Rec.Pracs.---User Defined Attributes---1.5---2016-08-15'),
/* implementation_level */ '2;1');

FILE_NAME(
/* name */ '6ab42fa11954d60030305d11',
/* time_stamp */ '2026-09-23T19:59:33Z',
/* author */ (''),
/* organization */ (''),
/* preprocessor_version */ 'ST-DEVELOPER v20',
/* originating_system */ 'ONSHAPE BY PTC INC, 1.221',
/* authorisation */ '  ');

FILE_SCHEMA (('AP242_MANAGED_MODEL_BASED_3D_ENGINEERING_MIM_LF { 1 0 10303 442 3 1 4 }'));
ENDSEC;

DATA;
#10=CONICAL_SURFACE('',#3436,0.03937,0.785398163397449);
#11=CONICAL_SURFACE('',#3441,0.04826,0.0996686524911622);
#12=CONICAL_SURFACE('',#3443,0.0508,0.0944418568767862);
#13=CONICAL_SURFACE('',#3451,0.05207,0.785398163397451);
#14=CONICAL_SURFACE('',#3519,0.03302,0.785398163397448);
#15=CONICAL_SURFACE('',#3520,0.03937,0.785398163397449);
#16=ELLIPSE('',#3390,0.1708903618,0.0819903618);
#17=ELLIPSE('',#3391,0.1708903618,0.0819903618);
#18=ELLIPSE('',#3399,0.1651,0.0762);
#19=ELLIPSE('',#3400,0.1651,0.0762);
#20=B_SPLINE_SURFACE_WITH_KNOTS('',3,1,((#5058,#5059),(#5060,#5061),(#5062,
#5063),(#5064,#5065),(#5066,#5067),(#5068,#5069),(#5070,#5071),(#5072,#5073),
(#5074,#5075),(#5076,#5077),(#5078,#5079),(#5080,#5081),(#5082,#5083),(#5084,
#5085),(#5086,#5087),(#5088,#5089),(#5090,#5091),(#5092,#5093),(#5094,#5095)),
 .SURF_OF_LINEAR_EXTRUSION.,.F.,.F.,.F.,(4,1,1,1,1,1,1,1,1,1,1,1,1,1,1,
1,4),(2,2),(2.10575134513281,2.4315810495393,2.75741075394578,3.08324045835227,
3.40907016275875,3.73489986716524,4.06072957157172,4.38655927597821,4.71238898038469,
5.03821868479118,5.36404838919766,5.68987809360415,6.01570779801063,6.34153750241711,
6.6673672068236,6.99319691123008,7.31902661563657),(0.,1.),
 .UNSPECIFIED.);
#21=B_SPLINE_SURFACE_WITH_KNOTS('',3,1,((#5122,#5123),(#5124,#5125),(#5126,
#5127),(#5128,#5129),(#5130,#5131),(#5132,#5133),(#5134,#5135),(#5136,#5137),
(#5138,#5139),(#5140,#5141),(#5142,#5143),(#5144,#5145),(#5146,#5147),(#5148,
#5149),(#5150,#5151),(#5152,#5153),(#5154,#5155),(#5156,#5157),(#5158,#5159)),
 .SURF_OF_LINEAR_EXTRUSION.,.F.,.F.,.F.,(4,1,1,1,1,1,1,1,1,1,1,1,1,1,1,
1,4),(2,2),(2.12013752035075,2.44416895285499,2.76820038535924,3.09223181786348,
3.41626325036772,3.74029468287196,4.06432611537621,4.38835754788045,4.71238898038469,
5.03642041288894,5.36045184539318,5.68448327789742,6.00851471040166,6.33254614290591,
6.65657757541015,6.98060900791439,7.30464044041863),(0.,1.),
 .UNSPECIFIED.);
#22=CONTEXT_DEPENDENT_SHAPE_REPRESENTATION(#46,#5752);
#23=CONTEXT_DEPENDENT_SHAPE_REPRESENTATION(#47,#5754);
#24=CONTEXT_DEPENDENT_SHAPE_REPRESENTATION(#48,#5756);
#25=CONTEXT_DEPENDENT_SHAPE_REPRESENTATION(#49,#5758);
#26=CONTEXT_DEPENDENT_SHAPE_REPRESENTATION(#50,#5760);
#27=CONTEXT_DEPENDENT_SHAPE_REPRESENTATION(#51,#5761);
#28=CONTEXT_DEPENDENT_SHAPE_REPRESENTATION(#52,#5763);
#29=CONTEXT_DEPENDENT_SHAPE_REPRESENTATION(#53,#5765);
#30=CONTEXT_DEPENDENT_SHAPE_REPRESENTATION(#54,#5766);
#31=CONTEXT_DEPENDENT_SHAPE_REPRESENTATION(#55,#5768);
#32=CONTEXT_DEPENDENT_SHAPE_REPRESENTATION(#56,#5770);
#33=CONTEXT_DEPENDENT_SHAPE_REPRESENTATION(#57,#5771);
#34=NEXT_ASSEMBLY_USAGE_OCCURRENCE('NAUO1','Middle segment',
'Middle segment',#5772,#5773,'');
#35=NEXT_ASSEMBLY_USAGE_OCCURRENCE('NAUO2','Lid','Lid',#5772,#5774,'');
#36=NEXT_ASSEMBLY_USAGE_OCCURRENCE('NAUO3','Rubber strip 2',
'Rubber strip 2',#5772,#5775,'');
#37=NEXT_ASSEMBLY_USAGE_OCCURRENCE('NAUO4','Strap','Strap',#5772,#5776,
'');
#38=NEXT_ASSEMBLY_USAGE_OCCURRENCE('NAUO5','Bottom segment',
'Bottom segment',#5772,#5777,'');
#39=NEXT_ASSEMBLY_USAGE_OCCURRENCE('NAUO6','Rubber strip 2',
'Rubber strip 2',#5772,#5775,'');
#40=NEXT_ASSEMBLY_USAGE_OCCURRENCE('NAUO7','Top segment','Top segment',
#5772,#5778,'');
#41=NEXT_ASSEMBLY_USAGE_OCCURRENCE('NAUO8','Rubber strip 1',
'Rubber strip 1',#5772,#5779,'');
#42=NEXT_ASSEMBLY_USAGE_OCCURRENCE('NAUO9','Rubber strip 1',
'Rubber strip 1',#5772,#5779,'');
#43=NEXT_ASSEMBLY_USAGE_OCCURRENCE('NAUO10','Cloth band','Cloth band',#5772,
#5780,'');
#44=NEXT_ASSEMBLY_USAGE_OCCURRENCE('NAUO11','Disk','Disk',#5772,#5781,
'');
#45=NEXT_ASSEMBLY_USAGE_OCCURRENCE('NAUO12','Cloth band','Cloth band',#5772,
#5780,'');
#46=(
REPRESENTATION_RELATIONSHIP(' ',' ',#3251,#3250)
REPRESENTATION_RELATIONSHIP_WITH_TRANSFORMATION(#58)
SHAPE_REPRESENTATION_RELATIONSHIP()
);
#47=(
REPRESENTATION_RELATIONSHIP(' ',' ',#3252,#3250)
REPRESENTATION_RELATIONSHIP_WITH_TRANSFORMATION(#59)
SHAPE_REPRESENTATION_RELATIONSHIP()
);
#48=(
REPRESENTATION_RELATIONSHIP(' ',' ',#3253,#3250)
REPRESENTATION_RELATIONSHIP_WITH_TRANSFORMATION(#60)
SHAPE_REPRESENTATION_RELATIONSHIP()
);
#49=(
REPRESENTATION_RELATIONSHIP(' ',' ',#3254,#3250)
REPRESENTATION_RELATIONSHIP_WITH_TRANSFORMATION(#61)
SHAPE_REPRESENTATION_RELATIONSHIP()
);
#50=(
REPRESENTATION_RELATIONSHIP(' ',' ',#3255,#3250)
REPRESENTATION_RELATIONSHIP_WITH_TRANSFORMATION(#62)
SHAPE_REPRESENTATION_RELATIONSHIP()
);
#51=(
REPRESENTATION_RELATIONSHIP(' ',' ',#3253,#3250)
REPRESENTATION_RELATIONSHIP_WITH_TRANSFORMATION(#63)
SHAPE_REPRESENTATION_RELATIONSHIP()
);
#52=(
REPRESENTATION_RELATIONSHIP(' ',' ',#3256,#3250)
REPRESENTATION_RELATIONSHIP_WITH_TRANSFORMATION(#64)
SHAPE_REPRESENTATION_RELATIONSHIP()
);
#53=(
REPRESENTATION_RELATIONSHIP(' ',' ',#3257,#3250)
REPRESENTATION_RELATIONSHIP_WITH_TRANSFORMATION(#65)
SHAPE_REPRESENTATION_RELATIONSHIP()
);
#54=(
REPRESENTATION_RELATIONSHIP(' ',' ',#3257,#3250)
REPRESENTATION_RELATIONSHIP_WITH_TRANSFORMATION(#66)
SHAPE_REPRESENTATION_RELATIONSHIP()
);
#55=(
REPRESENTATION_RELATIONSHIP(' ',' ',#3258,#3250)
REPRESENTATION_RELATIONSHIP_WITH_TRANSFORMATION(#67)
SHAPE_REPRESENTATION_RELATIONSHIP()
);
#56=(
REPRESENTATION_RELATIONSHIP(' ',' ',#3259,#3250)
REPRESENTATION_RELATIONSHIP_WITH_TRANSFORMATION(#68)
SHAPE_REPRESENTATION_RELATIONSHIP()
);
#57=(
REPRESENTATION_RELATIONSHIP(' ',' ',#3258,#3250)
REPRESENTATION_RELATIONSHIP_WITH_TRANSFORMATION(#69)
SHAPE_REPRESENTATION_RELATIONSHIP()
);
#58=ITEM_DEFINED_TRANSFORMATION(' ',' ',#3260,#3358);
#59=ITEM_DEFINED_TRANSFORMATION(' ',' ',#3260,#3378);
#60=ITEM_DEFINED_TRANSFORMATION(' ',' ',#3260,#3385);
#61=ITEM_DEFINED_TRANSFORMATION(' ',' ',#3260,#3406);
#62=ITEM_DEFINED_TRANSFORMATION(' ',' ',#3260,#3469);
#63=ITEM_DEFINED_TRANSFORMATION(' ',' ',#3260,#3470);
#64=ITEM_DEFINED_TRANSFORMATION(' ',' ',#3260,#3528);
#65=ITEM_DEFINED_TRANSFORMATION(' ',' ',#3260,#3535);
#66=ITEM_DEFINED_TRANSFORMATION(' ',' ',#3260,#3536);
#67=ITEM_DEFINED_TRANSFORMATION(' ',' ',#3260,#3575);
#68=ITEM_DEFINED_TRANSFORMATION(' ',' ',#3260,#3593);
#69=ITEM_DEFINED_TRANSFORMATION(' ',' ',#3260,#3594);
#70=SHAPE_REPRESENTATION_RELATIONSHIP('','',#3251,#79);
#71=SHAPE_REPRESENTATION_RELATIONSHIP('','',#3252,#80);
#72=SHAPE_REPRESENTATION_RELATIONSHIP('','',#3253,#81);
#73=SHAPE_REPRESENTATION_RELATIONSHIP('','',#3254,#82);
#74=SHAPE_REPRESENTATION_RELATIONSHIP('','',#3255,#83);
#75=SHAPE_REPRESENTATION_RELATIONSHIP('','',#3256,#84);
#76=SHAPE_REPRESENTATION_RELATIONSHIP('','',#3257,#85);
#77=SHAPE_REPRESENTATION_RELATIONSHIP('','',#3258,#86);
#78=SHAPE_REPRESENTATION_RELATIONSHIP('','',#3259,#87);
#79=ADVANCED_BREP_SHAPE_REPRESENTATION('',(#3231),#5728);
#80=ADVANCED_BREP_SHAPE_REPRESENTATION('',(#3232),#5729);
#81=ADVANCED_BREP_SHAPE_REPRESENTATION('',(#3233),#5730);
#82=ADVANCED_BREP_SHAPE_REPRESENTATION('',(#3234),#5731);
#83=ADVANCED_BREP_SHAPE_REPRESENTATION('',(#3235),#5732);
#84=ADVANCED_BREP_SHAPE_REPRESENTATION('',(#3236),#5733);
#85=ADVANCED_BREP_SHAPE_REPRESENTATION('',(#3237),#5734);
#86=ADVANCED_BREP_SHAPE_REPRESENTATION('',(#3238),#5735);
#87=ADVANCED_BREP_SHAPE_REPRESENTATION('',(#3239),#5736);
#88=B_SPLINE_CURVE_WITH_KNOTS('',3,(#4536,#4537,#4538,#4539,#4540),
 .UNSPECIFIED.,.F.,.F.,(4,1,4),(0.,0.00267222617748029,0.00534445235496059),
 .UNSPECIFIED.);
#89=B_SPLINE_CURVE_WITH_KNOTS('',3,(#4541,#4542,#4543,#4544,#4545,#4546),
 .UNSPECIFIED.,.F.,.F.,(4,1,1,4),(0.,0.00269716478908679,0.00404574718363018,
0.00539432957817357),.UNSPECIFIED.);
#90=B_SPLINE_CURVE_WITH_KNOTS('',3,(#4557,#4558,#4559,#4560,#4561,#4562,
#4563),.UNSPECIFIED.,.F.,.F.,(4,1,1,1,4),(1.88920351175877E-19,0.00248216322440438,
0.00496432644880877,0.00744648967321315,0.00992865289761754),
 .UNSPECIFIED.);
#91=B_SPLINE_CURVE_WITH_KNOTS('',3,(#4564,#4565,#4566,#4567,#4568,#4569,
#4570),.UNSPECIFIED.,.F.,.F.,(4,1,1,1,4),(1.88918480310872E-19,0.00248231870987079,
0.00496463741974157,0.00744695612961236,0.00992927483948314),
 .UNSPECIFIED.);
#92=B_SPLINE_CURVE_WITH_KNOTS('',3,(#4578,#4579,#4580,#4581,#4582),
 .UNSPECIFIED.,.F.,.F.,(4,1,4),(0.,0.00256562565124856,0.00513125130249711),
 .UNSPECIFIED.);
#93=B_SPLINE_CURVE_WITH_KNOTS('',3,(#4586,#4587,#4588,#4589,#4590),
 .UNSPECIFIED.,.F.,.F.,(4,1,4),(0.,0.00255340973042166,0.00510681946084332),
 .UNSPECIFIED.);
#94=B_SPLINE_CURVE_WITH_KNOTS('',3,(#4606,#4607,#4608,#4609,#4610),
 .UNSPECIFIED.,.F.,.F.,(4,1,4),(0.,0.00255340973042165,0.0051068194608433),
 .UNSPECIFIED.);
#95=B_SPLINE_CURVE_WITH_KNOTS('',3,(#4614,#4615,#4616,#4617,#4618,#4619,
#4620),.UNSPECIFIED.,.F.,.F.,(4,1,1,1,4),(0.,0.00248216322440439,0.00496432644880879,
0.00744648967321318,0.00992865289761758),.UNSPECIFIED.);
#96=B_SPLINE_CURVE_WITH_KNOTS('',3,(#4624,#4625,#4626,#4627,#4628),
 .UNSPECIFIED.,.F.,.F.,(4,1,4),(0.,0.00267222617748029,0.00534445235496058),
 .UNSPECIFIED.);
#97=B_SPLINE_CURVE_WITH_KNOTS('',3,(#4637,#4638,#4639,#4640,#4641),
 .UNSPECIFIED.,.F.,.F.,(4,1,4),(0.,0.00267222617748029,0.00534445235496059),
 .UNSPECIFIED.);
#98=B_SPLINE_CURVE_WITH_KNOTS('',3,(#4645,#4646,#4647,#4648,#4649,#4650,
#4651),.UNSPECIFIED.,.F.,.F.,(4,1,1,1,4),(1.88920351175881E-19,0.00248216322440439,
0.00496432644880877,0.00744648967321316,0.00992865289761754),
 .UNSPECIFIED.);
#99=B_SPLINE_CURVE_WITH_KNOTS('',3,(#4655,#4656,#4657,#4658,#4659),
 .UNSPECIFIED.,.F.,.F.,(4,1,4),(0.,0.00255340973042166,0.00510681946084332),
 .UNSPECIFIED.);
#100=B_SPLINE_CURVE_WITH_KNOTS('',3,(#4684,#4685,#4686,#4687,#4688,#4689),
 .UNSPECIFIED.,.F.,.F.,(4,1,1,4),(0.,0.00269716478908686,0.00404574718363029,
0.00539432957817372),.UNSPECIFIED.);
#101=B_SPLINE_CURVE_WITH_KNOTS('',3,(#4691,#4692,#4693,#4694,#4695),
 .UNSPECIFIED.,.F.,.F.,(4,1,4),(0.,0.00267222617748029,0.00534445235496058),
 .UNSPECIFIED.);
#102=B_SPLINE_CURVE_WITH_KNOTS('',3,(#4705,#4706,#4707,#4708,#4709,#4710,
#4711),.UNSPECIFIED.,.F.,.F.,(4,1,1,1,4),(5.66755440932608E-19,0.00248231870987078,
0.00496463741974156,0.00744695612961235,0.00992927483948313),
 .UNSPECIFIED.);
#103=B_SPLINE_CURVE_WITH_KNOTS('',3,(#4713,#4714,#4715,#4716,#4717,#4718,
#4719),.UNSPECIFIED.,.F.,.F.,(4,1,1,1,4),(0.,0.00248216322440439,0.00496432644880879,
0.00744648967321318,0.00992865289761758),.UNSPECIFIED.);
#104=B_SPLINE_CURVE_WITH_KNOTS('',3,(#4729,#4730,#4731,#4732,#4733),
 .UNSPECIFIED.,.F.,.F.,(4,1,4),(0.,0.00255340973042165,0.00510681946084331),
 .UNSPECIFIED.);
#105=B_SPLINE_CURVE_WITH_KNOTS('',3,(#4737,#4738,#4739,#4740,#4741),
 .UNSPECIFIED.,.F.,.F.,(4,1,4),(0.,0.00256562565124858,0.00513125130249717),
 .UNSPECIFIED.);
#106=B_SPLINE_CURVE_WITH_KNOTS('',3,(#4750,#4751,#4752,#4753,#4754),
 .UNSPECIFIED.,.F.,.F.,(4,1,4),(0.,0.00256562565124856,0.00513125130249712),
 .UNSPECIFIED.);
#107=B_SPLINE_CURVE_WITH_KNOTS('',3,(#4758,#4759,#4760,#4761,#4762,#4763,
#4764),.UNSPECIFIED.,.F.,.F.,(4,1,1,1,4),(1.8891848031087E-19,0.00248231870987078,
0.00496463741974157,0.00744695612961235,0.00992927483948314),
 .UNSPECIFIED.);
#108=B_SPLINE_CURVE_WITH_KNOTS('',3,(#4768,#4769,#4770,#4771,#4772,#4773),
 .UNSPECIFIED.,.F.,.F.,(4,1,1,4),(0.,0.00269716478908679,0.00404574718363018,
0.00539432957817358),.UNSPECIFIED.);
#109=B_SPLINE_CURVE_WITH_KNOTS('',3,(#4780,#4781,#4782,#4783,#4784,#4785),
 .UNSPECIFIED.,.F.,.F.,(4,1,1,4),(0.,0.00269716478908686,0.00404574718363029,
0.00539432957817372),.UNSPECIFIED.);
#110=B_SPLINE_CURVE_WITH_KNOTS('',3,(#4789,#4790,#4791,#4792,#4793,#4794,
#4795),.UNSPECIFIED.,.F.,.F.,(4,1,1,1,4),(5.6675544093261E-19,0.00248231870987078,
0.00496463741974157,0.00744695612961235,0.00992927483948313),
 .UNSPECIFIED.);
#111=B_SPLINE_CURVE_WITH_KNOTS('',3,(#4799,#4800,#4801,#4802,#4803),
 .UNSPECIFIED.,.F.,.F.,(4,1,4),(0.,0.00256562565124858,0.00513125130249717),
 .UNSPECIFIED.);
#112=B_SPLINE_CURVE_WITH_KNOTS('',3,(#4968,#4969,#4970,#4971,#4972,#4973,
#4974,#4975,#4976,#4977,#4978),.UNSPECIFIED.,.T.,.F.,(1,1,1,1,1,1,1,1,1,
1,1,1,1,1,1),(-0.00744775260160924,-0.00496516840107283,-0.00248258420053641,
3.16125144491967E-19,0.00248258420053641,0.00496516840107283,0.00744775260160924,
0.00993033680214566,0.0124129210026821,0.0148955052032185,0.0173780894037549,
0.0198606736042913,0.0223432578048277,0.0248258420053641,0.0273084262059006),
 .UNSPECIFIED.);
#113=B_SPLINE_CURVE_WITH_KNOTS('',3,(#4986,#4987,#4988,#4989,#4990,#4991,
#4992,#4993,#4994,#4995,#4996),.UNSPECIFIED.,.T.,.F.,(1,1,1,1,1,1,1,1,1,
1,1,1,1,1,1),(-0.00744775260160924,-0.00496516840107283,-0.00248258420053641,
3.16125144491968E-19,0.00248258420053641,0.00496516840107283,0.00744775260160924,
0.00993033680214565,0.0124129210026821,0.0148955052032185,0.0173780894037549,
0.0198606736042913,0.0223432578048277,0.0248258420053641,0.0273084262059005),
 .UNSPECIFIED.);
#114=B_SPLINE_CURVE_WITH_KNOTS('',3,(#5237,#5238,#5239,#5240,#5241,#5242,
#5243,#5244,#5245,#5246,#5247),.UNSPECIFIED.,.T.,.F.,(1,1,1,1,1,1,1,1,1,
1,1,1,1,1,1),(-0.00744775260160924,-0.00496516840107283,-0.00248258420053641,
4.61040499045254E-23,0.00248258420053641,0.00496516840107283,0.00744775260160924,
0.00993033680214566,0.0124129210026821,0.0148955052032185,0.0173780894037549,
0.0198606736042913,0.0223432578048277,0.0248258420053641,0.0273084262059006),
 .UNSPECIFIED.);
#115=B_SPLINE_CURVE_WITH_KNOTS('',3,(#5251,#5252,#5253,#5254,#5255,#5256,
#5257,#5258,#5259,#5260,#5261),.UNSPECIFIED.,.T.,.F.,(1,1,1,1,1,1,1,1,1,
1,1,1,1,1,1),(-0.00744775260160926,-0.00496516840107284,-0.00248258420053642,
3.62071121936177E-19,0.00248258420053642,0.00496516840107284,0.00744775260160926,
0.00993033680214568,0.0124129210026821,0.0148955052032185,0.0173780894037549,
0.0198606736042914,0.0223432578048278,0.0248258420053642,0.0273084262059006),
 .UNSPECIFIED.);
#116=B_SPLINE_CURVE_WITH_KNOTS('',3,(#5349,#5350,#5351,#5352,#5353,#5354),
 .UNSPECIFIED.,.F.,.F.,(4,1,1,4),(0.,0.00269716478908688,0.00404574718363031,
0.00539432957817375),.UNSPECIFIED.);
#117=B_SPLINE_CURVE_WITH_KNOTS('',3,(#5355,#5356,#5357,#5358,#5359),
 .UNSPECIFIED.,.F.,.F.,(4,1,4),(0.,0.00267222617748031,0.00534445235496062),
 .UNSPECIFIED.);
#118=B_SPLINE_CURVE_WITH_KNOTS('',3,(#5370,#5371,#5372,#5373,#5374,#5375,
#5376),.UNSPECIFIED.,.F.,.F.,(4,1,1,1,4),(5.35765765494892E-19,0.00248231870987078,
0.00496463741974157,0.00744695612961235,0.00992927483948313),
 .UNSPECIFIED.);
#119=B_SPLINE_CURVE_WITH_KNOTS('',3,(#5377,#5378,#5379,#5380,#5381,#5382,
#5383),.UNSPECIFIED.,.F.,.F.,(4,1,1,1,4),(0.,0.00248216322440438,0.00496432644880877,
0.00744648967321315,0.00992865289761754),.UNSPECIFIED.);
#120=B_SPLINE_CURVE_WITH_KNOTS('',3,(#5391,#5392,#5393,#5394,#5395),
 .UNSPECIFIED.,.F.,.F.,(4,1,4),(0.,0.00255340973042167,0.00510681946084334),
 .UNSPECIFIED.);
#121=B_SPLINE_CURVE_WITH_KNOTS('',3,(#5399,#5400,#5401,#5402,#5403),
 .UNSPECIFIED.,.F.,.F.,(4,1,4),(0.,0.00256562565124857,0.00513125130249713),
 .UNSPECIFIED.);
#122=B_SPLINE_CURVE_WITH_KNOTS('',3,(#5420,#5421,#5422,#5423,#5424),
 .UNSPECIFIED.,.F.,.F.,(4,1,4),(0.,0.00255340973042167,0.00510681946084334),
 .UNSPECIFIED.);
#123=B_SPLINE_CURVE_WITH_KNOTS('',3,(#5428,#5429,#5430,#5431,#5432,#5433,
#5434),.UNSPECIFIED.,.F.,.F.,(4,1,1,1,4),(0.,0.00248216322440438,0.00496432644880877,
0.00744648967321315,0.00992865289761753),.UNSPECIFIED.);
#124=B_SPLINE_CURVE_WITH_KNOTS('',3,(#5438,#5439,#5440,#5441,#5442),
 .UNSPECIFIED.,.F.,.F.,(4,1,4),(0.,0.00267222617748031,0.00534445235496062),
 .UNSPECIFIED.);
#125=B_SPLINE_CURVE_WITH_KNOTS('',3,(#5450,#5451,#5452,#5453,#5454,#5455),
 .UNSPECIFIED.,.F.,.F.,(4,1,1,4),(0.,0.00269716478908687,0.00404574718363031,
0.00539432957817375),.UNSPECIFIED.);
#126=B_SPLINE_CURVE_WITH_KNOTS('',3,(#5459,#5460,#5461,#5462,#5463,#5464,
#5465),.UNSPECIFIED.,.F.,.F.,(4,1,1,1,4),(5.35765765494897E-19,0.00248231870987078,
0.00496463741974157,0.00744695612961235,0.00992927483948314),
 .UNSPECIFIED.);
#127=B_SPLINE_CURVE_WITH_KNOTS('',3,(#5469,#5470,#5471,#5472,#5473),
 .UNSPECIFIED.,.F.,.F.,(4,1,4),(0.,0.00256562565124857,0.00513125130249713),
 .UNSPECIFIED.);
#128=B_SPLINE_CURVE_WITH_KNOTS('',3,(#5519,#5520,#5521,#5522,#5523,#5524,
#5525,#5526,#5527,#5528,#5529),.UNSPECIFIED.,.T.,.F.,(1,1,1,1,1,1,1,1,1,
1,1,1,1,1,1),(-0.00744775260160927,-0.00496516840107284,-0.00248258420053642,
4.61040499045614E-23,0.00248258420053642,0.00496516840107284,0.00744775260160927,
0.00993033680214569,0.0124129210026821,0.0148955052032185,0.017378089403755,
0.0198606736042914,0.0223432578048278,0.0248258420053642,0.0273084262059006),
 .UNSPECIFIED.);
#129=B_SPLINE_CURVE_WITH_KNOTS('',3,(#5533,#5534,#5535,#5536,#5537,#5538,
#5539,#5540,#5541,#5542,#5543),.UNSPECIFIED.,.T.,.F.,(1,1,1,1,1,1,1,1,1,
1,1,1,1,1,1),(-0.00744775260160923,-0.00496516840107282,-0.00248258420053641,
3.62071121936174E-19,0.00248258420053641,0.00496516840107282,0.00744775260160923,
0.00993033680214565,0.0124129210026821,0.0148955052032185,0.0173780894037549,
0.0198606736042913,0.0223432578048277,0.0248258420053641,0.0273084262059005),
 .UNSPECIFIED.);
#130=CYLINDRICAL_SURFACE('',#3266,0.003175);
#131=CYLINDRICAL_SURFACE('',#3270,0.003175);
#132=CYLINDRICAL_SURFACE('',#3274,0.003175);
#133=CYLINDRICAL_SURFACE('',#3276,0.0381);
#134=CYLINDRICAL_SURFACE('',#3288,0.003175);
#135=CYLINDRICAL_SURFACE('',#3292,0.003175);
#136=CYLINDRICAL_SURFACE('',#3296,0.003175);
#137=CYLINDRICAL_SURFACE('',#3298,0.03556);
#138=CYLINDRICAL_SURFACE('',#3313,0.0381);
#139=CYLINDRICAL_SURFACE('',#3317,0.003175);
#140=CYLINDRICAL_SURFACE('',#3319,0.003175);
#141=CYLINDRICAL_SURFACE('',#3321,0.003175);
#142=CYLINDRICAL_SURFACE('',#3351,0.003175);
#143=CYLINDRICAL_SURFACE('',#3353,0.003175);
#144=CYLINDRICAL_SURFACE('',#3355,0.003175);
#145=CYLINDRICAL_SURFACE('',#3361,0.003175);
#146=CYLINDRICAL_SURFACE('',#3362,0.0328295);
#147=CYLINDRICAL_SURFACE('',#3365,0.0353695);
#148=CYLINDRICAL_SURFACE('',#3373,0.0508);
#149=CYLINDRICAL_SURFACE('',#3375,0.003175);
#150=CYLINDRICAL_SURFACE('',#3387,0.0565903618);
#151=CYLINDRICAL_SURFACE('',#3392,0.0508);
#152=CYLINDRICAL_SURFACE('',#3396,0.0508);
#153=CYLINDRICAL_SURFACE('',#3401,0.0565903617999997);
#154=CYLINDRICAL_SURFACE('',#3410,0.0381);
#155=CYLINDRICAL_SURFACE('',#3412,0.0381);
#156=CYLINDRICAL_SURFACE('',#3424,0.03302);
#157=CYLINDRICAL_SURFACE('',#3426,0.0353695);
#158=CYLINDRICAL_SURFACE('',#3430,0.003175);
#159=CYLINDRICAL_SURFACE('',#3433,0.003175);
#160=CYLINDRICAL_SURFACE('',#3447,0.05207);
#161=CYLINDRICAL_SURFACE('',#3457,0.009525);
#162=CYLINDRICAL_SURFACE('',#3459,0.009525);
#163=CYLINDRICAL_SURFACE('',#3461,0.009525);
#164=CYLINDRICAL_SURFACE('',#3463,0.009525);
#165=CYLINDRICAL_SURFACE('',#3476,0.003175);
#166=CYLINDRICAL_SURFACE('',#3480,0.003175);
#167=CYLINDRICAL_SURFACE('',#3484,0.00317500000000004);
#168=CYLINDRICAL_SURFACE('',#3486,0.0381);
#169=CYLINDRICAL_SURFACE('',#3491,0.03556);
#170=CYLINDRICAL_SURFACE('',#3498,0.0381);
#171=CYLINDRICAL_SURFACE('',#3506,0.03302);
#172=CYLINDRICAL_SURFACE('',#3509,0.0353695);
#173=CYLINDRICAL_SURFACE('',#3513,0.003175);
#174=CYLINDRICAL_SURFACE('',#3516,0.003175);
#175=CYLINDRICAL_SURFACE('',#3521,0.003175);
#176=CYLINDRICAL_SURFACE('',#3523,0.003175);
#177=CYLINDRICAL_SURFACE('',#3525,0.00317500000000004);
#178=CYLINDRICAL_SURFACE('',#3538,0.0015182746345152);
#179=CYLINDRICAL_SURFACE('',#3542,0.00762);
#180=CYLINDRICAL_SURFACE('',#3545,0.0381);
#181=CYLINDRICAL_SURFACE('',#3548,0.00762);
#182=CYLINDRICAL_SURFACE('',#3553,0.002794);
#183=CYLINDRICAL_SURFACE('',#3557,0.002794);
#184=CYLINDRICAL_SURFACE('',#3561,0.00635000000000018);
#185=CYLINDRICAL_SURFACE('',#3564,0.03937);
#186=CYLINDRICAL_SURFACE('',#3567,0.00635);
#187=CYLINDRICAL_SURFACE('',#3570,0.00151827463451514);
#188=CYLINDRICAL_SURFACE('',#3576,0.009525);
#189=CYLINDRICAL_SURFACE('',#3579,0.009525);
#190=CYLINDRICAL_SURFACE('',#3582,0.009525);
#191=CYLINDRICAL_SURFACE('',#3585,0.009525);
#192=CYLINDRICAL_SURFACE('',#3588,0.03556);
#193=LINE('',#4510,#433);
#194=LINE('',#4514,#434);
#195=LINE('',#4518,#435);
#196=LINE('',#4520,#436);
#197=LINE('',#4522,#437);
#198=LINE('',#4524,#438);
#199=LINE('',#4527,#439);
#200=LINE('',#4529,#440);
#201=LINE('',#4531,#441);
#202=LINE('',#4533,#442);
#203=LINE('',#4548,#443);
#204=LINE('',#4554,#444);
#205=LINE('',#4574,#445);
#206=LINE('',#4584,#446);
#207=LINE('',#4592,#447);
#208=LINE('',#4593,#448);
#209=LINE('',#4595,#449);
#210=LINE('',#4600,#450);
#211=LINE('',#4604,#451);
#212=LINE('',#4630,#452);
#213=LINE('',#4634,#453);
#214=LINE('',#4635,#454);
#215=LINE('',#4664,#455);
#216=LINE('',#4666,#456);
#217=LINE('',#4668,#457);
#218=LINE('',#4669,#458);
#219=LINE('',#4673,#459);
#220=LINE('',#4675,#460);
#221=LINE('',#4678,#461);
#222=LINE('',#4680,#462);
#223=LINE('',#4682,#463);
#224=LINE('',#4697,#464);
#225=LINE('',#4703,#465);
#226=LINE('',#4721,#466);
#227=LINE('',#4725,#467);
#228=LINE('',#4735,#468);
#229=LINE('',#4743,#469);
#230=LINE('',#4744,#470);
#231=LINE('',#4748,#471);
#232=LINE('',#4775,#472);
#233=LINE('',#4778,#473);
#234=LINE('',#4805,#474);
#235=LINE('',#4806,#475);
#236=LINE('',#4811,#476);
#237=LINE('',#4814,#477);
#238=LINE('',#4819,#478);
#239=LINE('',#4822,#479);
#240=LINE('',#4827,#480);
#241=LINE('',#4830,#481);
#242=LINE('',#4835,#482);
#243=LINE('',#4841,#483);
#244=LINE('',#4844,#484);
#245=LINE('',#4846,#485);
#246=LINE('',#4847,#486);
#247=LINE('',#4849,#487);
#248=LINE('',#4851,#488);
#249=LINE('',#4853,#489);
#250=LINE('',#4854,#490);
#251=LINE('',#4856,#491);
#252=LINE('',#4858,#492);
#253=LINE('',#4860,#493);
#254=LINE('',#4862,#494);
#255=LINE('',#4866,#495);
#256=LINE('',#4868,#496);
#257=LINE('',#4870,#497);
#258=LINE('',#4872,#498);
#259=LINE('',#4874,#499);
#260=LINE('',#4876,#500);
#261=LINE('',#4878,#501);
#262=LINE('',#4881,#502);
#263=LINE('',#4883,#503);
#264=LINE('',#4885,#504);
#265=LINE('',#4887,#505);
#266=LINE('',#4889,#506);
#267=LINE('',#4891,#507);
#268=LINE('',#4893,#508);
#269=LINE('',#4895,#509);
#270=LINE('',#4897,#510);
#271=LINE('',#4900,#511);
#272=LINE('',#4902,#512);
#273=LINE('',#4904,#513);
#274=LINE('',#4906,#514);
#275=LINE('',#4908,#515);
#276=LINE('',#4910,#516);
#277=LINE('',#4912,#517);
#278=LINE('',#4914,#518);
#279=LINE('',#4917,#519);
#280=LINE('',#4919,#520);
#281=LINE('',#4921,#521);
#282=LINE('',#4923,#522);
#283=LINE('',#4925,#523);
#284=LINE('',#4927,#524);
#285=LINE('',#4929,#525);
#286=LINE('',#4931,#526);
#287=LINE('',#4934,#527);
#288=LINE('',#4936,#528);
#289=LINE('',#4938,#529);
#290=LINE('',#4940,#530);
#291=LINE('',#4942,#531);
#292=LINE('',#4944,#532);
#293=LINE('',#4946,#533);
#294=LINE('',#4948,#534);
#295=LINE('',#4951,#535);
#296=LINE('',#4952,#536);
#297=LINE('',#4954,#537);
#298=LINE('',#4956,#538);
#299=LINE('',#4958,#539);
#300=LINE('',#4960,#540);
#301=LINE('',#5017,#541);
#302=LINE('',#5020,#542);
#303=LINE('',#5022,#543);
#304=LINE('',#5024,#544);
#305=LINE('',#5026,#545);
#306=LINE('',#5028,#546);
#307=LINE('',#5030,#547);
#308=LINE('',#5032,#548);
#309=LINE('',#5034,#549);
#310=LINE('',#5036,#550);
#311=LINE('',#5038,#551);
#312=LINE('',#5039,#552);
#313=LINE('',#5044,#553);
#314=LINE('',#5047,#554);
#315=LINE('',#5049,#555);
#316=LINE('',#5051,#556);
#317=LINE('',#5055,#557);
#318=LINE('',#5098,#558);
#319=LINE('',#5105,#559);
#320=LINE('',#5109,#560);
#321=LINE('',#5111,#561);
#322=LINE('',#5113,#562);
#323=LINE('',#5115,#563);
#324=LINE('',#5119,#564);
#325=LINE('',#5172,#565);
#326=LINE('',#5176,#566);
#327=LINE('',#5178,#567);
#328=LINE('',#5182,#568);
#329=LINE('',#5187,#569);
#330=LINE('',#5191,#570);
#331=LINE('',#5193,#571);
#332=LINE('',#5195,#572);
#333=LINE('',#5197,#573);
#334=LINE('',#5199,#574);
#335=LINE('',#5202,#575);
#336=LINE('',#5204,#576);
#337=LINE('',#5205,#577);
#338=LINE('',#5207,#578);
#339=LINE('',#5210,#579);
#340=LINE('',#5211,#580);
#341=LINE('',#5213,#581);
#342=LINE('',#5215,#582);
#343=LINE('',#5217,#583);
#344=LINE('',#5219,#584);
#345=LINE('',#5221,#585);
#346=LINE('',#5222,#586);
#347=LINE('',#5224,#587);
#348=LINE('',#5225,#588);
#349=LINE('',#5323,#589);
#350=LINE('',#5327,#590);
#351=LINE('',#5329,#591);
#352=LINE('',#5331,#592);
#353=LINE('',#5335,#593);
#354=LINE('',#5337,#594);
#355=LINE('',#5340,#595);
#356=LINE('',#5342,#596);
#357=LINE('',#5344,#597);
#358=LINE('',#5346,#598);
#359=LINE('',#5361,#599);
#360=LINE('',#5367,#600);
#361=LINE('',#5387,#601);
#362=LINE('',#5397,#602);
#363=LINE('',#5405,#603);
#364=LINE('',#5406,#604);
#365=LINE('',#5408,#605);
#366=LINE('',#5410,#606);
#367=LINE('',#5414,#607);
#368=LINE('',#5418,#608);
#369=LINE('',#5448,#609);
#370=LINE('',#5475,#610);
#371=LINE('',#5477,#611);
#372=LINE('',#5478,#612);
#373=LINE('',#5480,#613);
#374=LINE('',#5482,#614);
#375=LINE('',#5486,#615);
#376=LINE('',#5490,#616);
#377=LINE('',#5492,#617);
#378=LINE('',#5494,#618);
#379=LINE('',#5496,#619);
#380=LINE('',#5498,#620);
#381=LINE('',#5500,#621);
#382=LINE('',#5502,#622);
#383=LINE('',#5504,#623);
#384=LINE('',#5506,#624);
#385=LINE('',#5508,#625);
#386=LINE('',#5510,#626);
#387=LINE('',#5557,#627);
#388=LINE('',#5558,#628);
#389=LINE('',#5560,#629);
#390=LINE('',#5562,#630);
#391=LINE('',#5564,#631);
#392=LINE('',#5566,#632);
#393=LINE('',#5571,#633);
#394=LINE('',#5574,#634);
#395=LINE('',#5576,#635);
#396=LINE('',#5578,#636);
#397=LINE('',#5580,#637);
#398=LINE('',#5582,#638);
#399=LINE('',#5584,#639);
#400=LINE('',#5586,#640);
#401=LINE('',#5588,#641);
#402=LINE('',#5590,#642);
#403=LINE('',#5592,#643);
#404=LINE('',#5593,#644);
#405=LINE('',#5599,#645);
#406=LINE('',#5602,#646);
#407=LINE('',#5604,#647);
#408=LINE('',#5606,#648);
#409=LINE('',#5610,#649);
#410=LINE('',#5614,#650);
#411=LINE('',#5616,#651);
#412=LINE('',#5618,#652);
#413=LINE('',#5622,#653);
#414=LINE('',#5628,#654);
#415=LINE('',#5634,#655);
#416=LINE('',#5638,#656);
#417=LINE('',#5640,#657);
#418=LINE('',#5642,#658);
#419=LINE('',#5644,#659);
#420=LINE('',#5647,#660);
#421=LINE('',#5649,#661);
#422=LINE('',#5651,#662);
#423=LINE('',#5655,#663);
#424=LINE('',#5659,#664);
#425=LINE('',#5661,#665);
#426=LINE('',#5663,#666);
#427=LINE('',#5667,#667);
#428=LINE('',#5671,#668);
#429=LINE('',#5673,#669);
#430=LINE('',#5675,#670);
#431=LINE('',#5679,#671);
#432=LINE('',#5685,#672);
#433=VECTOR('',#3601,1.);
#434=VECTOR('',#3604,1.);
#435=VECTOR('',#3607,1.);
#436=VECTOR('',#3608,1.);
#437=VECTOR('',#3609,1.);
#438=VECTOR('',#3612,1.);
#439=VECTOR('',#3613,1.);
#440=VECTOR('',#3614,1.);
#441=VECTOR('',#3615,1.);
#442=VECTOR('',#3618,1.);
#443=VECTOR('',#3621,1.);
#444=VECTOR('',#3628,1.);
#445=VECTOR('',#3633,1.);
#446=VECTOR('',#3638,1.);
#447=VECTOR('',#3641,1.);
#448=VECTOR('',#3642,1.);
#449=VECTOR('',#3645,1.);
#450=VECTOR('',#3648,1.);
#451=VECTOR('',#3651,1.);
#452=VECTOR('',#3656,1.);
#453=VECTOR('',#3659,1.);
#454=VECTOR('',#3660,1.);
#455=VECTOR('',#3669,1.);
#456=VECTOR('',#3670,1.);
#457=VECTOR('',#3671,1.);
#458=VECTOR('',#3672,1.);
#459=VECTOR('',#3675,1.);
#460=VECTOR('',#3678,1.);
#461=VECTOR('',#3679,1.);
#462=VECTOR('',#3680,1.);
#463=VECTOR('',#3681,1.);
#464=VECTOR('',#3684,1.);
#465=VECTOR('',#3691,1.);
#466=VECTOR('',#3694,1.);
#467=VECTOR('',#3699,1.);
#468=VECTOR('',#3704,1.);
#469=VECTOR('',#3707,1.);
#470=VECTOR('',#3708,1.);
#471=VECTOR('',#3713,1.);
#472=VECTOR('',#3718,1.);
#473=VECTOR('',#3721,1.);
#474=VECTOR('',#3726,1.);
#475=VECTOR('',#3727,1.);
#476=VECTOR('',#3730,1.);
#477=VECTOR('',#3733,1.);
#478=VECTOR('',#3736,1.);
#479=VECTOR('',#3739,1.);
#480=VECTOR('',#3742,1.);
#481=VECTOR('',#3745,1.);
#482=VECTOR('',#3748,1.);
#483=VECTOR('',#3755,1.);
#484=VECTOR('',#3758,1.);
#485=VECTOR('',#3761,1.);
#486=VECTOR('',#3762,1.);
#487=VECTOR('',#3763,1.);
#488=VECTOR('',#3764,1.);
#489=VECTOR('',#3767,1.);
#490=VECTOR('',#3768,1.);
#491=VECTOR('',#3771,1.);
#492=VECTOR('',#3774,1.);
#493=VECTOR('',#3777,1.);
#494=VECTOR('',#3780,1.);
#495=VECTOR('',#3787,1.);
#496=VECTOR('',#3788,1.);
#497=VECTOR('',#3791,1.);
#498=VECTOR('',#3792,1.);
#499=VECTOR('',#3795,1.);
#500=VECTOR('',#3798,1.);
#501=VECTOR('',#3801,1.);
#502=VECTOR('',#3806,1.);
#503=VECTOR('',#3809,1.);
#504=VECTOR('',#3810,1.);
#505=VECTOR('',#3811,1.);
#506=VECTOR('',#3814,1.);
#507=VECTOR('',#3815,1.);
#508=VECTOR('',#3816,1.);
#509=VECTOR('',#3819,1.);
#510=VECTOR('',#3822,1.);
#511=VECTOR('',#3827,1.);
#512=VECTOR('',#3828,1.);
#513=VECTOR('',#3829,1.);
#514=VECTOR('',#3832,1.);
#515=VECTOR('',#3833,1.);
#516=VECTOR('',#3834,1.);
#517=VECTOR('',#3837,1.);
#518=VECTOR('',#3840,1.);
#519=VECTOR('',#3845,1.);
#520=VECTOR('',#3846,1.);
#521=VECTOR('',#3847,1.);
#522=VECTOR('',#3850,1.);
#523=VECTOR('',#3851,1.);
#524=VECTOR('',#3852,1.);
#525=VECTOR('',#3855,1.);
#526=VECTOR('',#3858,1.);
#527=VECTOR('',#3863,1.);
#528=VECTOR('',#3864,1.);
#529=VECTOR('',#3865,1.);
#530=VECTOR('',#3868,1.);
#531=VECTOR('',#3869,1.);
#532=VECTOR('',#3870,1.);
#533=VECTOR('',#3873,1.);
#534=VECTOR('',#3876,1.);
#535=VECTOR('',#3881,1.);
#536=VECTOR('',#3882,1.);
#537=VECTOR('',#3885,1.);
#538=VECTOR('',#3888,1.);
#539=VECTOR('',#3891,1.);
#540=VECTOR('',#3894,1.);
#541=VECTOR('',#3943,1.);
#542=VECTOR('',#3944,1.);
#543=VECTOR('',#3945,1.);
#544=VECTOR('',#3946,1.);
#545=VECTOR('',#3949,1.);
#546=VECTOR('',#3950,1.);
#547=VECTOR('',#3951,1.);
#548=VECTOR('',#3954,1.);
#549=VECTOR('',#3955,1.);
#550=VECTOR('',#3956,1.);
#551=VECTOR('',#3959,1.);
#552=VECTOR('',#3960,1.);
#553=VECTOR('',#3969,1.);
#554=VECTOR('',#3970,1.);
#555=VECTOR('',#3971,1.);
#556=VECTOR('',#3972,1.);
#557=VECTOR('',#3977,1.);
#558=VECTOR('',#3982,1.);
#559=VECTOR('',#3989,1.);
#560=VECTOR('',#3992,1.);
#561=VECTOR('',#3995,1.);
#562=VECTOR('',#3996,1.);
#563=VECTOR('',#3997,1.);
#564=VECTOR('',#4002,1.);
#565=VECTOR('',#4025,1.);
#566=VECTOR('',#4028,1.);
#567=VECTOR('',#4031,1.);
#568=VECTOR('',#4034,1.);
#569=VECTOR('',#4039,1.);
#570=VECTOR('',#4042,1.);
#571=VECTOR('',#4045,1.);
#572=VECTOR('',#4046,1.);
#573=VECTOR('',#4047,1.);
#574=VECTOR('',#4050,1.);
#575=VECTOR('',#4051,1.);
#576=VECTOR('',#4052,1.);
#577=VECTOR('',#4053,1.);
#578=VECTOR('',#4056,1.);
#579=VECTOR('',#4057,1.);
#580=VECTOR('',#4058,1.);
#581=VECTOR('',#4061,1.);
#582=VECTOR('',#4062,1.);
#583=VECTOR('',#4063,1.);
#584=VECTOR('',#4064,1.);
#585=VECTOR('',#4067,1.);
#586=VECTOR('',#4068,1.);
#587=VECTOR('',#4071,1.);
#588=VECTOR('',#4072,1.);
#589=VECTOR('',#4177,1.);
#590=VECTOR('',#4180,1.);
#591=VECTOR('',#4181,1.);
#592=VECTOR('',#4182,1.);
#593=VECTOR('',#4185,1.);
#594=VECTOR('',#4188,1.);
#595=VECTOR('',#4189,1.);
#596=VECTOR('',#4190,1.);
#597=VECTOR('',#4191,1.);
#598=VECTOR('',#4194,1.);
#599=VECTOR('',#4197,1.);
#600=VECTOR('',#4204,1.);
#601=VECTOR('',#4209,1.);
#602=VECTOR('',#4214,1.);
#603=VECTOR('',#4217,1.);
#604=VECTOR('',#4218,1.);
#605=VECTOR('',#4221,1.);
#606=VECTOR('',#4222,1.);
#607=VECTOR('',#4225,1.);
#608=VECTOR('',#4228,1.);
#609=VECTOR('',#4239,1.);
#610=VECTOR('',#4244,1.);
#611=VECTOR('',#4247,1.);
#612=VECTOR('',#4248,1.);
#613=VECTOR('',#4249,1.);
#614=VECTOR('',#4250,1.);
#615=VECTOR('',#4255,1.);
#616=VECTOR('',#4258,1.);
#617=VECTOR('',#4261,1.);
#618=VECTOR('',#4262,1.);
#619=VECTOR('',#4265,1.);
#620=VECTOR('',#4266,1.);
#621=VECTOR('',#4269,1.);
#622=VECTOR('',#4270,1.);
#623=VECTOR('',#4273,1.);
#624=VECTOR('',#4274,1.);
#625=VECTOR('',#4277,1.);
#626=VECTOR('',#4280,1.);
#627=VECTOR('',#4313,1.);
#628=VECTOR('',#4314,1.);
#629=VECTOR('',#4317,1.);
#630=VECTOR('',#4320,1.);
#631=VECTOR('',#4323,1.);
#632=VECTOR('',#4326,1.);
#633=VECTOR('',#4335,1.);
#634=VECTOR('',#4336,1.);
#635=VECTOR('',#4337,1.);
#636=VECTOR('',#4338,1.);
#637=VECTOR('',#4341,1.);
#638=VECTOR('',#4342,1.);
#639=VECTOR('',#4343,1.);
#640=VECTOR('',#4346,1.);
#641=VECTOR('',#4347,1.);
#642=VECTOR('',#4348,1.);
#643=VECTOR('',#4351,1.);
#644=VECTOR('',#4352,1.);
#645=VECTOR('',#4363,1.);
#646=VECTOR('',#4364,1.);
#647=VECTOR('',#4365,1.);
#648=VECTOR('',#4366,1.);
#649=VECTOR('',#4371,1.);
#650=VECTOR('',#4376,1.);
#651=VECTOR('',#4377,1.);
#652=VECTOR('',#4378,1.);
#653=VECTOR('',#4383,1.);
#654=VECTOR('',#4390,1.);
#655=VECTOR('',#4397,1.);
#656=VECTOR('',#4402,1.);
#657=VECTOR('',#4403,1.);
#658=VECTOR('',#4404,1.);
#659=VECTOR('',#4407,1.);
#660=VECTOR('',#4408,1.);
#661=VECTOR('',#4409,1.);
#662=VECTOR('',#4410,1.);
#663=VECTOR('',#4415,1.);
#664=VECTOR('',#4420,1.);
#665=VECTOR('',#4421,1.);
#666=VECTOR('',#4422,1.);
#667=VECTOR('',#4427,1.);
#668=VECTOR('',#4432,1.);
#669=VECTOR('',#4433,1.);
#670=VECTOR('',#4434,1.);
#671=VECTOR('',#4439,1.);
#672=VECTOR('',#4446,1.);
#673=ORIENTED_EDGE('',*,*,#1509,.F.);
#674=ORIENTED_EDGE('',*,*,#1510,.F.);
#675=ORIENTED_EDGE('',*,*,#1511,.T.);
#676=ORIENTED_EDGE('',*,*,#1512,.T.);
#677=ORIENTED_EDGE('',*,*,#1513,.F.);
#678=ORIENTED_EDGE('',*,*,#1514,.F.);
#679=ORIENTED_EDGE('',*,*,#1515,.F.);
#680=ORIENTED_EDGE('',*,*,#1516,.T.);
#681=ORIENTED_EDGE('',*,*,#1517,.T.);
#682=ORIENTED_EDGE('',*,*,#1518,.T.);
#683=ORIENTED_EDGE('',*,*,#1519,.F.);
#684=ORIENTED_EDGE('',*,*,#1520,.F.);
#685=ORIENTED_EDGE('',*,*,#1521,.T.);
#686=ORIENTED_EDGE('',*,*,#1522,.T.);
#687=ORIENTED_EDGE('',*,*,#1518,.F.);
#688=ORIENTED_EDGE('',*,*,#1523,.F.);
#689=ORIENTED_EDGE('',*,*,#1524,.T.);
#690=ORIENTED_EDGE('',*,*,#1525,.T.);
#691=ORIENTED_EDGE('',*,*,#1521,.F.);
#692=ORIENTED_EDGE('',*,*,#1526,.F.);
#693=ORIENTED_EDGE('',*,*,#1527,.T.);
#694=ORIENTED_EDGE('',*,*,#1528,.T.);
#695=ORIENTED_EDGE('',*,*,#1524,.F.);
#696=ORIENTED_EDGE('',*,*,#1529,.F.);
#697=ORIENTED_EDGE('',*,*,#1530,.T.);
#698=ORIENTED_EDGE('',*,*,#1531,.T.);
#699=ORIENTED_EDGE('',*,*,#1532,.F.);
#700=ORIENTED_EDGE('',*,*,#1527,.F.);
#701=ORIENTED_EDGE('',*,*,#1533,.T.);
#702=ORIENTED_EDGE('',*,*,#1534,.T.);
#703=ORIENTED_EDGE('',*,*,#1535,.F.);
#704=ORIENTED_EDGE('',*,*,#1531,.F.);
#705=ORIENTED_EDGE('',*,*,#1510,.T.);
#706=ORIENTED_EDGE('',*,*,#1536,.T.);
#707=ORIENTED_EDGE('',*,*,#1534,.F.);
#708=ORIENTED_EDGE('',*,*,#1537,.F.);
#709=ORIENTED_EDGE('',*,*,#1538,.F.);
#710=ORIENTED_EDGE('',*,*,#1539,.T.);
#711=ORIENTED_EDGE('',*,*,#1540,.T.);
#712=ORIENTED_EDGE('',*,*,#1541,.F.);
#713=ORIENTED_EDGE('',*,*,#1542,.T.);
#714=ORIENTED_EDGE('',*,*,#1543,.F.);
#715=ORIENTED_EDGE('',*,*,#1544,.F.);
#716=ORIENTED_EDGE('',*,*,#1545,.T.);
#717=ORIENTED_EDGE('',*,*,#1546,.T.);
#718=ORIENTED_EDGE('',*,*,#1547,.T.);
#719=ORIENTED_EDGE('',*,*,#1548,.F.);
#720=ORIENTED_EDGE('',*,*,#1549,.F.);
#721=ORIENTED_EDGE('',*,*,#1550,.F.);
#722=ORIENTED_EDGE('',*,*,#1513,.T.);
#723=ORIENTED_EDGE('',*,*,#1551,.T.);
#724=ORIENTED_EDGE('',*,*,#1552,.F.);
#725=ORIENTED_EDGE('',*,*,#1553,.F.);
#726=ORIENTED_EDGE('',*,*,#1554,.F.);
#727=ORIENTED_EDGE('',*,*,#1555,.T.);
#728=ORIENTED_EDGE('',*,*,#1556,.T.);
#729=ORIENTED_EDGE('',*,*,#1557,.T.);
#730=ORIENTED_EDGE('',*,*,#1558,.F.);
#731=ORIENTED_EDGE('',*,*,#1559,.T.);
#732=ORIENTED_EDGE('',*,*,#1560,.T.);
#733=ORIENTED_EDGE('',*,*,#1549,.T.);
#734=ORIENTED_EDGE('',*,*,#1561,.F.);
#735=ORIENTED_EDGE('',*,*,#1562,.F.);
#736=ORIENTED_EDGE('',*,*,#1563,.T.);
#737=ORIENTED_EDGE('',*,*,#1564,.T.);
#738=ORIENTED_EDGE('',*,*,#1565,.T.);
#739=ORIENTED_EDGE('',*,*,#1566,.F.);
#740=ORIENTED_EDGE('',*,*,#1567,.F.);
#741=ORIENTED_EDGE('',*,*,#1568,.T.);
#742=ORIENTED_EDGE('',*,*,#1566,.T.);
#743=ORIENTED_EDGE('',*,*,#1569,.F.);
#744=ORIENTED_EDGE('',*,*,#1570,.F.);
#745=ORIENTED_EDGE('',*,*,#1571,.T.);
#746=ORIENTED_EDGE('',*,*,#1570,.T.);
#747=ORIENTED_EDGE('',*,*,#1572,.F.);
#748=ORIENTED_EDGE('',*,*,#1573,.F.);
#749=ORIENTED_EDGE('',*,*,#1574,.T.);
#750=ORIENTED_EDGE('',*,*,#1573,.T.);
#751=ORIENTED_EDGE('',*,*,#1575,.F.);
#752=ORIENTED_EDGE('',*,*,#1576,.F.);
#753=ORIENTED_EDGE('',*,*,#1576,.T.);
#754=ORIENTED_EDGE('',*,*,#1577,.T.);
#755=ORIENTED_EDGE('',*,*,#1578,.F.);
#756=ORIENTED_EDGE('',*,*,#1579,.F.);
#757=ORIENTED_EDGE('',*,*,#1578,.T.);
#758=ORIENTED_EDGE('',*,*,#1580,.T.);
#759=ORIENTED_EDGE('',*,*,#1581,.F.);
#760=ORIENTED_EDGE('',*,*,#1582,.F.);
#761=ORIENTED_EDGE('',*,*,#1583,.T.);
#762=ORIENTED_EDGE('',*,*,#1581,.T.);
#763=ORIENTED_EDGE('',*,*,#1584,.F.);
#764=ORIENTED_EDGE('',*,*,#1563,.F.);
#765=ORIENTED_EDGE('',*,*,#1585,.F.);
#766=ORIENTED_EDGE('',*,*,#1586,.T.);
#767=ORIENTED_EDGE('',*,*,#1587,.F.);
#768=ORIENTED_EDGE('',*,*,#1588,.F.);
#769=ORIENTED_EDGE('',*,*,#1589,.T.);
#770=ORIENTED_EDGE('',*,*,#1590,.T.);
#771=ORIENTED_EDGE('',*,*,#1591,.T.);
#772=ORIENTED_EDGE('',*,*,#1592,.F.);
#773=ORIENTED_EDGE('',*,*,#1511,.F.);
#774=ORIENTED_EDGE('',*,*,#1537,.T.);
#775=ORIENTED_EDGE('',*,*,#1533,.F.);
#776=ORIENTED_EDGE('',*,*,#1530,.F.);
#777=ORIENTED_EDGE('',*,*,#1529,.T.);
#778=ORIENTED_EDGE('',*,*,#1526,.T.);
#779=ORIENTED_EDGE('',*,*,#1523,.T.);
#780=ORIENTED_EDGE('',*,*,#1517,.F.);
#781=ORIENTED_EDGE('',*,*,#1593,.T.);
#782=ORIENTED_EDGE('',*,*,#1567,.T.);
#783=ORIENTED_EDGE('',*,*,#1568,.F.);
#784=ORIENTED_EDGE('',*,*,#1571,.F.);
#785=ORIENTED_EDGE('',*,*,#1574,.F.);
#786=ORIENTED_EDGE('',*,*,#1579,.T.);
#787=ORIENTED_EDGE('',*,*,#1582,.T.);
#788=ORIENTED_EDGE('',*,*,#1583,.F.);
#789=ORIENTED_EDGE('',*,*,#1562,.T.);
#790=ORIENTED_EDGE('',*,*,#1594,.T.);
#791=ORIENTED_EDGE('',*,*,#1595,.F.);
#792=ORIENTED_EDGE('',*,*,#1596,.F.);
#793=ORIENTED_EDGE('',*,*,#1597,.F.);
#794=ORIENTED_EDGE('',*,*,#1598,.T.);
#795=ORIENTED_EDGE('',*,*,#1599,.T.);
#796=ORIENTED_EDGE('',*,*,#1600,.F.);
#797=ORIENTED_EDGE('',*,*,#1601,.T.);
#798=ORIENTED_EDGE('',*,*,#1602,.T.);
#799=ORIENTED_EDGE('',*,*,#1603,.F.);
#800=ORIENTED_EDGE('',*,*,#1604,.F.);
#801=ORIENTED_EDGE('',*,*,#1605,.T.);
#802=ORIENTED_EDGE('',*,*,#1606,.T.);
#803=ORIENTED_EDGE('',*,*,#1607,.F.);
#804=ORIENTED_EDGE('',*,*,#1608,.F.);
#805=ORIENTED_EDGE('',*,*,#1609,.T.);
#806=ORIENTED_EDGE('',*,*,#1610,.T.);
#807=ORIENTED_EDGE('',*,*,#1611,.F.);
#808=ORIENTED_EDGE('',*,*,#1612,.F.);
#809=ORIENTED_EDGE('',*,*,#1613,.T.);
#810=ORIENTED_EDGE('',*,*,#1614,.T.);
#811=ORIENTED_EDGE('',*,*,#1615,.F.);
#812=ORIENTED_EDGE('',*,*,#1616,.F.);
#813=ORIENTED_EDGE('',*,*,#1617,.T.);
#814=ORIENTED_EDGE('',*,*,#1519,.T.);
#815=ORIENTED_EDGE('',*,*,#1522,.F.);
#816=ORIENTED_EDGE('',*,*,#1525,.F.);
#817=ORIENTED_EDGE('',*,*,#1528,.F.);
#818=ORIENTED_EDGE('',*,*,#1532,.T.);
#819=ORIENTED_EDGE('',*,*,#1535,.T.);
#820=ORIENTED_EDGE('',*,*,#1536,.F.);
#821=ORIENTED_EDGE('',*,*,#1509,.T.);
#822=ORIENTED_EDGE('',*,*,#1618,.T.);
#823=ORIENTED_EDGE('',*,*,#1557,.F.);
#824=ORIENTED_EDGE('',*,*,#1584,.T.);
#825=ORIENTED_EDGE('',*,*,#1580,.F.);
#826=ORIENTED_EDGE('',*,*,#1577,.F.);
#827=ORIENTED_EDGE('',*,*,#1575,.T.);
#828=ORIENTED_EDGE('',*,*,#1572,.T.);
#829=ORIENTED_EDGE('',*,*,#1569,.T.);
#830=ORIENTED_EDGE('',*,*,#1565,.F.);
#831=ORIENTED_EDGE('',*,*,#1619,.F.);
#832=ORIENTED_EDGE('',*,*,#1620,.F.);
#833=ORIENTED_EDGE('',*,*,#1619,.T.);
#834=ORIENTED_EDGE('',*,*,#1564,.F.);
#835=ORIENTED_EDGE('',*,*,#1593,.F.);
#836=ORIENTED_EDGE('',*,*,#1621,.T.);
#837=ORIENTED_EDGE('',*,*,#1541,.T.);
#838=ORIENTED_EDGE('',*,*,#1622,.F.);
#839=ORIENTED_EDGE('',*,*,#1623,.F.);
#840=ORIENTED_EDGE('',*,*,#1624,.T.);
#841=ORIENTED_EDGE('',*,*,#1595,.T.);
#842=ORIENTED_EDGE('',*,*,#1625,.T.);
#843=ORIENTED_EDGE('',*,*,#1547,.F.);
#844=ORIENTED_EDGE('',*,*,#1626,.F.);
#845=ORIENTED_EDGE('',*,*,#1596,.T.);
#846=ORIENTED_EDGE('',*,*,#1626,.T.);
#847=ORIENTED_EDGE('',*,*,#1546,.F.);
#848=ORIENTED_EDGE('',*,*,#1627,.F.);
#849=ORIENTED_EDGE('',*,*,#1597,.T.);
#850=ORIENTED_EDGE('',*,*,#1627,.T.);
#851=ORIENTED_EDGE('',*,*,#1545,.F.);
#852=ORIENTED_EDGE('',*,*,#1628,.F.);
#853=ORIENTED_EDGE('',*,*,#1628,.T.);
#854=ORIENTED_EDGE('',*,*,#1544,.T.);
#855=ORIENTED_EDGE('',*,*,#1629,.F.);
#856=ORIENTED_EDGE('',*,*,#1598,.F.);
#857=ORIENTED_EDGE('',*,*,#1629,.T.);
#858=ORIENTED_EDGE('',*,*,#1543,.T.);
#859=ORIENTED_EDGE('',*,*,#1630,.F.);
#860=ORIENTED_EDGE('',*,*,#1599,.F.);
#861=ORIENTED_EDGE('',*,*,#1561,.T.);
#862=ORIENTED_EDGE('',*,*,#1548,.T.);
#863=ORIENTED_EDGE('',*,*,#1625,.F.);
#864=ORIENTED_EDGE('',*,*,#1594,.F.);
#865=ORIENTED_EDGE('',*,*,#1600,.T.);
#866=ORIENTED_EDGE('',*,*,#1630,.T.);
#867=ORIENTED_EDGE('',*,*,#1542,.F.);
#868=ORIENTED_EDGE('',*,*,#1621,.F.);
#869=ORIENTED_EDGE('',*,*,#1620,.T.);
#870=ORIENTED_EDGE('',*,*,#1624,.F.);
#871=ORIENTED_EDGE('',*,*,#1631,.T.);
#872=ORIENTED_EDGE('',*,*,#1632,.T.);
#873=ORIENTED_EDGE('',*,*,#1540,.F.);
#874=ORIENTED_EDGE('',*,*,#1633,.F.);
#875=ORIENTED_EDGE('',*,*,#1634,.F.);
#876=ORIENTED_EDGE('',*,*,#1622,.T.);
#877=ORIENTED_EDGE('',*,*,#1635,.F.);
#878=ORIENTED_EDGE('',*,*,#1631,.F.);
#879=ORIENTED_EDGE('',*,*,#1623,.T.);
#880=ORIENTED_EDGE('',*,*,#1634,.T.);
#881=ORIENTED_EDGE('',*,*,#1618,.F.);
#882=ORIENTED_EDGE('',*,*,#1516,.F.);
#883=ORIENTED_EDGE('',*,*,#1636,.F.);
#884=ORIENTED_EDGE('',*,*,#1558,.T.);
#885=ORIENTED_EDGE('',*,*,#1550,.T.);
#886=ORIENTED_EDGE('',*,*,#1560,.F.);
#887=ORIENTED_EDGE('',*,*,#1637,.T.);
#888=ORIENTED_EDGE('',*,*,#1514,.T.);
#889=ORIENTED_EDGE('',*,*,#1515,.T.);
#890=ORIENTED_EDGE('',*,*,#1637,.F.);
#891=ORIENTED_EDGE('',*,*,#1559,.F.);
#892=ORIENTED_EDGE('',*,*,#1636,.T.);
#893=ORIENTED_EDGE('',*,*,#1617,.F.);
#894=ORIENTED_EDGE('',*,*,#1632,.F.);
#895=ORIENTED_EDGE('',*,*,#1635,.T.);
#896=ORIENTED_EDGE('',*,*,#1633,.T.);
#897=ORIENTED_EDGE('',*,*,#1539,.F.);
#898=ORIENTED_EDGE('',*,*,#1638,.F.);
#899=ORIENTED_EDGE('',*,*,#1585,.T.);
#900=ORIENTED_EDGE('',*,*,#1520,.T.);
#901=ORIENTED_EDGE('',*,*,#1602,.F.);
#902=ORIENTED_EDGE('',*,*,#1639,.F.);
#903=ORIENTED_EDGE('',*,*,#1640,.F.);
#904=ORIENTED_EDGE('',*,*,#1641,.T.);
#905=ORIENTED_EDGE('',*,*,#1642,.T.);
#906=ORIENTED_EDGE('',*,*,#1604,.T.);
#907=ORIENTED_EDGE('',*,*,#1643,.F.);
#908=ORIENTED_EDGE('',*,*,#1644,.T.);
#909=ORIENTED_EDGE('',*,*,#1643,.T.);
#910=ORIENTED_EDGE('',*,*,#1603,.T.);
#911=ORIENTED_EDGE('',*,*,#1641,.F.);
#912=ORIENTED_EDGE('',*,*,#1645,.T.);
#913=ORIENTED_EDGE('',*,*,#1601,.F.);
#914=ORIENTED_EDGE('',*,*,#1642,.F.);
#915=ORIENTED_EDGE('',*,*,#1646,.F.);
#916=ORIENTED_EDGE('',*,*,#1639,.T.);
#917=ORIENTED_EDGE('',*,*,#1640,.T.);
#918=ORIENTED_EDGE('',*,*,#1646,.T.);
#919=ORIENTED_EDGE('',*,*,#1644,.F.);
#920=ORIENTED_EDGE('',*,*,#1645,.F.);
#921=ORIENTED_EDGE('',*,*,#1606,.F.);
#922=ORIENTED_EDGE('',*,*,#1647,.F.);
#923=ORIENTED_EDGE('',*,*,#1648,.F.);
#924=ORIENTED_EDGE('',*,*,#1649,.T.);
#925=ORIENTED_EDGE('',*,*,#1650,.T.);
#926=ORIENTED_EDGE('',*,*,#1608,.T.);
#927=ORIENTED_EDGE('',*,*,#1651,.F.);
#928=ORIENTED_EDGE('',*,*,#1652,.T.);
#929=ORIENTED_EDGE('',*,*,#1651,.T.);
#930=ORIENTED_EDGE('',*,*,#1607,.T.);
#931=ORIENTED_EDGE('',*,*,#1649,.F.);
#932=ORIENTED_EDGE('',*,*,#1653,.T.);
#933=ORIENTED_EDGE('',*,*,#1605,.F.);
#934=ORIENTED_EDGE('',*,*,#1650,.F.);
#935=ORIENTED_EDGE('',*,*,#1654,.F.);
#936=ORIENTED_EDGE('',*,*,#1647,.T.);
#937=ORIENTED_EDGE('',*,*,#1648,.T.);
#938=ORIENTED_EDGE('',*,*,#1654,.T.);
#939=ORIENTED_EDGE('',*,*,#1652,.F.);
#940=ORIENTED_EDGE('',*,*,#1653,.F.);
#941=ORIENTED_EDGE('',*,*,#1610,.F.);
#942=ORIENTED_EDGE('',*,*,#1655,.F.);
#943=ORIENTED_EDGE('',*,*,#1656,.F.);
#944=ORIENTED_EDGE('',*,*,#1657,.T.);
#945=ORIENTED_EDGE('',*,*,#1658,.T.);
#946=ORIENTED_EDGE('',*,*,#1612,.T.);
#947=ORIENTED_EDGE('',*,*,#1659,.F.);
#948=ORIENTED_EDGE('',*,*,#1660,.T.);
#949=ORIENTED_EDGE('',*,*,#1659,.T.);
#950=ORIENTED_EDGE('',*,*,#1611,.T.);
#951=ORIENTED_EDGE('',*,*,#1657,.F.);
#952=ORIENTED_EDGE('',*,*,#1661,.T.);
#953=ORIENTED_EDGE('',*,*,#1609,.F.);
#954=ORIENTED_EDGE('',*,*,#1658,.F.);
#955=ORIENTED_EDGE('',*,*,#1662,.F.);
#956=ORIENTED_EDGE('',*,*,#1655,.T.);
#957=ORIENTED_EDGE('',*,*,#1656,.T.);
#958=ORIENTED_EDGE('',*,*,#1662,.T.);
#959=ORIENTED_EDGE('',*,*,#1660,.F.);
#960=ORIENTED_EDGE('',*,*,#1661,.F.);
#961=ORIENTED_EDGE('',*,*,#1614,.F.);
#962=ORIENTED_EDGE('',*,*,#1663,.F.);
#963=ORIENTED_EDGE('',*,*,#1664,.F.);
#964=ORIENTED_EDGE('',*,*,#1665,.T.);
#965=ORIENTED_EDGE('',*,*,#1666,.T.);
#966=ORIENTED_EDGE('',*,*,#1616,.T.);
#967=ORIENTED_EDGE('',*,*,#1667,.F.);
#968=ORIENTED_EDGE('',*,*,#1668,.T.);
#969=ORIENTED_EDGE('',*,*,#1667,.T.);
#970=ORIENTED_EDGE('',*,*,#1615,.T.);
#971=ORIENTED_EDGE('',*,*,#1665,.F.);
#972=ORIENTED_EDGE('',*,*,#1669,.T.);
#973=ORIENTED_EDGE('',*,*,#1613,.F.);
#974=ORIENTED_EDGE('',*,*,#1666,.F.);
#975=ORIENTED_EDGE('',*,*,#1670,.F.);
#976=ORIENTED_EDGE('',*,*,#1663,.T.);
#977=ORIENTED_EDGE('',*,*,#1664,.T.);
#978=ORIENTED_EDGE('',*,*,#1670,.T.);
#979=ORIENTED_EDGE('',*,*,#1668,.F.);
#980=ORIENTED_EDGE('',*,*,#1669,.F.);
#981=ORIENTED_EDGE('',*,*,#1587,.T.);
#982=ORIENTED_EDGE('',*,*,#1671,.T.);
#983=ORIENTED_EDGE('',*,*,#1556,.F.);
#984=ORIENTED_EDGE('',*,*,#1672,.F.);
#985=ORIENTED_EDGE('',*,*,#1588,.T.);
#986=ORIENTED_EDGE('',*,*,#1672,.T.);
#987=ORIENTED_EDGE('',*,*,#1555,.F.);
#988=ORIENTED_EDGE('',*,*,#1673,.F.);
#989=ORIENTED_EDGE('',*,*,#1673,.T.);
#990=ORIENTED_EDGE('',*,*,#1554,.T.);
#991=ORIENTED_EDGE('',*,*,#1674,.F.);
#992=ORIENTED_EDGE('',*,*,#1589,.F.);
#993=ORIENTED_EDGE('',*,*,#1674,.T.);
#994=ORIENTED_EDGE('',*,*,#1553,.T.);
#995=ORIENTED_EDGE('',*,*,#1675,.F.);
#996=ORIENTED_EDGE('',*,*,#1590,.F.);
#997=ORIENTED_EDGE('',*,*,#1675,.T.);
#998=ORIENTED_EDGE('',*,*,#1552,.T.);
#999=ORIENTED_EDGE('',*,*,#1676,.F.);
#1000=ORIENTED_EDGE('',*,*,#1591,.F.);
#1001=ORIENTED_EDGE('',*,*,#1592,.T.);
#1002=ORIENTED_EDGE('',*,*,#1676,.T.);
#1003=ORIENTED_EDGE('',*,*,#1551,.F.);
#1004=ORIENTED_EDGE('',*,*,#1512,.F.);
#1005=ORIENTED_EDGE('',*,*,#1638,.T.);
#1006=ORIENTED_EDGE('',*,*,#1538,.T.);
#1007=ORIENTED_EDGE('',*,*,#1671,.F.);
#1008=ORIENTED_EDGE('',*,*,#1586,.F.);
#1009=ORIENTED_EDGE('',*,*,#1677,.T.);
#1010=ORIENTED_EDGE('',*,*,#1678,.F.);
#1011=ORIENTED_EDGE('',*,*,#1677,.F.);
#1012=ORIENTED_EDGE('',*,*,#1679,.T.);
#1013=ORIENTED_EDGE('',*,*,#1680,.F.);
#1014=ORIENTED_EDGE('',*,*,#1678,.T.);
#1015=ORIENTED_EDGE('',*,*,#1681,.T.);
#1016=ORIENTED_EDGE('',*,*,#1682,.F.);
#1017=ORIENTED_EDGE('',*,*,#1683,.T.);
#1018=ORIENTED_EDGE('',*,*,#1680,.T.);
#1019=ORIENTED_EDGE('',*,*,#1683,.F.);
#1020=ORIENTED_EDGE('',*,*,#1682,.T.);
#1021=ORIENTED_EDGE('',*,*,#1684,.F.);
#1022=ORIENTED_EDGE('',*,*,#1685,.T.);
#1023=ORIENTED_EDGE('',*,*,#1685,.F.);
#1024=ORIENTED_EDGE('',*,*,#1684,.T.);
#1025=ORIENTED_EDGE('',*,*,#1679,.F.);
#1026=ORIENTED_EDGE('',*,*,#1681,.F.);
#1027=ORIENTED_EDGE('',*,*,#1686,.F.);
#1028=ORIENTED_EDGE('',*,*,#1686,.T.);
#1029=ORIENTED_EDGE('',*,*,#1687,.F.);
#1030=ORIENTED_EDGE('',*,*,#1688,.F.);
#1031=ORIENTED_EDGE('',*,*,#1689,.T.);
#1032=ORIENTED_EDGE('',*,*,#1690,.T.);
#1033=ORIENTED_EDGE('',*,*,#1691,.T.);
#1034=ORIENTED_EDGE('',*,*,#1692,.F.);
#1035=ORIENTED_EDGE('',*,*,#1693,.F.);
#1036=ORIENTED_EDGE('',*,*,#1688,.T.);
#1037=ORIENTED_EDGE('',*,*,#1694,.T.);
#1038=ORIENTED_EDGE('',*,*,#1695,.F.);
#1039=ORIENTED_EDGE('',*,*,#1696,.F.);
#1040=ORIENTED_EDGE('',*,*,#1692,.T.);
#1041=ORIENTED_EDGE('',*,*,#1697,.F.);
#1042=ORIENTED_EDGE('',*,*,#1690,.F.);
#1043=ORIENTED_EDGE('',*,*,#1698,.T.);
#1044=ORIENTED_EDGE('',*,*,#1695,.T.);
#1045=ORIENTED_EDGE('',*,*,#1689,.F.);
#1046=ORIENTED_EDGE('',*,*,#1693,.T.);
#1047=ORIENTED_EDGE('',*,*,#1696,.T.);
#1048=ORIENTED_EDGE('',*,*,#1698,.F.);
#1049=ORIENTED_EDGE('',*,*,#1687,.T.);
#1050=ORIENTED_EDGE('',*,*,#1697,.T.);
#1051=ORIENTED_EDGE('',*,*,#1694,.F.);
#1052=ORIENTED_EDGE('',*,*,#1691,.F.);
#1053=ORIENTED_EDGE('',*,*,#1699,.F.);
#1054=ORIENTED_EDGE('',*,*,#1700,.F.);
#1055=ORIENTED_EDGE('',*,*,#1701,.T.);
#1056=ORIENTED_EDGE('',*,*,#1702,.T.);
#1057=ORIENTED_EDGE('',*,*,#1703,.T.);
#1058=ORIENTED_EDGE('',*,*,#1704,.F.);
#1059=ORIENTED_EDGE('',*,*,#1705,.F.);
#1060=ORIENTED_EDGE('',*,*,#1700,.T.);
#1061=ORIENTED_EDGE('',*,*,#1706,.T.);
#1062=ORIENTED_EDGE('',*,*,#1707,.F.);
#1063=ORIENTED_EDGE('',*,*,#1708,.F.);
#1064=ORIENTED_EDGE('',*,*,#1704,.T.);
#1065=ORIENTED_EDGE('',*,*,#1709,.F.);
#1066=ORIENTED_EDGE('',*,*,#1710,.F.);
#1067=ORIENTED_EDGE('',*,*,#1711,.T.);
#1068=ORIENTED_EDGE('',*,*,#1712,.T.);
#1069=ORIENTED_EDGE('',*,*,#1713,.T.);
#1070=ORIENTED_EDGE('',*,*,#1714,.F.);
#1071=ORIENTED_EDGE('',*,*,#1715,.F.);
#1072=ORIENTED_EDGE('',*,*,#1710,.T.);
#1073=ORIENTED_EDGE('',*,*,#1716,.F.);
#1074=ORIENTED_EDGE('',*,*,#1717,.F.);
#1075=ORIENTED_EDGE('',*,*,#1718,.T.);
#1076=ORIENTED_EDGE('',*,*,#1714,.T.);
#1077=ORIENTED_EDGE('',*,*,#1719,.F.);
#1078=ORIENTED_EDGE('',*,*,#1712,.F.);
#1079=ORIENTED_EDGE('',*,*,#1720,.T.);
#1080=ORIENTED_EDGE('',*,*,#1717,.T.);
#1081=ORIENTED_EDGE('',*,*,#1721,.T.);
#1082=ORIENTED_EDGE('',*,*,#1702,.F.);
#1083=ORIENTED_EDGE('',*,*,#1722,.F.);
#1084=ORIENTED_EDGE('',*,*,#1707,.T.);
#1085=ORIENTED_EDGE('',*,*,#1711,.F.);
#1086=ORIENTED_EDGE('',*,*,#1715,.T.);
#1087=ORIENTED_EDGE('',*,*,#1718,.F.);
#1088=ORIENTED_EDGE('',*,*,#1720,.F.);
#1089=ORIENTED_EDGE('',*,*,#1701,.F.);
#1090=ORIENTED_EDGE('',*,*,#1705,.T.);
#1091=ORIENTED_EDGE('',*,*,#1708,.T.);
#1092=ORIENTED_EDGE('',*,*,#1722,.T.);
#1093=ORIENTED_EDGE('',*,*,#1709,.T.);
#1094=ORIENTED_EDGE('',*,*,#1719,.T.);
#1095=ORIENTED_EDGE('',*,*,#1716,.T.);
#1096=ORIENTED_EDGE('',*,*,#1713,.F.);
#1097=ORIENTED_EDGE('',*,*,#1699,.T.);
#1098=ORIENTED_EDGE('',*,*,#1721,.F.);
#1099=ORIENTED_EDGE('',*,*,#1706,.F.);
#1100=ORIENTED_EDGE('',*,*,#1703,.F.);
#1101=ORIENTED_EDGE('',*,*,#1723,.F.);
#1102=ORIENTED_EDGE('',*,*,#1724,.F.);
#1103=ORIENTED_EDGE('',*,*,#1725,.T.);
#1104=ORIENTED_EDGE('',*,*,#1726,.T.);
#1105=ORIENTED_EDGE('',*,*,#1725,.F.);
#1106=ORIENTED_EDGE('',*,*,#1727,.T.);
#1107=ORIENTED_EDGE('',*,*,#1728,.T.);
#1108=ORIENTED_EDGE('',*,*,#1729,.F.);
#1109=ORIENTED_EDGE('',*,*,#1730,.F.);
#1110=ORIENTED_EDGE('',*,*,#1731,.T.);
#1111=ORIENTED_EDGE('',*,*,#1732,.T.);
#1112=ORIENTED_EDGE('',*,*,#1733,.F.);
#1113=ORIENTED_EDGE('',*,*,#1724,.T.);
#1114=ORIENTED_EDGE('',*,*,#1734,.T.);
#1115=ORIENTED_EDGE('',*,*,#1735,.T.);
#1116=ORIENTED_EDGE('',*,*,#1736,.F.);
#1117=ORIENTED_EDGE('',*,*,#1727,.F.);
#1118=ORIENTED_EDGE('',*,*,#1737,.F.);
#1119=ORIENTED_EDGE('',*,*,#1738,.F.);
#1120=ORIENTED_EDGE('',*,*,#1739,.F.);
#1121=ORIENTED_EDGE('',*,*,#1733,.T.);
#1122=ORIENTED_EDGE('',*,*,#1740,.T.);
#1123=ORIENTED_EDGE('',*,*,#1741,.F.);
#1124=ORIENTED_EDGE('',*,*,#1742,.F.);
#1125=ORIENTED_EDGE('',*,*,#1726,.F.);
#1126=ORIENTED_EDGE('',*,*,#1729,.T.);
#1127=ORIENTED_EDGE('',*,*,#1743,.T.);
#1128=ORIENTED_EDGE('',*,*,#1744,.T.);
#1129=ORIENTED_EDGE('',*,*,#1745,.T.);
#1130=ORIENTED_EDGE('',*,*,#1746,.T.);
#1131=ORIENTED_EDGE('',*,*,#1747,.F.);
#1132=ORIENTED_EDGE('',*,*,#1731,.F.);
#1133=ORIENTED_EDGE('',*,*,#1735,.F.);
#1134=ORIENTED_EDGE('',*,*,#1748,.F.);
#1135=ORIENTED_EDGE('',*,*,#1737,.T.);
#1136=ORIENTED_EDGE('',*,*,#1749,.F.);
#1137=ORIENTED_EDGE('',*,*,#1746,.F.);
#1138=ORIENTED_EDGE('',*,*,#1750,.F.);
#1139=ORIENTED_EDGE('',*,*,#1741,.T.);
#1140=ORIENTED_EDGE('',*,*,#1751,.T.);
#1141=ORIENTED_EDGE('',*,*,#1752,.F.);
#1142=ORIENTED_EDGE('',*,*,#1753,.T.);
#1143=ORIENTED_EDGE('',*,*,#1754,.T.);
#1144=ORIENTED_EDGE('',*,*,#1752,.T.);
#1145=ORIENTED_EDGE('',*,*,#1755,.T.);
#1146=ORIENTED_EDGE('',*,*,#1756,.F.);
#1147=ORIENTED_EDGE('',*,*,#1757,.F.);
#1148=ORIENTED_EDGE('',*,*,#1758,.T.);
#1149=ORIENTED_EDGE('',*,*,#1757,.T.);
#1150=ORIENTED_EDGE('',*,*,#1751,.F.);
#1151=ORIENTED_EDGE('',*,*,#1743,.F.);
#1152=ORIENTED_EDGE('',*,*,#1728,.F.);
#1153=ORIENTED_EDGE('',*,*,#1736,.T.);
#1154=ORIENTED_EDGE('',*,*,#1749,.T.);
#1155=ORIENTED_EDGE('',*,*,#1740,.F.);
#1156=ORIENTED_EDGE('',*,*,#1732,.F.);
#1157=ORIENTED_EDGE('',*,*,#1747,.T.);
#1158=ORIENTED_EDGE('',*,*,#1756,.T.);
#1159=ORIENTED_EDGE('',*,*,#1759,.F.);
#1160=ORIENTED_EDGE('',*,*,#1759,.T.);
#1161=ORIENTED_EDGE('',*,*,#1758,.F.);
#1162=ORIENTED_EDGE('',*,*,#1760,.T.);
#1163=ORIENTED_EDGE('',*,*,#1760,.F.);
#1164=ORIENTED_EDGE('',*,*,#1754,.F.);
#1165=ORIENTED_EDGE('',*,*,#1755,.F.);
#1166=ORIENTED_EDGE('',*,*,#1761,.F.);
#1167=ORIENTED_EDGE('',*,*,#1744,.F.);
#1168=ORIENTED_EDGE('',*,*,#1730,.T.);
#1169=ORIENTED_EDGE('',*,*,#1739,.T.);
#1170=ORIENTED_EDGE('',*,*,#1762,.F.);
#1171=ORIENTED_EDGE('',*,*,#1738,.T.);
#1172=ORIENTED_EDGE('',*,*,#1748,.T.);
#1173=ORIENTED_EDGE('',*,*,#1734,.F.);
#1174=ORIENTED_EDGE('',*,*,#1763,.T.);
#1175=ORIENTED_EDGE('',*,*,#1753,.F.);
#1176=ORIENTED_EDGE('',*,*,#1723,.T.);
#1177=ORIENTED_EDGE('',*,*,#1764,.T.);
#1178=ORIENTED_EDGE('',*,*,#1761,.T.);
#1179=ORIENTED_EDGE('',*,*,#1762,.T.);
#1180=ORIENTED_EDGE('',*,*,#1765,.F.);
#1181=ORIENTED_EDGE('',*,*,#1745,.F.);
#1182=ORIENTED_EDGE('',*,*,#1764,.F.);
#1183=ORIENTED_EDGE('',*,*,#1742,.T.);
#1184=ORIENTED_EDGE('',*,*,#1750,.T.);
#1185=ORIENTED_EDGE('',*,*,#1766,.T.);
#1186=ORIENTED_EDGE('',*,*,#1767,.F.);
#1187=ORIENTED_EDGE('',*,*,#1767,.T.);
#1188=ORIENTED_EDGE('',*,*,#1765,.T.);
#1189=ORIENTED_EDGE('',*,*,#1766,.F.);
#1190=ORIENTED_EDGE('',*,*,#1768,.F.);
#1191=ORIENTED_EDGE('',*,*,#1769,.F.);
#1192=ORIENTED_EDGE('',*,*,#1770,.F.);
#1193=ORIENTED_EDGE('',*,*,#1771,.F.);
#1194=ORIENTED_EDGE('',*,*,#1763,.F.);
#1195=ORIENTED_EDGE('',*,*,#1768,.T.);
#1196=ORIENTED_EDGE('',*,*,#1772,.F.);
#1197=ORIENTED_EDGE('',*,*,#1769,.T.);
#1198=ORIENTED_EDGE('',*,*,#1773,.F.);
#1199=ORIENTED_EDGE('',*,*,#1770,.T.);
#1200=ORIENTED_EDGE('',*,*,#1774,.F.);
#1201=ORIENTED_EDGE('',*,*,#1771,.T.);
#1202=ORIENTED_EDGE('',*,*,#1775,.F.);
#1203=ORIENTED_EDGE('',*,*,#1774,.T.);
#1204=ORIENTED_EDGE('',*,*,#1773,.T.);
#1205=ORIENTED_EDGE('',*,*,#1772,.T.);
#1206=ORIENTED_EDGE('',*,*,#1775,.T.);
#1207=ORIENTED_EDGE('',*,*,#1776,.F.);
#1208=ORIENTED_EDGE('',*,*,#1777,.T.);
#1209=ORIENTED_EDGE('',*,*,#1778,.T.);
#1210=ORIENTED_EDGE('',*,*,#1779,.T.);
#1211=ORIENTED_EDGE('',*,*,#1780,.T.);
#1212=ORIENTED_EDGE('',*,*,#1781,.F.);
#1213=ORIENTED_EDGE('',*,*,#1782,.T.);
#1214=ORIENTED_EDGE('',*,*,#1783,.F.);
#1215=ORIENTED_EDGE('',*,*,#1784,.T.);
#1216=ORIENTED_EDGE('',*,*,#1785,.F.);
#1217=ORIENTED_EDGE('',*,*,#1786,.F.);
#1218=ORIENTED_EDGE('',*,*,#1787,.T.);
#1219=ORIENTED_EDGE('',*,*,#1788,.F.);
#1220=ORIENTED_EDGE('',*,*,#1789,.T.);
#1221=ORIENTED_EDGE('',*,*,#1785,.T.);
#1222=ORIENTED_EDGE('',*,*,#1790,.F.);
#1223=ORIENTED_EDGE('',*,*,#1791,.F.);
#1224=ORIENTED_EDGE('',*,*,#1792,.T.);
#1225=ORIENTED_EDGE('',*,*,#1788,.T.);
#1226=ORIENTED_EDGE('',*,*,#1793,.F.);
#1227=ORIENTED_EDGE('',*,*,#1794,.F.);
#1228=ORIENTED_EDGE('',*,*,#1795,.T.);
#1229=ORIENTED_EDGE('',*,*,#1791,.T.);
#1230=ORIENTED_EDGE('',*,*,#1796,.F.);
#1231=ORIENTED_EDGE('',*,*,#1797,.T.);
#1232=ORIENTED_EDGE('',*,*,#1798,.F.);
#1233=ORIENTED_EDGE('',*,*,#1799,.F.);
#1234=ORIENTED_EDGE('',*,*,#1794,.T.);
#1235=ORIENTED_EDGE('',*,*,#1800,.T.);
#1236=ORIENTED_EDGE('',*,*,#1801,.F.);
#1237=ORIENTED_EDGE('',*,*,#1802,.F.);
#1238=ORIENTED_EDGE('',*,*,#1798,.T.);
#1239=ORIENTED_EDGE('',*,*,#1777,.F.);
#1240=ORIENTED_EDGE('',*,*,#1803,.T.);
#1241=ORIENTED_EDGE('',*,*,#1801,.T.);
#1242=ORIENTED_EDGE('',*,*,#1804,.F.);
#1243=ORIENTED_EDGE('',*,*,#1805,.F.);
#1244=ORIENTED_EDGE('',*,*,#1782,.F.);
#1245=ORIENTED_EDGE('',*,*,#1806,.T.);
#1246=ORIENTED_EDGE('',*,*,#1807,.T.);
#1247=ORIENTED_EDGE('',*,*,#1808,.F.);
#1248=ORIENTED_EDGE('',*,*,#1809,.F.);
#1249=ORIENTED_EDGE('',*,*,#1810,.T.);
#1250=ORIENTED_EDGE('',*,*,#1811,.F.);
#1251=ORIENTED_EDGE('',*,*,#1812,.F.);
#1252=ORIENTED_EDGE('',*,*,#1813,.T.);
#1253=ORIENTED_EDGE('',*,*,#1814,.T.);
#1254=ORIENTED_EDGE('',*,*,#1815,.T.);
#1255=ORIENTED_EDGE('',*,*,#1816,.T.);
#1256=ORIENTED_EDGE('',*,*,#1817,.T.);
#1257=ORIENTED_EDGE('',*,*,#1786,.T.);
#1258=ORIENTED_EDGE('',*,*,#1789,.F.);
#1259=ORIENTED_EDGE('',*,*,#1792,.F.);
#1260=ORIENTED_EDGE('',*,*,#1795,.F.);
#1261=ORIENTED_EDGE('',*,*,#1799,.T.);
#1262=ORIENTED_EDGE('',*,*,#1802,.T.);
#1263=ORIENTED_EDGE('',*,*,#1803,.F.);
#1264=ORIENTED_EDGE('',*,*,#1776,.T.);
#1265=ORIENTED_EDGE('',*,*,#1818,.T.);
#1266=ORIENTED_EDGE('',*,*,#1819,.F.);
#1267=ORIENTED_EDGE('',*,*,#1820,.F.);
#1268=ORIENTED_EDGE('',*,*,#1821,.F.);
#1269=ORIENTED_EDGE('',*,*,#1822,.T.);
#1270=ORIENTED_EDGE('',*,*,#1823,.T.);
#1271=ORIENTED_EDGE('',*,*,#1824,.F.);
#1272=ORIENTED_EDGE('',*,*,#1817,.F.);
#1273=ORIENTED_EDGE('',*,*,#1825,.T.);
#1274=ORIENTED_EDGE('',*,*,#1809,.T.);
#1275=ORIENTED_EDGE('',*,*,#1826,.T.);
#1276=ORIENTED_EDGE('',*,*,#1827,.T.);
#1277=ORIENTED_EDGE('',*,*,#1828,.F.);
#1278=ORIENTED_EDGE('',*,*,#1829,.T.);
#1279=ORIENTED_EDGE('',*,*,#1787,.F.);
#1280=ORIENTED_EDGE('',*,*,#1829,.F.);
#1281=ORIENTED_EDGE('',*,*,#1830,.T.);
#1282=ORIENTED_EDGE('',*,*,#1831,.T.);
#1283=ORIENTED_EDGE('',*,*,#1832,.F.);
#1284=ORIENTED_EDGE('',*,*,#1778,.F.);
#1285=ORIENTED_EDGE('',*,*,#1804,.T.);
#1286=ORIENTED_EDGE('',*,*,#1800,.F.);
#1287=ORIENTED_EDGE('',*,*,#1797,.F.);
#1288=ORIENTED_EDGE('',*,*,#1796,.T.);
#1289=ORIENTED_EDGE('',*,*,#1793,.T.);
#1290=ORIENTED_EDGE('',*,*,#1790,.T.);
#1291=ORIENTED_EDGE('',*,*,#1784,.F.);
#1292=ORIENTED_EDGE('',*,*,#1828,.T.);
#1293=ORIENTED_EDGE('',*,*,#1833,.T.);
#1294=ORIENTED_EDGE('',*,*,#1834,.F.);
#1295=ORIENTED_EDGE('',*,*,#1830,.F.);
#1296=ORIENTED_EDGE('',*,*,#1835,.F.);
#1297=ORIENTED_EDGE('',*,*,#1826,.F.);
#1298=ORIENTED_EDGE('',*,*,#1808,.T.);
#1299=ORIENTED_EDGE('',*,*,#1836,.T.);
#1300=ORIENTED_EDGE('',*,*,#1837,.F.);
#1301=ORIENTED_EDGE('',*,*,#1779,.F.);
#1302=ORIENTED_EDGE('',*,*,#1832,.T.);
#1303=ORIENTED_EDGE('',*,*,#1838,.T.);
#1304=ORIENTED_EDGE('',*,*,#1781,.T.);
#1305=ORIENTED_EDGE('',*,*,#1839,.T.);
#1306=ORIENTED_EDGE('',*,*,#1840,.F.);
#1307=ORIENTED_EDGE('',*,*,#1806,.F.);
#1308=ORIENTED_EDGE('',*,*,#1833,.F.);
#1309=ORIENTED_EDGE('',*,*,#1827,.F.);
#1310=ORIENTED_EDGE('',*,*,#1835,.T.);
#1311=ORIENTED_EDGE('',*,*,#1841,.F.);
#1312=ORIENTED_EDGE('',*,*,#1839,.F.);
#1313=ORIENTED_EDGE('',*,*,#1780,.F.);
#1314=ORIENTED_EDGE('',*,*,#1837,.T.);
#1315=ORIENTED_EDGE('',*,*,#1842,.T.);
#1316=ORIENTED_EDGE('',*,*,#1843,.T.);
#1317=ORIENTED_EDGE('',*,*,#1844,.T.);
#1318=ORIENTED_EDGE('',*,*,#1845,.T.);
#1319=ORIENTED_EDGE('',*,*,#1846,.F.);
#1320=ORIENTED_EDGE('',*,*,#1847,.F.);
#1321=ORIENTED_EDGE('',*,*,#1848,.T.);
#1322=ORIENTED_EDGE('',*,*,#1847,.T.);
#1323=ORIENTED_EDGE('',*,*,#1842,.F.);
#1324=ORIENTED_EDGE('',*,*,#1838,.F.);
#1325=ORIENTED_EDGE('',*,*,#1831,.F.);
#1326=ORIENTED_EDGE('',*,*,#1834,.T.);
#1327=ORIENTED_EDGE('',*,*,#1841,.T.);
#1328=ORIENTED_EDGE('',*,*,#1836,.F.);
#1329=ORIENTED_EDGE('',*,*,#1807,.F.);
#1330=ORIENTED_EDGE('',*,*,#1840,.T.);
#1331=ORIENTED_EDGE('',*,*,#1846,.T.);
#1332=ORIENTED_EDGE('',*,*,#1849,.F.);
#1333=ORIENTED_EDGE('',*,*,#1849,.T.);
#1334=ORIENTED_EDGE('',*,*,#1848,.F.);
#1335=ORIENTED_EDGE('',*,*,#1850,.T.);
#1336=ORIENTED_EDGE('',*,*,#1850,.F.);
#1337=ORIENTED_EDGE('',*,*,#1816,.F.);
#1338=ORIENTED_EDGE('',*,*,#1844,.F.);
#1339=ORIENTED_EDGE('',*,*,#1843,.F.);
#1340=ORIENTED_EDGE('',*,*,#1845,.F.);
#1341=ORIENTED_EDGE('',*,*,#1851,.F.);
#1342=ORIENTED_EDGE('',*,*,#1819,.T.);
#1343=ORIENTED_EDGE('',*,*,#1852,.T.);
#1344=ORIENTED_EDGE('',*,*,#1815,.F.);
#1345=ORIENTED_EDGE('',*,*,#1853,.F.);
#1346=ORIENTED_EDGE('',*,*,#1820,.T.);
#1347=ORIENTED_EDGE('',*,*,#1851,.T.);
#1348=ORIENTED_EDGE('',*,*,#1814,.F.);
#1349=ORIENTED_EDGE('',*,*,#1854,.F.);
#1350=ORIENTED_EDGE('',*,*,#1821,.T.);
#1351=ORIENTED_EDGE('',*,*,#1853,.T.);
#1352=ORIENTED_EDGE('',*,*,#1813,.F.);
#1353=ORIENTED_EDGE('',*,*,#1812,.T.);
#1354=ORIENTED_EDGE('',*,*,#1855,.F.);
#1355=ORIENTED_EDGE('',*,*,#1822,.F.);
#1356=ORIENTED_EDGE('',*,*,#1854,.T.);
#1357=ORIENTED_EDGE('',*,*,#1811,.T.);
#1358=ORIENTED_EDGE('',*,*,#1856,.F.);
#1359=ORIENTED_EDGE('',*,*,#1823,.F.);
#1360=ORIENTED_EDGE('',*,*,#1855,.T.);
#1361=ORIENTED_EDGE('',*,*,#1805,.T.);
#1362=ORIENTED_EDGE('',*,*,#1852,.F.);
#1363=ORIENTED_EDGE('',*,*,#1818,.F.);
#1364=ORIENTED_EDGE('',*,*,#1783,.T.);
#1365=ORIENTED_EDGE('',*,*,#1825,.F.);
#1366=ORIENTED_EDGE('',*,*,#1824,.T.);
#1367=ORIENTED_EDGE('',*,*,#1856,.T.);
#1368=ORIENTED_EDGE('',*,*,#1810,.F.);
#1369=ORIENTED_EDGE('',*,*,#1857,.F.);
#1370=ORIENTED_EDGE('',*,*,#1858,.F.);
#1371=ORIENTED_EDGE('',*,*,#1859,.T.);
#1372=ORIENTED_EDGE('',*,*,#1860,.T.);
#1373=ORIENTED_EDGE('',*,*,#1861,.T.);
#1374=ORIENTED_EDGE('',*,*,#1862,.F.);
#1375=ORIENTED_EDGE('',*,*,#1863,.F.);
#1376=ORIENTED_EDGE('',*,*,#1858,.T.);
#1377=ORIENTED_EDGE('',*,*,#1864,.T.);
#1378=ORIENTED_EDGE('',*,*,#1865,.F.);
#1379=ORIENTED_EDGE('',*,*,#1866,.F.);
#1380=ORIENTED_EDGE('',*,*,#1862,.T.);
#1381=ORIENTED_EDGE('',*,*,#1867,.F.);
#1382=ORIENTED_EDGE('',*,*,#1860,.F.);
#1383=ORIENTED_EDGE('',*,*,#1868,.T.);
#1384=ORIENTED_EDGE('',*,*,#1865,.T.);
#1385=ORIENTED_EDGE('',*,*,#1859,.F.);
#1386=ORIENTED_EDGE('',*,*,#1863,.T.);
#1387=ORIENTED_EDGE('',*,*,#1866,.T.);
#1388=ORIENTED_EDGE('',*,*,#1868,.F.);
#1389=ORIENTED_EDGE('',*,*,#1857,.T.);
#1390=ORIENTED_EDGE('',*,*,#1867,.T.);
#1391=ORIENTED_EDGE('',*,*,#1864,.F.);
#1392=ORIENTED_EDGE('',*,*,#1861,.F.);
#1393=ORIENTED_EDGE('',*,*,#1869,.F.);
#1394=ORIENTED_EDGE('',*,*,#1870,.F.);
#1395=ORIENTED_EDGE('',*,*,#1871,.T.);
#1396=ORIENTED_EDGE('',*,*,#1872,.T.);
#1397=ORIENTED_EDGE('',*,*,#1873,.F.);
#1398=ORIENTED_EDGE('',*,*,#1874,.F.);
#1399=ORIENTED_EDGE('',*,*,#1875,.T.);
#1400=ORIENTED_EDGE('',*,*,#1870,.T.);
#1401=ORIENTED_EDGE('',*,*,#1876,.T.);
#1402=ORIENTED_EDGE('',*,*,#1877,.F.);
#1403=ORIENTED_EDGE('',*,*,#1878,.F.);
#1404=ORIENTED_EDGE('',*,*,#1874,.T.);
#1405=ORIENTED_EDGE('',*,*,#1879,.T.);
#1406=ORIENTED_EDGE('',*,*,#1880,.F.);
#1407=ORIENTED_EDGE('',*,*,#1881,.F.);
#1408=ORIENTED_EDGE('',*,*,#1877,.T.);
#1409=ORIENTED_EDGE('',*,*,#1882,.F.);
#1410=ORIENTED_EDGE('',*,*,#1883,.F.);
#1411=ORIENTED_EDGE('',*,*,#1884,.T.);
#1412=ORIENTED_EDGE('',*,*,#1880,.T.);
#1413=ORIENTED_EDGE('',*,*,#1885,.T.);
#1414=ORIENTED_EDGE('',*,*,#1886,.F.);
#1415=ORIENTED_EDGE('',*,*,#1887,.F.);
#1416=ORIENTED_EDGE('',*,*,#1883,.T.);
#1417=ORIENTED_EDGE('',*,*,#1888,.F.);
#1418=ORIENTED_EDGE('',*,*,#1889,.F.);
#1419=ORIENTED_EDGE('',*,*,#1890,.T.);
#1420=ORIENTED_EDGE('',*,*,#1886,.T.);
#1421=ORIENTED_EDGE('',*,*,#1891,.F.);
#1422=ORIENTED_EDGE('',*,*,#1892,.F.);
#1423=ORIENTED_EDGE('',*,*,#1893,.T.);
#1424=ORIENTED_EDGE('',*,*,#1894,.T.);
#1425=ORIENTED_EDGE('',*,*,#1895,.T.);
#1426=ORIENTED_EDGE('',*,*,#1896,.F.);
#1427=ORIENTED_EDGE('',*,*,#1897,.F.);
#1428=ORIENTED_EDGE('',*,*,#1892,.T.);
#1429=ORIENTED_EDGE('',*,*,#1898,.F.);
#1430=ORIENTED_EDGE('',*,*,#1899,.F.);
#1431=ORIENTED_EDGE('',*,*,#1900,.T.);
#1432=ORIENTED_EDGE('',*,*,#1896,.T.);
#1433=ORIENTED_EDGE('',*,*,#1901,.T.);
#1434=ORIENTED_EDGE('',*,*,#1902,.F.);
#1435=ORIENTED_EDGE('',*,*,#1903,.F.);
#1436=ORIENTED_EDGE('',*,*,#1899,.T.);
#1437=ORIENTED_EDGE('',*,*,#1904,.T.);
#1438=ORIENTED_EDGE('',*,*,#1905,.F.);
#1439=ORIENTED_EDGE('',*,*,#1906,.F.);
#1440=ORIENTED_EDGE('',*,*,#1902,.T.);
#1441=ORIENTED_EDGE('',*,*,#1907,.F.);
#1442=ORIENTED_EDGE('',*,*,#1908,.F.);
#1443=ORIENTED_EDGE('',*,*,#1909,.T.);
#1444=ORIENTED_EDGE('',*,*,#1905,.T.);
#1445=ORIENTED_EDGE('',*,*,#1910,.T.);
#1446=ORIENTED_EDGE('',*,*,#1911,.F.);
#1447=ORIENTED_EDGE('',*,*,#1912,.F.);
#1448=ORIENTED_EDGE('',*,*,#1908,.T.);
#1449=ORIENTED_EDGE('',*,*,#1913,.F.);
#1450=ORIENTED_EDGE('',*,*,#1894,.F.);
#1451=ORIENTED_EDGE('',*,*,#1914,.T.);
#1452=ORIENTED_EDGE('',*,*,#1911,.T.);
#1453=ORIENTED_EDGE('',*,*,#1915,.F.);
#1454=ORIENTED_EDGE('',*,*,#1872,.F.);
#1455=ORIENTED_EDGE('',*,*,#1916,.T.);
#1456=ORIENTED_EDGE('',*,*,#1889,.T.);
#1457=ORIENTED_EDGE('',*,*,#1893,.F.);
#1458=ORIENTED_EDGE('',*,*,#1897,.T.);
#1459=ORIENTED_EDGE('',*,*,#1900,.F.);
#1460=ORIENTED_EDGE('',*,*,#1903,.T.);
#1461=ORIENTED_EDGE('',*,*,#1906,.T.);
#1462=ORIENTED_EDGE('',*,*,#1909,.F.);
#1463=ORIENTED_EDGE('',*,*,#1912,.T.);
#1464=ORIENTED_EDGE('',*,*,#1914,.F.);
#1465=ORIENTED_EDGE('',*,*,#1871,.F.);
#1466=ORIENTED_EDGE('',*,*,#1875,.F.);
#1467=ORIENTED_EDGE('',*,*,#1878,.T.);
#1468=ORIENTED_EDGE('',*,*,#1881,.T.);
#1469=ORIENTED_EDGE('',*,*,#1884,.F.);
#1470=ORIENTED_EDGE('',*,*,#1887,.T.);
#1471=ORIENTED_EDGE('',*,*,#1890,.F.);
#1472=ORIENTED_EDGE('',*,*,#1916,.F.);
#1473=ORIENTED_EDGE('',*,*,#1891,.T.);
#1474=ORIENTED_EDGE('',*,*,#1913,.T.);
#1475=ORIENTED_EDGE('',*,*,#1910,.F.);
#1476=ORIENTED_EDGE('',*,*,#1907,.T.);
#1477=ORIENTED_EDGE('',*,*,#1904,.F.);
#1478=ORIENTED_EDGE('',*,*,#1901,.F.);
#1479=ORIENTED_EDGE('',*,*,#1898,.T.);
#1480=ORIENTED_EDGE('',*,*,#1895,.F.);
#1481=ORIENTED_EDGE('',*,*,#1869,.T.);
#1482=ORIENTED_EDGE('',*,*,#1915,.T.);
#1483=ORIENTED_EDGE('',*,*,#1888,.T.);
#1484=ORIENTED_EDGE('',*,*,#1885,.F.);
#1485=ORIENTED_EDGE('',*,*,#1882,.T.);
#1486=ORIENTED_EDGE('',*,*,#1879,.F.);
#1487=ORIENTED_EDGE('',*,*,#1876,.F.);
#1488=ORIENTED_EDGE('',*,*,#1873,.T.);
#1489=ORIENTED_EDGE('',*,*,#1917,.T.);
#1490=ORIENTED_EDGE('',*,*,#1918,.F.);
#1491=ORIENTED_EDGE('',*,*,#1919,.T.);
#1492=ORIENTED_EDGE('',*,*,#1920,.F.);
#1493=ORIENTED_EDGE('',*,*,#1921,.T.);
#1494=ORIENTED_EDGE('',*,*,#1922,.F.);
#1495=ORIENTED_EDGE('',*,*,#1923,.T.);
#1496=ORIENTED_EDGE('',*,*,#1924,.F.);
#1497=ORIENTED_EDGE('',*,*,#1925,.F.);
#1498=ORIENTED_EDGE('',*,*,#1926,.T.);
#1499=ORIENTED_EDGE('',*,*,#1923,.F.);
#1500=ORIENTED_EDGE('',*,*,#1921,.F.);
#1501=ORIENTED_EDGE('',*,*,#1919,.F.);
#1502=ORIENTED_EDGE('',*,*,#1917,.F.);
#1503=ORIENTED_EDGE('',*,*,#1925,.T.);
#1504=ORIENTED_EDGE('',*,*,#1924,.T.);
#1505=ORIENTED_EDGE('',*,*,#1922,.T.);
#1506=ORIENTED_EDGE('',*,*,#1920,.T.);
#1507=ORIENTED_EDGE('',*,*,#1918,.T.);
#1508=ORIENTED_EDGE('',*,*,#1926,.F.);
#1509=EDGE_CURVE('',#1927,#1928,#2221,.T.);
#1510=EDGE_CURVE('',#1929,#1927,#193,.T.);
#1511=EDGE_CURVE('',#1929,#1930,#2222,.T.);
#1512=EDGE_CURVE('',#1930,#1931,#194,.T.);
#1513=EDGE_CURVE('',#1932,#1931,#2223,.T.);
#1514=EDGE_CURVE('',#1933,#1932,#195,.T.);
#1515=EDGE_CURVE('',#1934,#1933,#196,.T.);
#1516=EDGE_CURVE('',#1934,#1928,#197,.T.);
#1517=EDGE_CURVE('',#1935,#1936,#198,.F.);
#1518=EDGE_CURVE('',#1936,#1937,#199,.T.);
#1519=EDGE_CURVE('',#1938,#1937,#200,.F.);
#1520=EDGE_CURVE('',#1935,#1938,#201,.T.);
#1521=EDGE_CURVE('',#1939,#1940,#202,.T.);
#1522=EDGE_CURVE('',#1940,#1937,#88,.T.);
#1523=EDGE_CURVE('',#1939,#1936,#89,.T.);
#1524=EDGE_CURVE('',#1941,#1942,#203,.T.);
#1525=EDGE_CURVE('',#1942,#1940,#2224,.T.);
#1526=EDGE_CURVE('',#1941,#1939,#2225,.T.);
#1527=EDGE_CURVE('',#1943,#1944,#204,.T.);
#1528=EDGE_CURVE('',#1944,#1942,#90,.T.);
#1529=EDGE_CURVE('',#1943,#1941,#91,.T.);
#1530=EDGE_CURVE('',#1943,#1945,#2226,.T.);
#1531=EDGE_CURVE('',#1945,#1946,#205,.T.);
#1532=EDGE_CURVE('',#1944,#1946,#2227,.T.);
#1533=EDGE_CURVE('',#1945,#1947,#92,.T.);
#1534=EDGE_CURVE('',#1947,#1948,#206,.T.);
#1535=EDGE_CURVE('',#1946,#1948,#93,.T.);
#1536=EDGE_CURVE('',#1927,#1948,#207,.F.);
#1537=EDGE_CURVE('',#1929,#1947,#208,.F.);
#1538=EDGE_CURVE('',#1949,#1950,#209,.F.);
#1539=EDGE_CURVE('',#1949,#1951,#2228,.T.);
#1540=EDGE_CURVE('',#1951,#1952,#210,.F.);
#1541=EDGE_CURVE('',#1953,#1952,#2229,.T.);
#1542=EDGE_CURVE('',#1953,#1954,#211,.T.);
#1543=EDGE_CURVE('',#1955,#1954,#94,.T.);
#1544=EDGE_CURVE('',#1956,#1955,#2230,.T.);
#1545=EDGE_CURVE('',#1956,#1957,#95,.T.);
#1546=EDGE_CURVE('',#1957,#1958,#2231,.T.);
#1547=EDGE_CURVE('',#1958,#1959,#96,.T.);
#1548=EDGE_CURVE('',#1960,#1959,#212,.T.);
#1549=EDGE_CURVE('',#1961,#1960,#2232,.T.);
#1550=EDGE_CURVE('',#1932,#1961,#213,.F.);
#1551=EDGE_CURVE('',#1931,#1962,#214,.F.);
#1552=EDGE_CURVE('',#1963,#1962,#97,.T.);
#1553=EDGE_CURVE('',#1964,#1963,#2233,.T.);
#1554=EDGE_CURVE('',#1965,#1964,#98,.T.);
#1555=EDGE_CURVE('',#1965,#1966,#2234,.T.);
#1556=EDGE_CURVE('',#1966,#1950,#99,.T.);
#1557=EDGE_CURVE('',#1967,#1968,#2235,.T.);
#1558=EDGE_CURVE('',#1969,#1968,#215,.T.);
#1559=EDGE_CURVE('',#1969,#1970,#216,.T.);
#1560=EDGE_CURVE('',#1970,#1961,#217,.T.);
#1561=EDGE_CURVE('',#1971,#1960,#218,.T.);
#1562=EDGE_CURVE('',#1972,#1971,#2236,.T.);
#1563=EDGE_CURVE('',#1972,#1967,#219,.T.);
#1564=EDGE_CURVE('',#1973,#1974,#220,.T.);
#1565=EDGE_CURVE('',#1974,#1975,#221,.T.);
#1566=EDGE_CURVE('',#1976,#1975,#222,.T.);
#1567=EDGE_CURVE('',#1973,#1976,#223,.T.);
#1568=EDGE_CURVE('',#1977,#1976,#100,.T.);
#1569=EDGE_CURVE('',#1978,#1975,#101,.T.);
#1570=EDGE_CURVE('',#1977,#1978,#224,.T.);
#1571=EDGE_CURVE('',#1979,#1977,#2237,.T.);
#1572=EDGE_CURVE('',#1980,#1978,#2238,.T.);
#1573=EDGE_CURVE('',#1979,#1980,#225,.T.);
#1574=EDGE_CURVE('',#1981,#1979,#102,.T.);
#1575=EDGE_CURVE('',#1982,#1980,#103,.T.);
#1576=EDGE_CURVE('',#1981,#1982,#226,.T.);
#1577=EDGE_CURVE('',#1982,#1983,#2239,.T.);
#1578=EDGE_CURVE('',#1984,#1983,#227,.T.);
#1579=EDGE_CURVE('',#1981,#1984,#2240,.T.);
#1580=EDGE_CURVE('',#1983,#1985,#104,.T.);
#1581=EDGE_CURVE('',#1986,#1985,#228,.T.);
#1582=EDGE_CURVE('',#1984,#1986,#105,.T.);
#1583=EDGE_CURVE('',#1972,#1986,#229,.T.);
#1584=EDGE_CURVE('',#1967,#1985,#230,.T.);
#1585=EDGE_CURVE('',#1987,#1935,#2241,.T.);
#1586=EDGE_CURVE('',#1987,#1988,#231,.F.);
#1587=EDGE_CURVE('',#1989,#1988,#106,.T.);
#1588=EDGE_CURVE('',#1990,#1989,#2242,.T.);
#1589=EDGE_CURVE('',#1990,#1991,#107,.T.);
#1590=EDGE_CURVE('',#1991,#1992,#2243,.T.);
#1591=EDGE_CURVE('',#1992,#1993,#108,.T.);
#1592=EDGE_CURVE('',#1930,#1993,#232,.F.);
#1593=EDGE_CURVE('',#1994,#1973,#2244,.T.);
#1594=EDGE_CURVE('',#1971,#1995,#233,.T.);
#1595=EDGE_CURVE('',#1996,#1995,#109,.T.);
#1596=EDGE_CURVE('',#1997,#1996,#2245,.T.);
#1597=EDGE_CURVE('',#1998,#1997,#110,.T.);
#1598=EDGE_CURVE('',#1998,#1999,#2246,.T.);
#1599=EDGE_CURVE('',#1999,#2000,#111,.T.);
#1600=EDGE_CURVE('',#1994,#2000,#234,.T.);
#1601=EDGE_CURVE('',#2001,#2002,#235,.F.);
#1602=EDGE_CURVE('',#2002,#2003,#2247,.T.);
#1603=EDGE_CURVE('',#2004,#2003,#236,.F.);
#1604=EDGE_CURVE('',#2001,#2004,#2248,.T.);
#1605=EDGE_CURVE('',#2005,#2006,#237,.F.);
#1606=EDGE_CURVE('',#2006,#2007,#2249,.T.);
#1607=EDGE_CURVE('',#2008,#2007,#238,.F.);
#1608=EDGE_CURVE('',#2005,#2008,#2250,.T.);
#1609=EDGE_CURVE('',#2009,#2010,#239,.F.);
#1610=EDGE_CURVE('',#2010,#2011,#2251,.T.);
#1611=EDGE_CURVE('',#2012,#2011,#240,.F.);
#1612=EDGE_CURVE('',#2009,#2012,#2252,.T.);
#1613=EDGE_CURVE('',#2013,#2014,#241,.F.);
#1614=EDGE_CURVE('',#2014,#2015,#2253,.T.);
#1615=EDGE_CURVE('',#2016,#2015,#242,.F.);
#1616=EDGE_CURVE('',#2013,#2016,#2254,.T.);
#1617=EDGE_CURVE('',#2017,#1938,#2255,.T.);
#1618=EDGE_CURVE('',#1928,#1968,#243,.F.);
#1619=EDGE_CURVE('',#2018,#1974,#2256,.T.);
#1620=EDGE_CURVE('',#2017,#2018,#244,.F.);
#1621=EDGE_CURVE('',#1994,#1953,#245,.T.);
#1622=EDGE_CURVE('',#2019,#1952,#246,.T.);
#1623=EDGE_CURVE('',#2020,#2019,#247,.T.);
#1624=EDGE_CURVE('',#2020,#2018,#248,.T.);
#1625=EDGE_CURVE('',#1995,#1959,#249,.T.);
#1626=EDGE_CURVE('',#1996,#1958,#250,.T.);
#1627=EDGE_CURVE('',#1997,#1957,#251,.T.);
#1628=EDGE_CURVE('',#1998,#1956,#252,.T.);
#1629=EDGE_CURVE('',#1999,#1955,#253,.T.);
#1630=EDGE_CURVE('',#2000,#1954,#254,.T.);
#1631=EDGE_CURVE('',#2020,#2021,#255,.T.);
#1632=EDGE_CURVE('',#2021,#2017,#256,.T.);
#1633=EDGE_CURVE('',#2022,#1951,#257,.T.);
#1634=EDGE_CURVE('',#2019,#2022,#258,.T.);
#1635=EDGE_CURVE('',#2021,#2022,#259,.T.);
#1636=EDGE_CURVE('',#1969,#1934,#260,.T.);
#1637=EDGE_CURVE('',#1970,#1933,#261,.T.);
#1638=EDGE_CURVE('',#1987,#1949,#262,.T.);
#1639=EDGE_CURVE('',#2023,#2002,#263,.T.);
#1640=EDGE_CURVE('',#2024,#2023,#264,.T.);
#1641=EDGE_CURVE('',#2024,#2003,#265,.T.);
#1642=EDGE_CURVE('',#2025,#2001,#266,.T.);
#1643=EDGE_CURVE('',#2026,#2004,#267,.T.);
#1644=EDGE_CURVE('',#2026,#2025,#268,.T.);
#1645=EDGE_CURVE('',#2024,#2026,#269,.T.);
#1646=EDGE_CURVE('',#2023,#2025,#270,.T.);
#1647=EDGE_CURVE('',#2027,#2006,#271,.T.);
#1648=EDGE_CURVE('',#2028,#2027,#272,.T.);
#1649=EDGE_CURVE('',#2028,#2007,#273,.T.);
#1650=EDGE_CURVE('',#2029,#2005,#274,.T.);
#1651=EDGE_CURVE('',#2030,#2008,#275,.T.);
#1652=EDGE_CURVE('',#2030,#2029,#276,.T.);
#1653=EDGE_CURVE('',#2028,#2030,#277,.T.);
#1654=EDGE_CURVE('',#2027,#2029,#278,.T.);
#1655=EDGE_CURVE('',#2031,#2010,#279,.T.);
#1656=EDGE_CURVE('',#2032,#2031,#280,.T.);
#1657=EDGE_CURVE('',#2032,#2011,#281,.T.);
#1658=EDGE_CURVE('',#2033,#2009,#282,.T.);
#1659=EDGE_CURVE('',#2034,#2012,#283,.T.);
#1660=EDGE_CURVE('',#2034,#2033,#284,.T.);
#1661=EDGE_CURVE('',#2032,#2034,#285,.T.);
#1662=EDGE_CURVE('',#2031,#2033,#286,.T.);
#1663=EDGE_CURVE('',#2035,#2014,#287,.T.);
#1664=EDGE_CURVE('',#2036,#2035,#288,.T.);
#1665=EDGE_CURVE('',#2036,#2015,#289,.T.);
#1666=EDGE_CURVE('',#2037,#2013,#290,.T.);
#1667=EDGE_CURVE('',#2038,#2016,#291,.T.);
#1668=EDGE_CURVE('',#2038,#2037,#292,.T.);
#1669=EDGE_CURVE('',#2036,#2038,#293,.T.);
#1670=EDGE_CURVE('',#2035,#2037,#294,.T.);
#1671=EDGE_CURVE('',#1988,#1950,#295,.T.);
#1672=EDGE_CURVE('',#1989,#1966,#296,.T.);
#1673=EDGE_CURVE('',#1990,#1965,#297,.T.);
#1674=EDGE_CURVE('',#1991,#1964,#298,.T.);
#1675=EDGE_CURVE('',#1992,#1963,#299,.T.);
#1676=EDGE_CURVE('',#1993,#1962,#300,.T.);
#1677=EDGE_CURVE('',#2039,#2039,#2257,.T.);
#1678=EDGE_CURVE('',#2040,#2040,#112,.T.);
#1679=EDGE_CURVE('',#2041,#2041,#2258,.T.);
#1680=EDGE_CURVE('',#2042,#2042,#2259,.T.);
#1681=EDGE_CURVE('',#2043,#2043,#113,.T.);
#1682=EDGE_CURVE('',#2044,#2044,#2260,.T.);
#1683=EDGE_CURVE('',#2045,#2045,#2261,.T.);
#1684=EDGE_CURVE('',#2046,#2046,#2262,.T.);
#1685=EDGE_CURVE('',#2047,#2047,#2263,.T.);
#1686=EDGE_CURVE('',#2048,#2048,#2264,.T.);
#1687=EDGE_CURVE('',#2049,#2050,#301,.T.);
#1688=EDGE_CURVE('',#2051,#2049,#302,.T.);
#1689=EDGE_CURVE('',#2051,#2052,#303,.T.);
#1690=EDGE_CURVE('',#2052,#2050,#304,.T.);
#1691=EDGE_CURVE('',#2049,#2053,#305,.T.);
#1692=EDGE_CURVE('',#2054,#2053,#306,.T.);
#1693=EDGE_CURVE('',#2051,#2054,#307,.T.);
#1694=EDGE_CURVE('',#2053,#2055,#308,.T.);
#1695=EDGE_CURVE('',#2056,#2055,#309,.T.);
#1696=EDGE_CURVE('',#2054,#2056,#310,.T.);
#1697=EDGE_CURVE('',#2050,#2055,#311,.T.);
#1698=EDGE_CURVE('',#2052,#2056,#312,.T.);
#1699=EDGE_CURVE('',#2057,#2058,#313,.T.);
#1700=EDGE_CURVE('',#2059,#2057,#314,.T.);
#1701=EDGE_CURVE('',#2059,#2060,#315,.T.);
#1702=EDGE_CURVE('',#2060,#2058,#316,.T.);
#1703=EDGE_CURVE('',#2057,#2061,#2265,.T.);
#1704=EDGE_CURVE('',#2062,#2061,#317,.T.);
#1705=EDGE_CURVE('',#2059,#2062,#2266,.T.);
#1706=EDGE_CURVE('',#2061,#2063,#16,.T.);
#1707=EDGE_CURVE('',#2064,#2063,#318,.T.);
#1708=EDGE_CURVE('',#2062,#2064,#17,.T.);
#1709=EDGE_CURVE('',#2065,#2066,#2267,.T.);
#1710=EDGE_CURVE('',#2067,#2065,#319,.T.);
#1711=EDGE_CURVE('',#2067,#2068,#2268,.T.);
#1712=EDGE_CURVE('',#2068,#2066,#320,.T.);
#1713=EDGE_CURVE('',#2065,#2069,#321,.T.);
#1714=EDGE_CURVE('',#2070,#2069,#322,.T.);
#1715=EDGE_CURVE('',#2067,#2070,#323,.T.);
#1716=EDGE_CURVE('',#2071,#2069,#2269,.T.);
#1717=EDGE_CURVE('',#2072,#2071,#324,.T.);
#1718=EDGE_CURVE('',#2072,#2070,#2270,.T.);
#1719=EDGE_CURVE('',#2066,#2071,#18,.T.);
#1720=EDGE_CURVE('',#2068,#2072,#19,.T.);
#1721=EDGE_CURVE('',#2063,#2058,#2271,.T.);
#1722=EDGE_CURVE('',#2064,#2060,#2272,.T.);
#1723=EDGE_CURVE('',#2073,#2074,#2273,.T.);
#1724=EDGE_CURVE('',#2075,#2073,#325,.T.);
#1725=EDGE_CURVE('',#2075,#2076,#2274,.T.);
#1726=EDGE_CURVE('',#2076,#2074,#326,.T.);
#1727=EDGE_CURVE('',#2075,#2077,#327,.T.);
#1728=EDGE_CURVE('',#2077,#2078,#2275,.T.);
#1729=EDGE_CURVE('',#2076,#2078,#328,.T.);
#1730=EDGE_CURVE('',#2079,#2080,#2276,.T.);
#1731=EDGE_CURVE('',#2079,#2081,#329,.T.);
#1732=EDGE_CURVE('',#2081,#2082,#2277,.T.);
#1733=EDGE_CURVE('',#2080,#2082,#330,.T.);
#1734=EDGE_CURVE('',#2073,#2083,#331,.T.);
#1735=EDGE_CURVE('',#2083,#2084,#332,.T.);
#1736=EDGE_CURVE('',#2077,#2084,#333,.T.);
#1737=EDGE_CURVE('',#2085,#2086,#334,.T.);
#1738=EDGE_CURVE('',#2087,#2085,#335,.T.);
#1739=EDGE_CURVE('',#2080,#2087,#336,.T.);
#1740=EDGE_CURVE('',#2082,#2086,#337,.T.);
#1741=EDGE_CURVE('',#2088,#2089,#338,.T.);
#1742=EDGE_CURVE('',#2074,#2088,#339,.T.);
#1743=EDGE_CURVE('',#2078,#2089,#340,.T.);
#1744=EDGE_CURVE('',#2079,#2090,#341,.T.);
#1745=EDGE_CURVE('',#2090,#2091,#342,.T.);
#1746=EDGE_CURVE('',#2091,#2092,#343,.T.);
#1747=EDGE_CURVE('',#2081,#2092,#344,.T.);
#1748=EDGE_CURVE('',#2085,#2083,#345,.T.);
#1749=EDGE_CURVE('',#2084,#2086,#346,.T.);
#1750=EDGE_CURVE('',#2088,#2091,#347,.T.);
#1751=EDGE_CURVE('',#2089,#2092,#348,.T.);
#1752=EDGE_CURVE('',#2093,#2093,#2278,.T.);
#1753=EDGE_CURVE('',#2094,#2094,#2279,.T.);
#1754=EDGE_CURVE('',#2095,#2095,#2280,.F.);
#1755=EDGE_CURVE('',#2096,#2096,#2281,.F.);
#1756=EDGE_CURVE('',#2097,#2097,#114,.T.);
#1757=EDGE_CURVE('',#2098,#2098,#2282,.T.);
#1758=EDGE_CURVE('',#2099,#2099,#115,.T.);
#1759=EDGE_CURVE('',#2100,#2100,#2283,.T.);
#1760=EDGE_CURVE('',#2101,#2101,#2284,.T.);
#1761=EDGE_CURVE('',#2090,#2087,#2285,.T.);
#1762=EDGE_CURVE('',#2087,#2073,#2286,.T.);
#1763=EDGE_CURVE('',#2102,#2102,#2287,.F.);
#1764=EDGE_CURVE('',#2074,#2090,#2288,.T.);
#1765=EDGE_CURVE('',#2103,#2103,#2289,.T.);
#1766=EDGE_CURVE('',#2104,#2104,#2290,.T.);
#1767=EDGE_CURVE('',#2105,#2105,#2291,.T.);
#1768=EDGE_CURVE('',#2106,#2106,#2292,.T.);
#1769=EDGE_CURVE('',#2107,#2107,#2293,.T.);
#1770=EDGE_CURVE('',#2108,#2108,#2294,.T.);
#1771=EDGE_CURVE('',#2109,#2109,#2295,.T.);
#1772=EDGE_CURVE('',#2110,#2110,#2296,.T.);
#1773=EDGE_CURVE('',#2111,#2111,#2297,.T.);
#1774=EDGE_CURVE('',#2112,#2112,#2298,.T.);
#1775=EDGE_CURVE('',#2113,#2113,#2299,.T.);
#1776=EDGE_CURVE('',#2114,#2115,#2300,.T.);
#1777=EDGE_CURVE('',#2114,#2116,#349,.T.);
#1778=EDGE_CURVE('',#2116,#2117,#2301,.T.);
#1779=EDGE_CURVE('',#2117,#2118,#350,.T.);
#1780=EDGE_CURVE('',#2118,#2119,#351,.T.);
#1781=EDGE_CURVE('',#2120,#2119,#352,.T.);
#1782=EDGE_CURVE('',#2120,#2121,#2302,.T.);
#1783=EDGE_CURVE('',#2115,#2121,#353,.T.);
#1784=EDGE_CURVE('',#2122,#2123,#354,.T.);
#1785=EDGE_CURVE('',#2124,#2123,#355,.T.);
#1786=EDGE_CURVE('',#2125,#2124,#356,.T.);
#1787=EDGE_CURVE('',#2125,#2122,#357,.T.);
#1788=EDGE_CURVE('',#2126,#2127,#358,.T.);
#1789=EDGE_CURVE('',#2126,#2124,#116,.T.);
#1790=EDGE_CURVE('',#2127,#2123,#117,.T.);
#1791=EDGE_CURVE('',#2128,#2129,#359,.T.);
#1792=EDGE_CURVE('',#2128,#2126,#2303,.T.);
#1793=EDGE_CURVE('',#2129,#2127,#2304,.T.);
#1794=EDGE_CURVE('',#2130,#2131,#360,.T.);
#1795=EDGE_CURVE('',#2130,#2128,#118,.T.);
#1796=EDGE_CURVE('',#2131,#2129,#119,.T.);
#1797=EDGE_CURVE('',#2131,#2132,#2305,.T.);
#1798=EDGE_CURVE('',#2133,#2132,#361,.T.);
#1799=EDGE_CURVE('',#2130,#2133,#2306,.T.);
#1800=EDGE_CURVE('',#2132,#2134,#120,.T.);
#1801=EDGE_CURVE('',#2135,#2134,#362,.T.);
#1802=EDGE_CURVE('',#2133,#2135,#121,.T.);
#1803=EDGE_CURVE('',#2114,#2135,#363,.T.);
#1804=EDGE_CURVE('',#2116,#2134,#364,.T.);
#1805=EDGE_CURVE('',#2121,#2136,#365,.T.);
#1806=EDGE_CURVE('',#2120,#2137,#366,.T.);
#1807=EDGE_CURVE('',#2137,#2138,#2307,.T.);
#1808=EDGE_CURVE('',#2139,#2138,#367,.T.);
#1809=EDGE_CURVE('',#2140,#2139,#2308,.T.);
#1810=EDGE_CURVE('',#2140,#2141,#368,.T.);
#1811=EDGE_CURVE('',#2142,#2141,#122,.T.);
#1812=EDGE_CURVE('',#2143,#2142,#2309,.T.);
#1813=EDGE_CURVE('',#2143,#2144,#123,.T.);
#1814=EDGE_CURVE('',#2144,#2145,#2310,.T.);
#1815=EDGE_CURVE('',#2145,#2136,#124,.T.);
#1816=EDGE_CURVE('',#2146,#2146,#2311,.F.);
#1817=EDGE_CURVE('',#2147,#2125,#2312,.T.);
#1818=EDGE_CURVE('',#2115,#2148,#369,.T.);
#1819=EDGE_CURVE('',#2149,#2148,#125,.T.);
#1820=EDGE_CURVE('',#2150,#2149,#2313,.T.);
#1821=EDGE_CURVE('',#2151,#2150,#126,.T.);
#1822=EDGE_CURVE('',#2151,#2152,#2314,.T.);
#1823=EDGE_CURVE('',#2152,#2153,#127,.T.);
#1824=EDGE_CURVE('',#2147,#2153,#370,.T.);
#1825=EDGE_CURVE('',#2147,#2140,#371,.T.);
#1826=EDGE_CURVE('',#2139,#2154,#372,.T.);
#1827=EDGE_CURVE('',#2154,#2155,#373,.T.);
#1828=EDGE_CURVE('',#2156,#2155,#374,.T.);
#1829=EDGE_CURVE('',#2156,#2122,#2315,.T.);
#1830=EDGE_CURVE('',#2156,#2157,#375,.T.);
#1831=EDGE_CURVE('',#2157,#2158,#2316,.T.);
#1832=EDGE_CURVE('',#2117,#2158,#376,.T.);
#1833=EDGE_CURVE('',#2155,#2159,#377,.T.);
#1834=EDGE_CURVE('',#2157,#2159,#378,.T.);
#1835=EDGE_CURVE('',#2154,#2160,#379,.T.);
#1836=EDGE_CURVE('',#2138,#2160,#380,.T.);
#1837=EDGE_CURVE('',#2118,#2161,#381,.T.);
#1838=EDGE_CURVE('',#2158,#2161,#382,.T.);
#1839=EDGE_CURVE('',#2119,#2162,#383,.T.);
#1840=EDGE_CURVE('',#2137,#2162,#384,.T.);
#1841=EDGE_CURVE('',#2159,#2160,#385,.T.);
#1842=EDGE_CURVE('',#2161,#2162,#386,.T.);
#1843=EDGE_CURVE('',#2163,#2163,#2317,.F.);
#1844=EDGE_CURVE('',#2164,#2164,#2318,.T.);
#1845=EDGE_CURVE('',#2165,#2165,#2319,.F.);
#1846=EDGE_CURVE('',#2166,#2166,#128,.T.);
#1847=EDGE_CURVE('',#2167,#2167,#2320,.T.);
#1848=EDGE_CURVE('',#2168,#2168,#129,.T.);
#1849=EDGE_CURVE('',#2169,#2169,#2321,.T.);
#1850=EDGE_CURVE('',#2170,#2170,#2322,.T.);
#1851=EDGE_CURVE('',#2149,#2145,#387,.T.);
#1852=EDGE_CURVE('',#2148,#2136,#388,.T.);
#1853=EDGE_CURVE('',#2150,#2144,#389,.T.);
#1854=EDGE_CURVE('',#2151,#2143,#390,.T.);
#1855=EDGE_CURVE('',#2152,#2142,#391,.T.);
#1856=EDGE_CURVE('',#2153,#2141,#392,.T.);
#1857=EDGE_CURVE('',#2171,#2172,#393,.T.);
#1858=EDGE_CURVE('',#2173,#2171,#394,.T.);
#1859=EDGE_CURVE('',#2173,#2174,#395,.T.);
#1860=EDGE_CURVE('',#2174,#2172,#396,.T.);
#1861=EDGE_CURVE('',#2171,#2175,#397,.T.);
#1862=EDGE_CURVE('',#2176,#2175,#398,.T.);
#1863=EDGE_CURVE('',#2173,#2176,#399,.T.);
#1864=EDGE_CURVE('',#2175,#2177,#400,.T.);
#1865=EDGE_CURVE('',#2178,#2177,#401,.T.);
#1866=EDGE_CURVE('',#2176,#2178,#402,.T.);
#1867=EDGE_CURVE('',#2172,#2177,#403,.T.);
#1868=EDGE_CURVE('',#2174,#2178,#404,.T.);
#1869=EDGE_CURVE('',#2179,#2180,#405,.T.);
#1870=EDGE_CURVE('',#2181,#2179,#406,.T.);
#1871=EDGE_CURVE('',#2181,#2182,#407,.T.);
#1872=EDGE_CURVE('',#2182,#2180,#408,.T.);
#1873=EDGE_CURVE('',#2183,#2179,#2323,.T.);
#1874=EDGE_CURVE('',#2184,#2183,#409,.T.);
#1875=EDGE_CURVE('',#2184,#2181,#2324,.T.);
#1876=EDGE_CURVE('',#2183,#2185,#410,.T.);
#1877=EDGE_CURVE('',#2186,#2185,#411,.T.);
#1878=EDGE_CURVE('',#2184,#2186,#412,.T.);
#1879=EDGE_CURVE('',#2185,#2187,#2325,.T.);
#1880=EDGE_CURVE('',#2188,#2187,#413,.T.);
#1881=EDGE_CURVE('',#2186,#2188,#2326,.T.);
#1882=EDGE_CURVE('',#2189,#2187,#2327,.T.);
#1883=EDGE_CURVE('',#2190,#2189,#414,.T.);
#1884=EDGE_CURVE('',#2190,#2188,#2328,.T.);
#1885=EDGE_CURVE('',#2189,#2191,#2329,.T.);
#1886=EDGE_CURVE('',#2192,#2191,#415,.T.);
#1887=EDGE_CURVE('',#2190,#2192,#2330,.T.);
#1888=EDGE_CURVE('',#2193,#2191,#416,.T.);
#1889=EDGE_CURVE('',#2194,#2193,#417,.T.);
#1890=EDGE_CURVE('',#2194,#2192,#418,.T.);
#1891=EDGE_CURVE('',#2195,#2196,#419,.T.);
#1892=EDGE_CURVE('',#2197,#2195,#420,.T.);
#1893=EDGE_CURVE('',#2197,#2198,#421,.T.);
#1894=EDGE_CURVE('',#2198,#2196,#422,.T.);
#1895=EDGE_CURVE('',#2195,#2199,#2331,.T.);
#1896=EDGE_CURVE('',#2200,#2199,#423,.T.);
#1897=EDGE_CURVE('',#2197,#2200,#2332,.T.);
#1898=EDGE_CURVE('',#2201,#2199,#424,.T.);
#1899=EDGE_CURVE('',#2202,#2201,#425,.T.);
#1900=EDGE_CURVE('',#2202,#2200,#426,.T.);
#1901=EDGE_CURVE('',#2201,#2203,#2333,.T.);
#1902=EDGE_CURVE('',#2204,#2203,#427,.T.);
#1903=EDGE_CURVE('',#2202,#2204,#2334,.T.);
#1904=EDGE_CURVE('',#2203,#2205,#428,.T.);
#1905=EDGE_CURVE('',#2206,#2205,#429,.T.);
#1906=EDGE_CURVE('',#2204,#2206,#430,.T.);
#1907=EDGE_CURVE('',#2207,#2205,#2335,.T.);
#1908=EDGE_CURVE('',#2208,#2207,#431,.T.);
#1909=EDGE_CURVE('',#2208,#2206,#2336,.T.);
#1910=EDGE_CURVE('',#2207,#2209,#2337,.T.);
#1911=EDGE_CURVE('',#2210,#2209,#432,.T.);
#1912=EDGE_CURVE('',#2208,#2210,#2338,.T.);
#1913=EDGE_CURVE('',#2196,#2209,#2339,.T.);
#1914=EDGE_CURVE('',#2198,#2210,#2340,.T.);
#1915=EDGE_CURVE('',#2180,#2193,#2341,.T.);
#1916=EDGE_CURVE('',#2182,#2194,#2342,.T.);
#1917=EDGE_CURVE('',#2211,#2211,#2343,.T.);
#1918=EDGE_CURVE('',#2212,#2212,#2344,.T.);
#1919=EDGE_CURVE('',#2213,#2213,#2345,.T.);
#1920=EDGE_CURVE('',#2214,#2214,#2346,.T.);
#1921=EDGE_CURVE('',#2215,#2215,#2347,.T.);
#1922=EDGE_CURVE('',#2216,#2216,#2348,.T.);
#1923=EDGE_CURVE('',#2217,#2217,#2349,.T.);
#1924=EDGE_CURVE('',#2218,#2218,#2350,.T.);
#1925=EDGE_CURVE('',#2219,#2219,#2351,.T.);
#1926=EDGE_CURVE('',#2220,#2220,#2352,.T.);
#1927=VERTEX_POINT('',#4508);
#1928=VERTEX_POINT('',#4509);
#1929=VERTEX_POINT('',#4511);
#1930=VERTEX_POINT('',#4513);
#1931=VERTEX_POINT('',#4515);
#1932=VERTEX_POINT('',#4517);
#1933=VERTEX_POINT('',#4519);
#1934=VERTEX_POINT('',#4521);
#1935=VERTEX_POINT('',#4525);
#1936=VERTEX_POINT('',#4526);
#1937=VERTEX_POINT('',#4528);
#1938=VERTEX_POINT('',#4530);
#1939=VERTEX_POINT('',#4534);
#1940=VERTEX_POINT('',#4535);
#1941=VERTEX_POINT('',#4549);
#1942=VERTEX_POINT('',#4550);
#1943=VERTEX_POINT('',#4555);
#1944=VERTEX_POINT('',#4556);
#1945=VERTEX_POINT('',#4573);
#1946=VERTEX_POINT('',#4575);
#1947=VERTEX_POINT('',#4583);
#1948=VERTEX_POINT('',#4585);
#1949=VERTEX_POINT('',#4596);
#1950=VERTEX_POINT('',#4597);
#1951=VERTEX_POINT('',#4599);
#1952=VERTEX_POINT('',#4601);
#1953=VERTEX_POINT('',#4603);
#1954=VERTEX_POINT('',#4605);
#1955=VERTEX_POINT('',#4611);
#1956=VERTEX_POINT('',#4613);
#1957=VERTEX_POINT('',#4621);
#1958=VERTEX_POINT('',#4623);
#1959=VERTEX_POINT('',#4629);
#1960=VERTEX_POINT('',#4631);
#1961=VERTEX_POINT('',#4633);
#1962=VERTEX_POINT('',#4636);
#1963=VERTEX_POINT('',#4642);
#1964=VERTEX_POINT('',#4644);
#1965=VERTEX_POINT('',#4652);
#1966=VERTEX_POINT('',#4654);
#1967=VERTEX_POINT('',#4662);
#1968=VERTEX_POINT('',#4663);
#1969=VERTEX_POINT('',#4665);
#1970=VERTEX_POINT('',#4667);
#1971=VERTEX_POINT('',#4670);
#1972=VERTEX_POINT('',#4672);
#1973=VERTEX_POINT('',#4676);
#1974=VERTEX_POINT('',#4677);
#1975=VERTEX_POINT('',#4679);
#1976=VERTEX_POINT('',#4681);
#1977=VERTEX_POINT('',#4690);
#1978=VERTEX_POINT('',#4696);
#1979=VERTEX_POINT('',#4700);
#1980=VERTEX_POINT('',#4702);
#1981=VERTEX_POINT('',#4712);
#1982=VERTEX_POINT('',#4720);
#1983=VERTEX_POINT('',#4724);
#1984=VERTEX_POINT('',#4726);
#1985=VERTEX_POINT('',#4734);
#1986=VERTEX_POINT('',#4736);
#1987=VERTEX_POINT('',#4747);
#1988=VERTEX_POINT('',#4749);
#1989=VERTEX_POINT('',#4755);
#1990=VERTEX_POINT('',#4757);
#1991=VERTEX_POINT('',#4765);
#1992=VERTEX_POINT('',#4767);
#1993=VERTEX_POINT('',#4774);
#1994=VERTEX_POINT('',#4777);
#1995=VERTEX_POINT('',#4779);
#1996=VERTEX_POINT('',#4786);
#1997=VERTEX_POINT('',#4788);
#1998=VERTEX_POINT('',#4796);
#1999=VERTEX_POINT('',#4798);
#2000=VERTEX_POINT('',#4804);
#2001=VERTEX_POINT('',#4807);
#2002=VERTEX_POINT('',#4808);
#2003=VERTEX_POINT('',#4810);
#2004=VERTEX_POINT('',#4812);
#2005=VERTEX_POINT('',#4815);
#2006=VERTEX_POINT('',#4816);
#2007=VERTEX_POINT('',#4818);
#2008=VERTEX_POINT('',#4820);
#2009=VERTEX_POINT('',#4823);
#2010=VERTEX_POINT('',#4824);
#2011=VERTEX_POINT('',#4826);
#2012=VERTEX_POINT('',#4828);
#2013=VERTEX_POINT('',#4831);
#2014=VERTEX_POINT('',#4832);
#2015=VERTEX_POINT('',#4834);
#2016=VERTEX_POINT('',#4836);
#2017=VERTEX_POINT('',#4840);
#2018=VERTEX_POINT('',#4843);
#2019=VERTEX_POINT('',#4848);
#2020=VERTEX_POINT('',#4850);
#2021=VERTEX_POINT('',#4867);
#2022=VERTEX_POINT('',#4871);
#2023=VERTEX_POINT('',#4884);
#2024=VERTEX_POINT('',#4886);
#2025=VERTEX_POINT('',#4890);
#2026=VERTEX_POINT('',#4892);
#2027=VERTEX_POINT('',#4901);
#2028=VERTEX_POINT('',#4903);
#2029=VERTEX_POINT('',#4907);
#2030=VERTEX_POINT('',#4909);
#2031=VERTEX_POINT('',#4918);
#2032=VERTEX_POINT('',#4920);
#2033=VERTEX_POINT('',#4924);
#2034=VERTEX_POINT('',#4926);
#2035=VERTEX_POINT('',#4935);
#2036=VERTEX_POINT('',#4937);
#2037=VERTEX_POINT('',#4941);
#2038=VERTEX_POINT('',#4943);
#2039=VERTEX_POINT('',#4966);
#2040=VERTEX_POINT('',#4979);
#2041=VERTEX_POINT('',#4982);
#2042=VERTEX_POINT('',#4984);
#2043=VERTEX_POINT('',#4997);
#2044=VERTEX_POINT('',#4999);
#2045=VERTEX_POINT('',#5001);
#2046=VERTEX_POINT('',#5005);
#2047=VERTEX_POINT('',#5008);
#2048=VERTEX_POINT('',#5013);
#2049=VERTEX_POINT('',#5018);
#2050=VERTEX_POINT('',#5019);
#2051=VERTEX_POINT('',#5021);
#2052=VERTEX_POINT('',#5023);
#2053=VERTEX_POINT('',#5027);
#2054=VERTEX_POINT('',#5029);
#2055=VERTEX_POINT('',#5033);
#2056=VERTEX_POINT('',#5035);
#2057=VERTEX_POINT('',#5045);
#2058=VERTEX_POINT('',#5046);
#2059=VERTEX_POINT('',#5048);
#2060=VERTEX_POINT('',#5050);
#2061=VERTEX_POINT('',#5054);
#2062=VERTEX_POINT('',#5056);
#2063=VERTEX_POINT('',#5097);
#2064=VERTEX_POINT('',#5099);
#2065=VERTEX_POINT('',#5103);
#2066=VERTEX_POINT('',#5104);
#2067=VERTEX_POINT('',#5106);
#2068=VERTEX_POINT('',#5108);
#2069=VERTEX_POINT('',#5112);
#2070=VERTEX_POINT('',#5114);
#2071=VERTEX_POINT('',#5118);
#2072=VERTEX_POINT('',#5120);
#2073=VERTEX_POINT('',#5170);
#2074=VERTEX_POINT('',#5171);
#2075=VERTEX_POINT('',#5173);
#2076=VERTEX_POINT('',#5175);
#2077=VERTEX_POINT('',#5179);
#2078=VERTEX_POINT('',#5181);
#2079=VERTEX_POINT('',#5185);
#2080=VERTEX_POINT('',#5186);
#2081=VERTEX_POINT('',#5188);
#2082=VERTEX_POINT('',#5190);
#2083=VERTEX_POINT('',#5194);
#2084=VERTEX_POINT('',#5196);
#2085=VERTEX_POINT('',#5200);
#2086=VERTEX_POINT('',#5201);
#2087=VERTEX_POINT('',#5203);
#2088=VERTEX_POINT('',#5208);
#2089=VERTEX_POINT('',#5209);
#2090=VERTEX_POINT('',#5214);
#2091=VERTEX_POINT('',#5216);
#2092=VERTEX_POINT('',#5218);
#2093=VERTEX_POINT('',#5228);
#2094=VERTEX_POINT('',#5230);
#2095=VERTEX_POINT('',#5233);
#2096=VERTEX_POINT('',#5236);
#2097=VERTEX_POINT('',#5248);
#2098=VERTEX_POINT('',#5250);
#2099=VERTEX_POINT('',#5262);
#2100=VERTEX_POINT('',#5266);
#2101=VERTEX_POINT('',#5270);
#2102=VERTEX_POINT('',#5279);
#2103=VERTEX_POINT('',#5283);
#2104=VERTEX_POINT('',#5287);
#2105=VERTEX_POINT('',#5289);
#2106=VERTEX_POINT('',#5294);
#2107=VERTEX_POINT('',#5296);
#2108=VERTEX_POINT('',#5298);
#2109=VERTEX_POINT('',#5300);
#2110=VERTEX_POINT('',#5303);
#2111=VERTEX_POINT('',#5306);
#2112=VERTEX_POINT('',#5309);
#2113=VERTEX_POINT('',#5312);
#2114=VERTEX_POINT('',#5321);
#2115=VERTEX_POINT('',#5322);
#2116=VERTEX_POINT('',#5324);
#2117=VERTEX_POINT('',#5326);
#2118=VERTEX_POINT('',#5328);
#2119=VERTEX_POINT('',#5330);
#2120=VERTEX_POINT('',#5332);
#2121=VERTEX_POINT('',#5334);
#2122=VERTEX_POINT('',#5338);
#2123=VERTEX_POINT('',#5339);
#2124=VERTEX_POINT('',#5341);
#2125=VERTEX_POINT('',#5343);
#2126=VERTEX_POINT('',#5347);
#2127=VERTEX_POINT('',#5348);
#2128=VERTEX_POINT('',#5362);
#2129=VERTEX_POINT('',#5363);
#2130=VERTEX_POINT('',#5368);
#2131=VERTEX_POINT('',#5369);
#2132=VERTEX_POINT('',#5386);
#2133=VERTEX_POINT('',#5388);
#2134=VERTEX_POINT('',#5396);
#2135=VERTEX_POINT('',#5398);
#2136=VERTEX_POINT('',#5409);
#2137=VERTEX_POINT('',#5411);
#2138=VERTEX_POINT('',#5413);
#2139=VERTEX_POINT('',#5415);
#2140=VERTEX_POINT('',#5417);
#2141=VERTEX_POINT('',#5419);
#2142=VERTEX_POINT('',#5425);
#2143=VERTEX_POINT('',#5427);
#2144=VERTEX_POINT('',#5435);
#2145=VERTEX_POINT('',#5437);
#2146=VERTEX_POINT('',#5445);
#2147=VERTEX_POINT('',#5447);
#2148=VERTEX_POINT('',#5449);
#2149=VERTEX_POINT('',#5456);
#2150=VERTEX_POINT('',#5458);
#2151=VERTEX_POINT('',#5466);
#2152=VERTEX_POINT('',#5468);
#2153=VERTEX_POINT('',#5474);
#2154=VERTEX_POINT('',#5479);
#2155=VERTEX_POINT('',#5481);
#2156=VERTEX_POINT('',#5483);
#2157=VERTEX_POINT('',#5487);
#2158=VERTEX_POINT('',#5489);
#2159=VERTEX_POINT('',#5493);
#2160=VERTEX_POINT('',#5497);
#2161=VERTEX_POINT('',#5501);
#2162=VERTEX_POINT('',#5505);
#2163=VERTEX_POINT('',#5513);
#2164=VERTEX_POINT('',#5515);
#2165=VERTEX_POINT('',#5518);
#2166=VERTEX_POINT('',#5530);
#2167=VERTEX_POINT('',#5532);
#2168=VERTEX_POINT('',#5544);
#2169=VERTEX_POINT('',#5548);
#2170=VERTEX_POINT('',#5552);
#2171=VERTEX_POINT('',#5572);
#2172=VERTEX_POINT('',#5573);
#2173=VERTEX_POINT('',#5575);
#2174=VERTEX_POINT('',#5577);
#2175=VERTEX_POINT('',#5581);
#2176=VERTEX_POINT('',#5583);
#2177=VERTEX_POINT('',#5587);
#2178=VERTEX_POINT('',#5589);
#2179=VERTEX_POINT('',#5600);
#2180=VERTEX_POINT('',#5601);
#2181=VERTEX_POINT('',#5603);
#2182=VERTEX_POINT('',#5605);
#2183=VERTEX_POINT('',#5609);
#2184=VERTEX_POINT('',#5611);
#2185=VERTEX_POINT('',#5615);
#2186=VERTEX_POINT('',#5617);
#2187=VERTEX_POINT('',#5621);
#2188=VERTEX_POINT('',#5623);
#2189=VERTEX_POINT('',#5627);
#2190=VERTEX_POINT('',#5629);
#2191=VERTEX_POINT('',#5633);
#2192=VERTEX_POINT('',#5635);
#2193=VERTEX_POINT('',#5639);
#2194=VERTEX_POINT('',#5641);
#2195=VERTEX_POINT('',#5645);
#2196=VERTEX_POINT('',#5646);
#2197=VERTEX_POINT('',#5648);
#2198=VERTEX_POINT('',#5650);
#2199=VERTEX_POINT('',#5654);
#2200=VERTEX_POINT('',#5656);
#2201=VERTEX_POINT('',#5660);
#2202=VERTEX_POINT('',#5662);
#2203=VERTEX_POINT('',#5666);
#2204=VERTEX_POINT('',#5668);
#2205=VERTEX_POINT('',#5672);
#2206=VERTEX_POINT('',#5674);
#2207=VERTEX_POINT('',#5678);
#2208=VERTEX_POINT('',#5680);
#2209=VERTEX_POINT('',#5684);
#2210=VERTEX_POINT('',#5686);
#2211=VERTEX_POINT('',#5699);
#2212=VERTEX_POINT('',#5701);
#2213=VERTEX_POINT('',#5704);
#2214=VERTEX_POINT('',#5706);
#2215=VERTEX_POINT('',#5709);
#2216=VERTEX_POINT('',#5711);
#2217=VERTEX_POINT('',#5714);
#2218=VERTEX_POINT('',#5716);
#2219=VERTEX_POINT('',#5719);
#2220=VERTEX_POINT('',#5721);
#2221=CIRCLE('',#3262,0.0381);
#2222=CIRCLE('',#3263,0.03556);
#2223=CIRCLE('',#3264,0.0381);
#2224=CIRCLE('',#3268,0.0381);
#2225=CIRCLE('',#3269,0.03556);
#2226=CIRCLE('',#3272,0.03556);
#2227=CIRCLE('',#3273,0.0381);
#2228=CIRCLE('',#3277,0.0381);
#2229=CIRCLE('',#3278,0.0381);
#2230=CIRCLE('',#3279,0.0381);
#2231=CIRCLE('',#3280,0.0381);
#2232=CIRCLE('',#3281,0.0381);
#2233=CIRCLE('',#3282,0.0381);
#2234=CIRCLE('',#3283,0.0381);
#2235=CIRCLE('',#3285,0.0381);
#2236=CIRCLE('',#3286,0.03556);
#2237=CIRCLE('',#3290,0.03556);
#2238=CIRCLE('',#3291,0.0381);
#2239=CIRCLE('',#3294,0.0381);
#2240=CIRCLE('',#3295,0.03556);
#2241=CIRCLE('',#3299,0.03556);
#2242=CIRCLE('',#3300,0.03556);
#2243=CIRCLE('',#3301,0.03556);
#2244=CIRCLE('',#3302,0.03556);
#2245=CIRCLE('',#3303,0.03556);
#2246=CIRCLE('',#3304,0.03556);
#2247=CIRCLE('',#3305,0.03556);
#2248=CIRCLE('',#3306,0.03556);
#2249=CIRCLE('',#3307,0.03556);
#2250=CIRCLE('',#3308,0.03556);
#2251=CIRCLE('',#3309,0.03556);
#2252=CIRCLE('',#3310,0.03556);
#2253=CIRCLE('',#3311,0.03556);
#2254=CIRCLE('',#3312,0.03556);
#2255=CIRCLE('',#3314,0.0381);
#2256=CIRCLE('',#3315,0.0381);
#2257=CIRCLE('',#3360,0.003175);
#2258=CIRCLE('',#3363,0.0328295);
#2259=CIRCLE('',#3364,0.0328295);
#2260=CIRCLE('',#3366,0.0353695);
#2261=CIRCLE('',#3367,0.0353695);
#2262=CIRCLE('',#3370,0.0508);
#2263=CIRCLE('',#3372,0.0508);
#2264=CIRCLE('',#3376,0.003175);
#2265=CIRCLE('',#3388,0.0565903618);
#2266=CIRCLE('',#3389,0.0565903618);
#2267=CIRCLE('',#3393,0.0508);
#2268=CIRCLE('',#3394,0.0508);
#2269=CIRCLE('',#3397,0.0508);
#2270=CIRCLE('',#3398,0.0508);
#2271=CIRCLE('',#3402,0.0565903617999997);
#2272=CIRCLE('',#3403,0.0565903617999997);
#2273=CIRCLE('',#3408,0.0375671066226825);
#2274=CIRCLE('',#3409,0.0381);
#2275=CIRCLE('',#3411,0.0381);
#2276=CIRCLE('',#3413,0.0381);
#2277=CIRCLE('',#3414,0.0381);
#2278=CIRCLE('',#3422,0.03302);
#2279=CIRCLE('',#3423,0.03556);
#2280=CIRCLE('',#3425,0.03302);
#2281=CIRCLE('',#3427,0.0353695);
#2282=CIRCLE('',#3428,0.0353695);
#2283=CIRCLE('',#3431,0.003175);
#2284=CIRCLE('',#3434,0.003175);
#2285=CIRCLE('',#3438,0.0375671066226825);
#2286=CIRCLE('',#3440,0.0375671066226825);
#2287=CIRCLE('',#3442,0.048006);
#2288=CIRCLE('',#3444,0.0375671066226825);
#2289=CIRCLE('',#3445,0.0508);
#2290=CIRCLE('',#3448,0.05207);
#2291=CIRCLE('',#3449,0.05207);
#2292=CIRCLE('',#3453,0.009525);
#2293=CIRCLE('',#3454,0.009525);
#2294=CIRCLE('',#3455,0.009525);
#2295=CIRCLE('',#3456,0.009525);
#2296=CIRCLE('',#3458,0.009525);
#2297=CIRCLE('',#3460,0.009525);
#2298=CIRCLE('',#3462,0.009525);
#2299=CIRCLE('',#3464,0.009525);
#2300=CIRCLE('',#3472,0.03556);
#2301=CIRCLE('',#3473,0.0381);
#2302=CIRCLE('',#3474,0.0381);
#2303=CIRCLE('',#3478,0.03556);
#2304=CIRCLE('',#3479,0.0381);
#2305=CIRCLE('',#3482,0.0381);
#2306=CIRCLE('',#3483,0.03556);
#2307=CIRCLE('',#3487,0.0381);
#2308=CIRCLE('',#3488,0.0381);
#2309=CIRCLE('',#3489,0.0381);
#2310=CIRCLE('',#3490,0.0381);
#2311=CIRCLE('',#3492,0.03556);
#2312=CIRCLE('',#3493,0.03556);
#2313=CIRCLE('',#3494,0.03556);
#2314=CIRCLE('',#3495,0.03556);
#2315=CIRCLE('',#3497,0.0381);
#2316=CIRCLE('',#3499,0.0381);
#2317=CIRCLE('',#3507,0.03302);
#2318=CIRCLE('',#3508,0.03302);
#2319=CIRCLE('',#3510,0.0353695);
#2320=CIRCLE('',#3511,0.0353695);
#2321=CIRCLE('',#3514,0.003175);
#2322=CIRCLE('',#3517,0.003175);
#2323=CIRCLE('',#3539,0.0015182746345152);
#2324=CIRCLE('',#3540,0.0015182746345152);
#2325=CIRCLE('',#3543,0.00762);
#2326=CIRCLE('',#3544,0.00762);
#2327=CIRCLE('',#3546,0.0381);
#2328=CIRCLE('',#3547,0.0381);
#2329=CIRCLE('',#3549,0.00762);
#2330=CIRCLE('',#3550,0.00762);
#2331=CIRCLE('',#3554,0.002794);
#2332=CIRCLE('',#3555,0.002794);
#2333=CIRCLE('',#3558,0.002794);
#2334=CIRCLE('',#3559,0.002794);
#2335=CIRCLE('',#3562,0.00635000000000018);
#2336=CIRCLE('',#3563,0.00635000000000018);
#2337=CIRCLE('',#3565,0.03937);
#2338=CIRCLE('',#3566,0.03937);
#2339=CIRCLE('',#3568,0.00635);
#2340=CIRCLE('',#3569,0.00635);
#2341=CIRCLE('',#3571,0.00151827463451514);
#2342=CIRCLE('',#3572,0.00151827463451514);
#2343=CIRCLE('',#3577,0.009525);
#2344=CIRCLE('',#3578,0.009525);
#2345=CIRCLE('',#3580,0.009525);
#2346=CIRCLE('',#3581,0.009525);
#2347=CIRCLE('',#3583,0.009525);
#2348=CIRCLE('',#3584,0.009525);
#2349=CIRCLE('',#3586,0.009525);
#2350=CIRCLE('',#3587,0.009525);
#2351=CIRCLE('',#3589,0.03556);
#2352=CIRCLE('',#3590,0.03556);
#2353=EDGE_LOOP('',(#673,#674,#675,#676,#677,#678,#679,#680));
#2354=EDGE_LOOP('',(#681,#682,#683,#684));
#2355=EDGE_LOOP('',(#685,#686,#687,#688));
#2356=EDGE_LOOP('',(#689,#690,#691,#692));
#2357=EDGE_LOOP('',(#693,#694,#695,#696));
#2358=EDGE_LOOP('',(#697,#698,#699,#700));
#2359=EDGE_LOOP('',(#701,#702,#703,#704));
#2360=EDGE_LOOP('',(#705,#706,#707,#708));
#2361=EDGE_LOOP('',(#709,#710,#711,#712,#713,#714,#715,#716,#717,#718,#719,
#720,#721,#722,#723,#724,#725,#726,#727,#728));
#2362=EDGE_LOOP('',(#729,#730,#731,#732,#733,#734,#735,#736));
#2363=EDGE_LOOP('',(#737,#738,#739,#740));
#2364=EDGE_LOOP('',(#741,#742,#743,#744));
#2365=EDGE_LOOP('',(#745,#746,#747,#748));
#2366=EDGE_LOOP('',(#749,#750,#751,#752));
#2367=EDGE_LOOP('',(#753,#754,#755,#756));
#2368=EDGE_LOOP('',(#757,#758,#759,#760));
#2369=EDGE_LOOP('',(#761,#762,#763,#764));
#2370=EDGE_LOOP('',(#765,#766,#767,#768,#769,#770,#771,#772,#773,#774,#775,
#776,#777,#778,#779,#780));
#2371=EDGE_LOOP('',(#781,#782,#783,#784,#785,#786,#787,#788,#789,#790,#791,
#792,#793,#794,#795,#796));
#2372=EDGE_LOOP('',(#797,#798,#799,#800));
#2373=EDGE_LOOP('',(#801,#802,#803,#804));
#2374=EDGE_LOOP('',(#805,#806,#807,#808));
#2375=EDGE_LOOP('',(#809,#810,#811,#812));
#2376=EDGE_LOOP('',(#813,#814,#815,#816,#817,#818,#819,#820,#821,#822,#823,
#824,#825,#826,#827,#828,#829,#830,#831,#832));
#2377=EDGE_LOOP('',(#833,#834,#835,#836,#837,#838,#839,#840));
#2378=EDGE_LOOP('',(#841,#842,#843,#844));
#2379=EDGE_LOOP('',(#845,#846,#847,#848));
#2380=EDGE_LOOP('',(#849,#850,#851,#852));
#2381=EDGE_LOOP('',(#853,#854,#855,#856));
#2382=EDGE_LOOP('',(#857,#858,#859,#860));
#2383=EDGE_LOOP('',(#861,#862,#863,#864));
#2384=EDGE_LOOP('',(#865,#866,#867,#868));
#2385=EDGE_LOOP('',(#869,#870,#871,#872));
#2386=EDGE_LOOP('',(#873,#874,#875,#876));
#2387=EDGE_LOOP('',(#877,#878,#879,#880));
#2388=EDGE_LOOP('',(#881,#882,#883,#884));
#2389=EDGE_LOOP('',(#885,#886,#887,#888));
#2390=EDGE_LOOP('',(#889,#890,#891,#892));
#2391=EDGE_LOOP('',(#893,#894,#895,#896,#897,#898,#899,#900));
#2392=EDGE_LOOP('',(#901,#902,#903,#904));
#2393=EDGE_LOOP('',(#905,#906,#907,#908));
#2394=EDGE_LOOP('',(#909,#910,#911,#912));
#2395=EDGE_LOOP('',(#913,#914,#915,#916));
#2396=EDGE_LOOP('',(#917,#918,#919,#920));
#2397=EDGE_LOOP('',(#921,#922,#923,#924));
#2398=EDGE_LOOP('',(#925,#926,#927,#928));
#2399=EDGE_LOOP('',(#929,#930,#931,#932));
#2400=EDGE_LOOP('',(#933,#934,#935,#936));
#2401=EDGE_LOOP('',(#937,#938,#939,#940));
#2402=EDGE_LOOP('',(#941,#942,#943,#944));
#2403=EDGE_LOOP('',(#945,#946,#947,#948));
#2404=EDGE_LOOP('',(#949,#950,#951,#952));
#2405=EDGE_LOOP('',(#953,#954,#955,#956));
#2406=EDGE_LOOP('',(#957,#958,#959,#960));
#2407=EDGE_LOOP('',(#961,#962,#963,#964));
#2408=EDGE_LOOP('',(#965,#966,#967,#968));
#2409=EDGE_LOOP('',(#969,#970,#971,#972));
#2410=EDGE_LOOP('',(#973,#974,#975,#976));
#2411=EDGE_LOOP('',(#977,#978,#979,#980));
#2412=EDGE_LOOP('',(#981,#982,#983,#984));
#2413=EDGE_LOOP('',(#985,#986,#987,#988));
#2414=EDGE_LOOP('',(#989,#990,#991,#992));
#2415=EDGE_LOOP('',(#993,#994,#995,#996));
#2416=EDGE_LOOP('',(#997,#998,#999,#1000));
#2417=EDGE_LOOP('',(#1001,#1002,#1003,#1004));
#2418=EDGE_LOOP('',(#1005,#1006,#1007,#1008));
#2419=EDGE_LOOP('',(#1009));
#2420=EDGE_LOOP('',(#1010));
#2421=EDGE_LOOP('',(#1011));
#2422=EDGE_LOOP('',(#1012));
#2423=EDGE_LOOP('',(#1013));
#2424=EDGE_LOOP('',(#1014));
#2425=EDGE_LOOP('',(#1015));
#2426=EDGE_LOOP('',(#1016));
#2427=EDGE_LOOP('',(#1017));
#2428=EDGE_LOOP('',(#1018));
#2429=EDGE_LOOP('',(#1019));
#2430=EDGE_LOOP('',(#1020));
#2431=EDGE_LOOP('',(#1021));
#2432=EDGE_LOOP('',(#1022));
#2433=EDGE_LOOP('',(#1023));
#2434=EDGE_LOOP('',(#1024));
#2435=EDGE_LOOP('',(#1025));
#2436=EDGE_LOOP('',(#1026));
#2437=EDGE_LOOP('',(#1027));
#2438=EDGE_LOOP('',(#1028));
#2439=EDGE_LOOP('',(#1029,#1030,#1031,#1032));
#2440=EDGE_LOOP('',(#1033,#1034,#1035,#1036));
#2441=EDGE_LOOP('',(#1037,#1038,#1039,#1040));
#2442=EDGE_LOOP('',(#1041,#1042,#1043,#1044));
#2443=EDGE_LOOP('',(#1045,#1046,#1047,#1048));
#2444=EDGE_LOOP('',(#1049,#1050,#1051,#1052));
#2445=EDGE_LOOP('',(#1053,#1054,#1055,#1056));
#2446=EDGE_LOOP('',(#1057,#1058,#1059,#1060));
#2447=EDGE_LOOP('',(#1061,#1062,#1063,#1064));
#2448=EDGE_LOOP('',(#1065,#1066,#1067,#1068));
#2449=EDGE_LOOP('',(#1069,#1070,#1071,#1072));
#2450=EDGE_LOOP('',(#1073,#1074,#1075,#1076));
#2451=EDGE_LOOP('',(#1077,#1078,#1079,#1080));
#2452=EDGE_LOOP('',(#1081,#1082,#1083,#1084));
#2453=EDGE_LOOP('',(#1085,#1086,#1087,#1088));
#2454=EDGE_LOOP('',(#1089,#1090,#1091,#1092));
#2455=EDGE_LOOP('',(#1093,#1094,#1095,#1096));
#2456=EDGE_LOOP('',(#1097,#1098,#1099,#1100));
#2457=EDGE_LOOP('',(#1101,#1102,#1103,#1104));
#2458=EDGE_LOOP('',(#1105,#1106,#1107,#1108));
#2459=EDGE_LOOP('',(#1109,#1110,#1111,#1112));
#2460=EDGE_LOOP('',(#1113,#1114,#1115,#1116,#1117));
#2461=EDGE_LOOP('',(#1118,#1119,#1120,#1121,#1122));
#2462=EDGE_LOOP('',(#1123,#1124,#1125,#1126,#1127));
#2463=EDGE_LOOP('',(#1128,#1129,#1130,#1131,#1132));
#2464=EDGE_LOOP('',(#1133,#1134,#1135,#1136));
#2465=EDGE_LOOP('',(#1137,#1138,#1139,#1140));
#2466=EDGE_LOOP('',(#1141));
#2467=EDGE_LOOP('',(#1142));
#2468=EDGE_LOOP('',(#1143));
#2469=EDGE_LOOP('',(#1144));
#2470=EDGE_LOOP('',(#1145));
#2471=EDGE_LOOP('',(#1146));
#2472=EDGE_LOOP('',(#1147));
#2473=EDGE_LOOP('',(#1148));
#2474=EDGE_LOOP('',(#1149));
#2475=EDGE_LOOP('',(#1150,#1151,#1152,#1153,#1154,#1155,#1156,#1157));
#2476=EDGE_LOOP('',(#1158));
#2477=EDGE_LOOP('',(#1159));
#2478=EDGE_LOOP('',(#1160));
#2479=EDGE_LOOP('',(#1161));
#2480=EDGE_LOOP('',(#1162));
#2481=EDGE_LOOP('',(#1163));
#2482=EDGE_LOOP('',(#1164));
#2483=EDGE_LOOP('',(#1165));
#2484=EDGE_LOOP('',(#1166,#1167,#1168,#1169));
#2485=EDGE_LOOP('',(#1170,#1171,#1172,#1173));
#2486=EDGE_LOOP('',(#1174));
#2487=EDGE_LOOP('',(#1175));
#2488=EDGE_LOOP('',(#1176,#1177,#1178,#1179));
#2489=EDGE_LOOP('',(#1180));
#2490=EDGE_LOOP('',(#1181,#1182,#1183,#1184));
#2491=EDGE_LOOP('',(#1185));
#2492=EDGE_LOOP('',(#1186));
#2493=EDGE_LOOP('',(#1187));
#2494=EDGE_LOOP('',(#1188));
#2495=EDGE_LOOP('',(#1189));
#2496=EDGE_LOOP('',(#1190));
#2497=EDGE_LOOP('',(#1191));
#2498=EDGE_LOOP('',(#1192));
#2499=EDGE_LOOP('',(#1193));
#2500=EDGE_LOOP('',(#1194));
#2501=EDGE_LOOP('',(#1195));
#2502=EDGE_LOOP('',(#1196));
#2503=EDGE_LOOP('',(#1197));
#2504=EDGE_LOOP('',(#1198));
#2505=EDGE_LOOP('',(#1199));
#2506=EDGE_LOOP('',(#1200));
#2507=EDGE_LOOP('',(#1201));
#2508=EDGE_LOOP('',(#1202));
#2509=EDGE_LOOP('',(#1203));
#2510=EDGE_LOOP('',(#1204));
#2511=EDGE_LOOP('',(#1205));
#2512=EDGE_LOOP('',(#1206));
#2513=EDGE_LOOP('',(#1207,#1208,#1209,#1210,#1211,#1212,#1213,#1214));
#2514=EDGE_LOOP('',(#1215,#1216,#1217,#1218));
#2515=EDGE_LOOP('',(#1219,#1220,#1221,#1222));
#2516=EDGE_LOOP('',(#1223,#1224,#1225,#1226));
#2517=EDGE_LOOP('',(#1227,#1228,#1229,#1230));
#2518=EDGE_LOOP('',(#1231,#1232,#1233,#1234));
#2519=EDGE_LOOP('',(#1235,#1236,#1237,#1238));
#2520=EDGE_LOOP('',(#1239,#1240,#1241,#1242));
#2521=EDGE_LOOP('',(#1243,#1244,#1245,#1246,#1247,#1248,#1249,#1250,#1251,
#1252,#1253,#1254));
#2522=EDGE_LOOP('',(#1255));
#2523=EDGE_LOOP('',(#1256,#1257,#1258,#1259,#1260,#1261,#1262,#1263,#1264,
#1265,#1266,#1267,#1268,#1269,#1270,#1271));
#2524=EDGE_LOOP('',(#1272,#1273,#1274,#1275,#1276,#1277,#1278,#1279));
#2525=EDGE_LOOP('',(#1280,#1281,#1282,#1283,#1284,#1285,#1286,#1287,#1288,
#1289,#1290,#1291));
#2526=EDGE_LOOP('',(#1292,#1293,#1294,#1295));
#2527=EDGE_LOOP('',(#1296,#1297,#1298,#1299));
#2528=EDGE_LOOP('',(#1300,#1301,#1302,#1303));
#2529=EDGE_LOOP('',(#1304,#1305,#1306,#1307));
#2530=EDGE_LOOP('',(#1308,#1309,#1310,#1311));
#2531=EDGE_LOOP('',(#1312,#1313,#1314,#1315));
#2532=EDGE_LOOP('',(#1316));
#2533=EDGE_LOOP('',(#1317));
#2534=EDGE_LOOP('',(#1318));
#2535=EDGE_LOOP('',(#1319));
#2536=EDGE_LOOP('',(#1320));
#2537=EDGE_LOOP('',(#1321));
#2538=EDGE_LOOP('',(#1322));
#2539=EDGE_LOOP('',(#1323,#1324,#1325,#1326,#1327,#1328,#1329,#1330));
#2540=EDGE_LOOP('',(#1331));
#2541=EDGE_LOOP('',(#1332));
#2542=EDGE_LOOP('',(#1333));
#2543=EDGE_LOOP('',(#1334));
#2544=EDGE_LOOP('',(#1335));
#2545=EDGE_LOOP('',(#1336));
#2546=EDGE_LOOP('',(#1337));
#2547=EDGE_LOOP('',(#1338));
#2548=EDGE_LOOP('',(#1339));
#2549=EDGE_LOOP('',(#1340));
#2550=EDGE_LOOP('',(#1341,#1342,#1343,#1344));
#2551=EDGE_LOOP('',(#1345,#1346,#1347,#1348));
#2552=EDGE_LOOP('',(#1349,#1350,#1351,#1352));
#2553=EDGE_LOOP('',(#1353,#1354,#1355,#1356));
#2554=EDGE_LOOP('',(#1357,#1358,#1359,#1360));
#2555=EDGE_LOOP('',(#1361,#1362,#1363,#1364));
#2556=EDGE_LOOP('',(#1365,#1366,#1367,#1368));
#2557=EDGE_LOOP('',(#1369,#1370,#1371,#1372));
#2558=EDGE_LOOP('',(#1373,#1374,#1375,#1376));
#2559=EDGE_LOOP('',(#1377,#1378,#1379,#1380));
#2560=EDGE_LOOP('',(#1381,#1382,#1383,#1384));
#2561=EDGE_LOOP('',(#1385,#1386,#1387,#1388));
#2562=EDGE_LOOP('',(#1389,#1390,#1391,#1392));
#2563=EDGE_LOOP('',(#1393,#1394,#1395,#1396));
#2564=EDGE_LOOP('',(#1397,#1398,#1399,#1400));
#2565=EDGE_LOOP('',(#1401,#1402,#1403,#1404));
#2566=EDGE_LOOP('',(#1405,#1406,#1407,#1408));
#2567=EDGE_LOOP('',(#1409,#1410,#1411,#1412));
#2568=EDGE_LOOP('',(#1413,#1414,#1415,#1416));
#2569=EDGE_LOOP('',(#1417,#1418,#1419,#1420));
#2570=EDGE_LOOP('',(#1421,#1422,#1423,#1424));
#2571=EDGE_LOOP('',(#1425,#1426,#1427,#1428));
#2572=EDGE_LOOP('',(#1429,#1430,#1431,#1432));
#2573=EDGE_LOOP('',(#1433,#1434,#1435,#1436));
#2574=EDGE_LOOP('',(#1437,#1438,#1439,#1440));
#2575=EDGE_LOOP('',(#1441,#1442,#1443,#1444));
#2576=EDGE_LOOP('',(#1445,#1446,#1447,#1448));
#2577=EDGE_LOOP('',(#1449,#1450,#1451,#1452));
#2578=EDGE_LOOP('',(#1453,#1454,#1455,#1456));
#2579=EDGE_LOOP('',(#1457,#1458,#1459,#1460,#1461,#1462,#1463,#1464));
#2580=EDGE_LOOP('',(#1465,#1466,#1467,#1468,#1469,#1470,#1471,#1472));
#2581=EDGE_LOOP('',(#1473,#1474,#1475,#1476,#1477,#1478,#1479,#1480));
#2582=EDGE_LOOP('',(#1481,#1482,#1483,#1484,#1485,#1486,#1487,#1488));
#2583=EDGE_LOOP('',(#1489));
#2584=EDGE_LOOP('',(#1490));
#2585=EDGE_LOOP('',(#1491));
#2586=EDGE_LOOP('',(#1492));
#2587=EDGE_LOOP('',(#1493));
#2588=EDGE_LOOP('',(#1494));
#2589=EDGE_LOOP('',(#1495));
#2590=EDGE_LOOP('',(#1496));
#2591=EDGE_LOOP('',(#1497));
#2592=EDGE_LOOP('',(#1498));
#2593=EDGE_LOOP('',(#1499));
#2594=EDGE_LOOP('',(#1500));
#2595=EDGE_LOOP('',(#1501));
#2596=EDGE_LOOP('',(#1502));
#2597=EDGE_LOOP('',(#1503));
#2598=EDGE_LOOP('',(#1504));
#2599=EDGE_LOOP('',(#1505));
#2600=EDGE_LOOP('',(#1506));
#2601=EDGE_LOOP('',(#1507));
#2602=EDGE_LOOP('',(#1508));
#2603=FACE_BOUND('',#2353,.T.);
#2604=FACE_BOUND('',#2354,.T.);
#2605=FACE_BOUND('',#2355,.T.);
#2606=FACE_BOUND('',#2356,.T.);
#2607=FACE_BOUND('',#2357,.T.);
#2608=FACE_BOUND('',#2358,.T.);
#2609=FACE_BOUND('',#2359,.T.);
#2610=FACE_BOUND('',#2360,.T.);
#2611=FACE_BOUND('',#2361,.T.);
#2612=FACE_BOUND('',#2362,.T.);
#2613=FACE_BOUND('',#2363,.T.);
#2614=FACE_BOUND('',#2364,.T.);
#2615=FACE_BOUND('',#2365,.T.);
#2616=FACE_BOUND('',#2366,.T.);
#2617=FACE_BOUND('',#2367,.T.);
#2618=FACE_BOUND('',#2368,.T.);
#2619=FACE_BOUND('',#2369,.T.);
#2620=FACE_BOUND('',#2370,.T.);
#2621=FACE_BOUND('',#2371,.T.);
#2622=FACE_BOUND('',#2372,.T.);
#2623=FACE_BOUND('',#2373,.T.);
#2624=FACE_BOUND('',#2374,.T.);
#2625=FACE_BOUND('',#2375,.T.);
#2626=FACE_BOUND('',#2376,.T.);
#2627=FACE_BOUND('',#2377,.T.);
#2628=FACE_BOUND('',#2378,.T.);
#2629=FACE_BOUND('',#2379,.T.);
#2630=FACE_BOUND('',#2380,.T.);
#2631=FACE_BOUND('',#2381,.T.);
#2632=FACE_BOUND('',#2382,.T.);
#2633=FACE_BOUND('',#2383,.T.);
#2634=FACE_BOUND('',#2384,.T.);
#2635=FACE_BOUND('',#2385,.T.);
#2636=FACE_BOUND('',#2386,.T.);
#2637=FACE_BOUND('',#2387,.T.);
#2638=FACE_BOUND('',#2388,.T.);
#2639=FACE_BOUND('',#2389,.T.);
#2640=FACE_BOUND('',#2390,.T.);
#2641=FACE_BOUND('',#2391,.T.);
#2642=FACE_BOUND('',#2392,.T.);
#2643=FACE_BOUND('',#2393,.T.);
#2644=FACE_BOUND('',#2394,.T.);
#2645=FACE_BOUND('',#2395,.T.);
#2646=FACE_BOUND('',#2396,.T.);
#2647=FACE_BOUND('',#2397,.T.);
#2648=FACE_BOUND('',#2398,.T.);
#2649=FACE_BOUND('',#2399,.T.);
#2650=FACE_BOUND('',#2400,.T.);
#2651=FACE_BOUND('',#2401,.T.);
#2652=FACE_BOUND('',#2402,.T.);
#2653=FACE_BOUND('',#2403,.T.);
#2654=FACE_BOUND('',#2404,.T.);
#2655=FACE_BOUND('',#2405,.T.);
#2656=FACE_BOUND('',#2406,.T.);
#2657=FACE_BOUND('',#2407,.T.);
#2658=FACE_BOUND('',#2408,.T.);
#2659=FACE_BOUND('',#2409,.T.);
#2660=FACE_BOUND('',#2410,.T.);
#2661=FACE_BOUND('',#2411,.T.);
#2662=FACE_BOUND('',#2412,.T.);
#2663=FACE_BOUND('',#2413,.T.);
#2664=FACE_BOUND('',#2414,.T.);
#2665=FACE_BOUND('',#2415,.T.);
#2666=FACE_BOUND('',#2416,.T.);
#2667=FACE_BOUND('',#2417,.T.);
#2668=FACE_BOUND('',#2418,.T.);
#2669=FACE_BOUND('',#2419,.T.);
#2670=FACE_BOUND('',#2420,.T.);
#2671=FACE_BOUND('',#2421,.T.);
#2672=FACE_BOUND('',#2422,.T.);
#2673=FACE_BOUND('',#2423,.T.);
#2674=FACE_BOUND('',#2424,.T.);
#2675=FACE_BOUND('',#2425,.T.);
#2676=FACE_BOUND('',#2426,.T.);
#2677=FACE_BOUND('',#2427,.T.);
#2678=FACE_BOUND('',#2428,.T.);
#2679=FACE_BOUND('',#2429,.T.);
#2680=FACE_BOUND('',#2430,.T.);
#2681=FACE_BOUND('',#2431,.T.);
#2682=FACE_BOUND('',#2432,.T.);
#2683=FACE_BOUND('',#2433,.T.);
#2684=FACE_BOUND('',#2434,.T.);
#2685=FACE_BOUND('',#2435,.T.);
#2686=FACE_BOUND('',#2436,.T.);
#2687=FACE_BOUND('',#2437,.T.);
#2688=FACE_BOUND('',#2438,.T.);
#2689=FACE_BOUND('',#2439,.T.);
#2690=FACE_BOUND('',#2440,.T.);
#2691=FACE_BOUND('',#2441,.T.);
#2692=FACE_BOUND('',#2442,.T.);
#2693=FACE_BOUND('',#2443,.T.);
#2694=FACE_BOUND('',#2444,.T.);
#2695=FACE_BOUND('',#2445,.T.);
#2696=FACE_BOUND('',#2446,.T.);
#2697=FACE_BOUND('',#2447,.T.);
#2698=FACE_BOUND('',#2448,.T.);
#2699=FACE_BOUND('',#2449,.T.);
#2700=FACE_BOUND('',#2450,.T.);
#2701=FACE_BOUND('',#2451,.T.);
#2702=FACE_BOUND('',#2452,.T.);
#2703=FACE_BOUND('',#2453,.T.);
#2704=FACE_BOUND('',#2454,.T.);
#2705=FACE_BOUND('',#2455,.T.);
#2706=FACE_BOUND('',#2456,.T.);
#2707=FACE_BOUND('',#2457,.T.);
#2708=FACE_BOUND('',#2458,.T.);
#2709=FACE_BOUND('',#2459,.T.);
#2710=FACE_BOUND('',#2460,.T.);
#2711=FACE_BOUND('',#2461,.T.);
#2712=FACE_BOUND('',#2462,.T.);
#2713=FACE_BOUND('',#2463,.T.);
#2714=FACE_BOUND('',#2464,.T.);
#2715=FACE_BOUND('',#2465,.T.);
#2716=FACE_BOUND('',#2466,.T.);
#2717=FACE_BOUND('',#2467,.T.);
#2718=FACE_BOUND('',#2468,.T.);
#2719=FACE_BOUND('',#2469,.T.);
#2720=FACE_BOUND('',#2470,.T.);
#2721=FACE_BOUND('',#2471,.T.);
#2722=FACE_BOUND('',#2472,.T.);
#2723=FACE_BOUND('',#2473,.T.);
#2724=FACE_BOUND('',#2474,.T.);
#2725=FACE_BOUND('',#2475,.T.);
#2726=FACE_BOUND('',#2476,.T.);
#2727=FACE_BOUND('',#2477,.T.);
#2728=FACE_BOUND('',#2478,.T.);
#2729=FACE_BOUND('',#2479,.T.);
#2730=FACE_BOUND('',#2480,.T.);
#2731=FACE_BOUND('',#2481,.T.);
#2732=FACE_BOUND('',#2482,.T.);
#2733=FACE_BOUND('',#2483,.T.);
#2734=FACE_BOUND('',#2484,.T.);
#2735=FACE_BOUND('',#2485,.T.);
#2736=FACE_BOUND('',#2486,.T.);
#2737=FACE_BOUND('',#2487,.T.);
#2738=FACE_BOUND('',#2488,.T.);
#2739=FACE_BOUND('',#2489,.T.);
#2740=FACE_BOUND('',#2490,.T.);
#2741=FACE_BOUND('',#2491,.T.);
#2742=FACE_BOUND('',#2492,.T.);
#2743=FACE_BOUND('',#2493,.T.);
#2744=FACE_BOUND('',#2494,.T.);
#2745=FACE_BOUND('',#2495,.T.);
#2746=FACE_BOUND('',#2496,.T.);
#2747=FACE_BOUND('',#2497,.T.);
#2748=FACE_BOUND('',#2498,.T.);
#2749=FACE_BOUND('',#2499,.T.);
#2750=FACE_BOUND('',#2500,.T.);
#2751=FACE_BOUND('',#2501,.T.);
#2752=FACE_BOUND('',#2502,.T.);
#2753=FACE_BOUND('',#2503,.T.);
#2754=FACE_BOUND('',#2504,.T.);
#2755=FACE_BOUND('',#2505,.T.);
#2756=FACE_BOUND('',#2506,.T.);
#2757=FACE_BOUND('',#2507,.T.);
#2758=FACE_BOUND('',#2508,.T.);
#2759=FACE_BOUND('',#2509,.T.);
#2760=FACE_BOUND('',#2510,.T.);
#2761=FACE_BOUND('',#2511,.T.);
#2762=FACE_BOUND('',#2512,.T.);
#2763=FACE_BOUND('',#2513,.T.);
#2764=FACE_BOUND('',#2514,.T.);
#2765=FACE_BOUND('',#2515,.T.);
#2766=FACE_BOUND('',#2516,.T.);
#2767=FACE_BOUND('',#2517,.T.);
#2768=FACE_BOUND('',#2518,.T.);
#2769=FACE_BOUND('',#2519,.T.);
#2770=FACE_BOUND('',#2520,.T.);
#2771=FACE_BOUND('',#2521,.T.);
#2772=FACE_BOUND('',#2522,.T.);
#2773=FACE_BOUND('',#2523,.T.);
#2774=FACE_BOUND('',#2524,.T.);
#2775=FACE_BOUND('',#2525,.T.);
#2776=FACE_BOUND('',#2526,.T.);
#2777=FACE_BOUND('',#2527,.T.);
#2778=FACE_BOUND('',#2528,.T.);
#2779=FACE_BOUND('',#2529,.T.);
#2780=FACE_BOUND('',#2530,.T.);
#2781=FACE_BOUND('',#2531,.T.);
#2782=FACE_BOUND('',#2532,.T.);
#2783=FACE_BOUND('',#2533,.T.);
#2784=FACE_BOUND('',#2534,.T.);
#2785=FACE_BOUND('',#2535,.T.);
#2786=FACE_BOUND('',#2536,.T.);
#2787=FACE_BOUND('',#2537,.T.);
#2788=FACE_BOUND('',#2538,.T.);
#2789=FACE_BOUND('',#2539,.T.);
#2790=FACE_BOUND('',#2540,.T.);
#2791=FACE_BOUND('',#2541,.T.);
#2792=FACE_BOUND('',#2542,.T.);
#2793=FACE_BOUND('',#2543,.T.);
#2794=FACE_BOUND('',#2544,.T.);
#2795=FACE_BOUND('',#2545,.T.);
#2796=FACE_BOUND('',#2546,.T.);
#2797=FACE_BOUND('',#2547,.T.);
#2798=FACE_BOUND('',#2548,.T.);
#2799=FACE_BOUND('',#2549,.T.);
#2800=FACE_BOUND('',#2550,.T.);
#2801=FACE_BOUND('',#2551,.T.);
#2802=FACE_BOUND('',#2552,.T.);
#2803=FACE_BOUND('',#2553,.T.);
#2804=FACE_BOUND('',#2554,.T.);
#2805=FACE_BOUND('',#2555,.T.);
#2806=FACE_BOUND('',#2556,.T.);
#2807=FACE_BOUND('',#2557,.T.);
#2808=FACE_BOUND('',#2558,.T.);
#2809=FACE_BOUND('',#2559,.T.);
#2810=FACE_BOUND('',#2560,.T.);
#2811=FACE_BOUND('',#2561,.T.);
#2812=FACE_BOUND('',#2562,.T.);
#2813=FACE_BOUND('',#2563,.T.);
#2814=FACE_BOUND('',#2564,.T.);
#2815=FACE_BOUND('',#2565,.T.);
#2816=FACE_BOUND('',#2566,.T.);
#2817=FACE_BOUND('',#2567,.T.);
#2818=FACE_BOUND('',#2568,.T.);
#2819=FACE_BOUND('',#2569,.T.);
#2820=FACE_BOUND('',#2570,.T.);
#2821=FACE_BOUND('',#2571,.T.);
#2822=FACE_BOUND('',#2572,.T.);
#2823=FACE_BOUND('',#2573,.T.);
#2824=FACE_BOUND('',#2574,.T.);
#2825=FACE_BOUND('',#2575,.T.);
#2826=FACE_BOUND('',#2576,.T.);
#2827=FACE_BOUND('',#2577,.T.);
#2828=FACE_BOUND('',#2578,.T.);
#2829=FACE_BOUND('',#2579,.T.);
#2830=FACE_BOUND('',#2580,.T.);
#2831=FACE_BOUND('',#2581,.T.);
#2832=FACE_BOUND('',#2582,.T.);
#2833=FACE_BOUND('',#2583,.T.);
#2834=FACE_BOUND('',#2584,.T.);
#2835=FACE_BOUND('',#2585,.T.);
#2836=FACE_BOUND('',#2586,.T.);
#2837=FACE_BOUND('',#2587,.T.);
#2838=FACE_BOUND('',#2588,.T.);
#2839=FACE_BOUND('',#2589,.T.);
#2840=FACE_BOUND('',#2590,.T.);
#2841=FACE_BOUND('',#2591,.T.);
#2842=FACE_BOUND('',#2592,.T.);
#2843=FACE_BOUND('',#2593,.T.);
#2844=FACE_BOUND('',#2594,.T.);
#2845=FACE_BOUND('',#2595,.T.);
#2846=FACE_BOUND('',#2596,.T.);
#2847=FACE_BOUND('',#2597,.T.);
#2848=FACE_BOUND('',#2598,.T.);
#2849=FACE_BOUND('',#2599,.T.);
#2850=FACE_BOUND('',#2600,.T.);
#2851=FACE_BOUND('',#2601,.T.);
#2852=FACE_BOUND('',#2602,.T.);
#2853=PLANE('',#3261);
#2854=PLANE('',#3265);
#2855=PLANE('',#3267);
#2856=PLANE('',#3271);
#2857=PLANE('',#3275);
#2858=PLANE('',#3284);
#2859=PLANE('',#3287);
#2860=PLANE('',#3289);
#2861=PLANE('',#3293);
#2862=PLANE('',#3297);
#2863=PLANE('',#3316);
#2864=PLANE('',#3318);
#2865=PLANE('',#3320);
#2866=PLANE('',#3322);
#2867=PLANE('',#3323);
#2868=PLANE('',#3324);
#2869=PLANE('',#3325);
#2870=PLANE('',#3326);
#2871=PLANE('',#3327);
#2872=PLANE('',#3328);
#2873=PLANE('',#3329);
#2874=PLANE('',#3330);
#2875=PLANE('',#3331);
#2876=PLANE('',#3332);
#2877=PLANE('',#3333);
#2878=PLANE('',#3334);
#2879=PLANE('',#3335);
#2880=PLANE('',#3336);
#2881=PLANE('',#3337);
#2882=PLANE('',#3338);
#2883=PLANE('',#3339);
#2884=PLANE('',#3340);
#2885=PLANE('',#3341);
#2886=PLANE('',#3342);
#2887=PLANE('',#3343);
#2888=PLANE('',#3344);
#2889=PLANE('',#3345);
#2890=PLANE('',#3346);
#2891=PLANE('',#3347);
#2892=PLANE('',#3348);
#2893=PLANE('',#3349);
#2894=PLANE('',#3350);
#2895=PLANE('',#3352);
#2896=PLANE('',#3354);
#2897=PLANE('',#3356);
#2898=PLANE('',#3357);
#2899=PLANE('',#3359);
#2900=PLANE('',#3368);
#2901=PLANE('',#3369);
#2902=PLANE('',#3371);
#2903=PLANE('',#3374);
#2904=PLANE('',#3377);
#2905=PLANE('',#3379);
#2906=PLANE('',#3380);
#2907=PLANE('',#3381);
#2908=PLANE('',#3382);
#2909=PLANE('',#3383);
#2910=PLANE('',#3384);
#2911=PLANE('',#3386);
#2912=PLANE('',#3395);
#2913=PLANE('',#3404);
#2914=PLANE('',#3405);
#2915=PLANE('',#3407);
#2916=PLANE('',#3415);
#2917=PLANE('',#3416);
#2918=PLANE('',#3417);
#2919=PLANE('',#3418);
#2920=PLANE('',#3419);
#2921=PLANE('',#3420);
#2922=PLANE('',#3421);
#2923=PLANE('',#3429);
#2924=PLANE('',#3432);
#2925=PLANE('',#3435);
#2926=PLANE('',#3437);
#2927=PLANE('',#3439);
#2928=PLANE('',#3446);
#2929=PLANE('',#3450);
#2930=PLANE('',#3452);
#2931=PLANE('',#3465);
#2932=PLANE('',#3466);
#2933=PLANE('',#3467);
#2934=PLANE('',#3468);
#2935=PLANE('',#3471);
#2936=PLANE('',#3475);
#2937=PLANE('',#3477);
#2938=PLANE('',#3481);
#2939=PLANE('',#3485);
#2940=PLANE('',#3496);
#2941=PLANE('',#3500);
#2942=PLANE('',#3501);
#2943=PLANE('',#3502);
#2944=PLANE('',#3503);
#2945=PLANE('',#3504);
#2946=PLANE('',#3505);
#2947=PLANE('',#3512);
#2948=PLANE('',#3515);
#2949=PLANE('',#3518);
#2950=PLANE('',#3522);
#2951=PLANE('',#3524);
#2952=PLANE('',#3526);
#2953=PLANE('',#3527);
#2954=PLANE('',#3529);
#2955=PLANE('',#3530);
#2956=PLANE('',#3531);
#2957=PLANE('',#3532);
#2958=PLANE('',#3533);
#2959=PLANE('',#3534);
#2960=PLANE('',#3537);
#2961=PLANE('',#3541);
#2962=PLANE('',#3551);
#2963=PLANE('',#3552);
#2964=PLANE('',#3556);
#2965=PLANE('',#3560);
#2966=PLANE('',#3573);
#2967=PLANE('',#3574);
#2968=PLANE('',#3591);
#2969=PLANE('',#3592);
#2970=ADVANCED_FACE('',(#2603),#2853,.F.);
#2971=ADVANCED_FACE('',(#2604),#2854,.F.);
#2972=ADVANCED_FACE('',(#2605),#130,.F.);
#2973=ADVANCED_FACE('',(#2606),#2855,.T.);
#2974=ADVANCED_FACE('',(#2607),#131,.F.);
#2975=ADVANCED_FACE('',(#2608),#2856,.F.);
#2976=ADVANCED_FACE('',(#2609),#132,.T.);
#2977=ADVANCED_FACE('',(#2610),#2857,.T.);
#2978=ADVANCED_FACE('',(#2611),#133,.T.);
#2979=ADVANCED_FACE('',(#2612),#2858,.T.);
#2980=ADVANCED_FACE('',(#2613),#2859,.T.);
#2981=ADVANCED_FACE('',(#2614),#134,.F.);
#2982=ADVANCED_FACE('',(#2615),#2860,.F.);
#2983=ADVANCED_FACE('',(#2616),#135,.F.);
#2984=ADVANCED_FACE('',(#2617),#2861,.T.);
#2985=ADVANCED_FACE('',(#2618),#136,.T.);
#2986=ADVANCED_FACE('',(#2619),#2862,.F.);
#2987=ADVANCED_FACE('',(#2620,#2621,#2622,#2623,#2624,#2625),#137,.F.);
#2988=ADVANCED_FACE('',(#2626),#138,.T.);
#2989=ADVANCED_FACE('',(#2627),#2863,.T.);
#2990=ADVANCED_FACE('',(#2628),#139,.F.);
#2991=ADVANCED_FACE('',(#2629),#2864,.F.);
#2992=ADVANCED_FACE('',(#2630),#140,.F.);
#2993=ADVANCED_FACE('',(#2631),#2865,.T.);
#2994=ADVANCED_FACE('',(#2632),#141,.T.);
#2995=ADVANCED_FACE('',(#2633),#2866,.T.);
#2996=ADVANCED_FACE('',(#2634),#2867,.F.);
#2997=ADVANCED_FACE('',(#2635),#2868,.T.);
#2998=ADVANCED_FACE('',(#2636),#2869,.F.);
#2999=ADVANCED_FACE('',(#2637),#2870,.T.);
#3000=ADVANCED_FACE('',(#2638),#2871,.F.);
#3001=ADVANCED_FACE('',(#2639),#2872,.T.);
#3002=ADVANCED_FACE('',(#2640),#2873,.T.);
#3003=ADVANCED_FACE('',(#2641),#2874,.F.);
#3004=ADVANCED_FACE('',(#2642),#2875,.F.);
#3005=ADVANCED_FACE('',(#2643),#2876,.T.);
#3006=ADVANCED_FACE('',(#2644),#2877,.T.);
#3007=ADVANCED_FACE('',(#2645),#2878,.F.);
#3008=ADVANCED_FACE('',(#2646),#2879,.F.);
#3009=ADVANCED_FACE('',(#2647),#2880,.F.);
#3010=ADVANCED_FACE('',(#2648),#2881,.T.);
#3011=ADVANCED_FACE('',(#2649),#2882,.T.);
#3012=ADVANCED_FACE('',(#2650),#2883,.F.);
#3013=ADVANCED_FACE('',(#2651),#2884,.F.);
#3014=ADVANCED_FACE('',(#2652),#2885,.F.);
#3015=ADVANCED_FACE('',(#2653),#2886,.T.);
#3016=ADVANCED_FACE('',(#2654),#2887,.T.);
#3017=ADVANCED_FACE('',(#2655),#2888,.F.);
#3018=ADVANCED_FACE('',(#2656),#2889,.F.);
#3019=ADVANCED_FACE('',(#2657),#2890,.F.);
#3020=ADVANCED_FACE('',(#2658),#2891,.T.);
#3021=ADVANCED_FACE('',(#2659),#2892,.T.);
#3022=ADVANCED_FACE('',(#2660),#2893,.F.);
#3023=ADVANCED_FACE('',(#2661),#2894,.F.);
#3024=ADVANCED_FACE('',(#2662),#142,.T.);
#3025=ADVANCED_FACE('',(#2663),#2895,.F.);
#3026=ADVANCED_FACE('',(#2664),#143,.F.);
#3027=ADVANCED_FACE('',(#2665),#2896,.T.);
#3028=ADVANCED_FACE('',(#2666),#144,.F.);
#3029=ADVANCED_FACE('',(#2667),#2897,.F.);
#3030=ADVANCED_FACE('',(#2668),#2898,.T.);
#3031=ADVANCED_FACE('',(#2669),#2899,.T.);
#3032=ADVANCED_FACE('',(#2670,#2671),#145,.T.);
#3033=ADVANCED_FACE('',(#2672,#2673),#146,.F.);
#3034=ADVANCED_FACE('',(#2674,#2675,#2676,#2677),#147,.T.);
#3035=ADVANCED_FACE('',(#2678,#2679),#2900,.F.);
#3036=ADVANCED_FACE('',(#2680,#2681),#2901,.F.);
#3037=ADVANCED_FACE('',(#2682),#2902,.T.);
#3038=ADVANCED_FACE('',(#2683,#2684),#148,.T.);
#3039=ADVANCED_FACE('',(#2685),#2903,.F.);
#3040=ADVANCED_FACE('',(#2686,#2687),#149,.T.);
#3041=ADVANCED_FACE('',(#2688),#2904,.T.);
#3042=ADVANCED_FACE('',(#2689),#2905,.T.);
#3043=ADVANCED_FACE('',(#2690),#2906,.F.);
#3044=ADVANCED_FACE('',(#2691),#2907,.F.);
#3045=ADVANCED_FACE('',(#2692),#2908,.T.);
#3046=ADVANCED_FACE('',(#2693),#2909,.T.);
#3047=ADVANCED_FACE('',(#2694),#2910,.F.);
#3048=ADVANCED_FACE('',(#2695),#2911,.T.);
#3049=ADVANCED_FACE('',(#2696),#150,.T.);
#3050=ADVANCED_FACE('',(#2697),#20,.F.);
#3051=ADVANCED_FACE('',(#2698),#151,.F.);
#3052=ADVANCED_FACE('',(#2699),#2912,.F.);
#3053=ADVANCED_FACE('',(#2700),#152,.F.);
#3054=ADVANCED_FACE('',(#2701),#21,.T.);
#3055=ADVANCED_FACE('',(#2702),#153,.T.);
#3056=ADVANCED_FACE('',(#2703,#2704),#2913,.T.);
#3057=ADVANCED_FACE('',(#2705,#2706),#2914,.F.);
#3058=ADVANCED_FACE('',(#2707),#2915,.T.);
#3059=ADVANCED_FACE('',(#2708),#154,.T.);
#3060=ADVANCED_FACE('',(#2709),#155,.T.);
#3061=ADVANCED_FACE('',(#2710),#2916,.F.);
#3062=ADVANCED_FACE('',(#2711),#2917,.T.);
#3063=ADVANCED_FACE('',(#2712),#2918,.T.);
#3064=ADVANCED_FACE('',(#2713),#2919,.F.);
#3065=ADVANCED_FACE('',(#2714),#2920,.T.);
#3066=ADVANCED_FACE('',(#2715),#2921,.T.);
#3067=ADVANCED_FACE('',(#2716,#2717),#2922,.T.);
#3068=ADVANCED_FACE('',(#2718,#2719),#156,.F.);
#3069=ADVANCED_FACE('',(#2720,#2721,#2722,#2723),#157,.T.);
#3070=ADVANCED_FACE('',(#2724,#2725),#2923,.F.);
#3071=ADVANCED_FACE('',(#2726,#2727),#158,.T.);
#3072=ADVANCED_FACE('',(#2728),#2924,.T.);
#3073=ADVANCED_FACE('',(#2729,#2730),#159,.T.);
#3074=ADVANCED_FACE('',(#2731),#2925,.T.);
#3075=ADVANCED_FACE('',(#2732,#2733),#10,.F.);
#3076=ADVANCED_FACE('',(#2734),#2926,.T.);
#3077=ADVANCED_FACE('',(#2735),#2927,.F.);
#3078=ADVANCED_FACE('',(#2736,#2737),#11,.F.);
#3079=ADVANCED_FACE('',(#2738,#2739),#12,.T.);
#3080=ADVANCED_FACE('',(#2740),#2928,.F.);
#3081=ADVANCED_FACE('',(#2741,#2742),#160,.T.);
#3082=ADVANCED_FACE('',(#2743),#2929,.T.);
#3083=ADVANCED_FACE('',(#2744,#2745),#13,.T.);
#3084=ADVANCED_FACE('',(#2746,#2747,#2748,#2749,#2750),#2930,.T.);
#3085=ADVANCED_FACE('',(#2751,#2752),#161,.F.);
#3086=ADVANCED_FACE('',(#2753,#2754),#162,.F.);
#3087=ADVANCED_FACE('',(#2755,#2756),#163,.F.);
#3088=ADVANCED_FACE('',(#2757,#2758),#164,.F.);
#3089=ADVANCED_FACE('',(#2759),#2931,.F.);
#3090=ADVANCED_FACE('',(#2760),#2932,.F.);
#3091=ADVANCED_FACE('',(#2761),#2933,.F.);
#3092=ADVANCED_FACE('',(#2762),#2934,.F.);
#3093=ADVANCED_FACE('',(#2763),#2935,.T.);
#3094=ADVANCED_FACE('',(#2764),#2936,.T.);
#3095=ADVANCED_FACE('',(#2765),#165,.F.);
#3096=ADVANCED_FACE('',(#2766),#2937,.F.);
#3097=ADVANCED_FACE('',(#2767),#166,.F.);
#3098=ADVANCED_FACE('',(#2768),#2938,.T.);
#3099=ADVANCED_FACE('',(#2769),#167,.T.);
#3100=ADVANCED_FACE('',(#2770),#2939,.F.);
#3101=ADVANCED_FACE('',(#2771),#168,.T.);
#3102=ADVANCED_FACE('',(#2772,#2773),#169,.F.);
#3103=ADVANCED_FACE('',(#2774),#2940,.T.);
#3104=ADVANCED_FACE('',(#2775),#170,.T.);
#3105=ADVANCED_FACE('',(#2776),#2941,.F.);
#3106=ADVANCED_FACE('',(#2777),#2942,.T.);
#3107=ADVANCED_FACE('',(#2778),#2943,.T.);
#3108=ADVANCED_FACE('',(#2779),#2944,.F.);
#3109=ADVANCED_FACE('',(#2780),#2945,.T.);
#3110=ADVANCED_FACE('',(#2781),#2946,.T.);
#3111=ADVANCED_FACE('',(#2782,#2783),#171,.F.);
#3112=ADVANCED_FACE('',(#2784,#2785,#2786,#2787),#172,.T.);
#3113=ADVANCED_FACE('',(#2788,#2789),#2947,.F.);
#3114=ADVANCED_FACE('',(#2790,#2791),#173,.T.);
#3115=ADVANCED_FACE('',(#2792),#2948,.T.);
#3116=ADVANCED_FACE('',(#2793,#2794),#174,.T.);
#3117=ADVANCED_FACE('',(#2795),#2949,.T.);
#3118=ADVANCED_FACE('',(#2796,#2797),#14,.F.);
#3119=ADVANCED_FACE('',(#2798,#2799),#15,.F.);
#3120=ADVANCED_FACE('',(#2800),#175,.F.);
#3121=ADVANCED_FACE('',(#2801),#2950,.F.);
#3122=ADVANCED_FACE('',(#2802),#176,.F.);
#3123=ADVANCED_FACE('',(#2803),#2951,.T.);
#3124=ADVANCED_FACE('',(#2804),#177,.T.);
#3125=ADVANCED_FACE('',(#2805),#2952,.T.);
#3126=ADVANCED_FACE('',(#2806),#2953,.F.);
#3127=ADVANCED_FACE('',(#2807),#2954,.T.);
#3128=ADVANCED_FACE('',(#2808),#2955,.F.);
#3129=ADVANCED_FACE('',(#2809),#2956,.F.);
#3130=ADVANCED_FACE('',(#2810),#2957,.T.);
#3131=ADVANCED_FACE('',(#2811),#2958,.T.);
#3132=ADVANCED_FACE('',(#2812),#2959,.F.);
#3133=ADVANCED_FACE('',(#2813),#2960,.T.);
#3134=ADVANCED_FACE('',(#2814),#178,.F.);
#3135=ADVANCED_FACE('',(#2815),#2961,.F.);
#3136=ADVANCED_FACE('',(#2816),#179,.T.);
#3137=ADVANCED_FACE('',(#2817),#180,.F.);
#3138=ADVANCED_FACE('',(#2818),#181,.T.);
#3139=ADVANCED_FACE('',(#2819),#2962,.T.);
#3140=ADVANCED_FACE('',(#2820),#2963,.T.);
#3141=ADVANCED_FACE('',(#2821),#182,.T.);
#3142=ADVANCED_FACE('',(#2822),#2964,.T.);
#3143=ADVANCED_FACE('',(#2823),#183,.T.);
#3144=ADVANCED_FACE('',(#2824),#2965,.F.);
#3145=ADVANCED_FACE('',(#2825),#184,.F.);
#3146=ADVANCED_FACE('',(#2826),#185,.T.);
#3147=ADVANCED_FACE('',(#2827),#186,.F.);
#3148=ADVANCED_FACE('',(#2828),#187,.F.);
#3149=ADVANCED_FACE('',(#2829,#2830),#2966,.T.);
#3150=ADVANCED_FACE('',(#2831,#2832),#2967,.F.);
#3151=ADVANCED_FACE('',(#2833,#2834),#188,.F.);
#3152=ADVANCED_FACE('',(#2835,#2836),#189,.F.);
#3153=ADVANCED_FACE('',(#2837,#2838),#190,.F.);
#3154=ADVANCED_FACE('',(#2839,#2840),#191,.F.);
#3155=ADVANCED_FACE('',(#2841,#2842),#192,.T.);
#3156=ADVANCED_FACE('',(#2843,#2844,#2845,#2846,#2847),#2968,.T.);
#3157=ADVANCED_FACE('',(#2848,#2849,#2850,#2851,#2852),#2969,.F.);
#3158=CLOSED_SHELL('',(#2970,#2971,#2972,#2973,#2974,#2975,#2976,#2977,
#2978,#2979,#2980,#2981,#2982,#2983,#2984,#2985,#2986,#2987,#2988,#2989,
#2990,#2991,#2992,#2993,#2994,#2995,#2996,#2997,#2998,#2999,#3000,#3001,
#3002,#3003,#3004,#3005,#3006,#3007,#3008,#3009,#3010,#3011,#3012,#3013,
#3014,#3015,#3016,#3017,#3018,#3019,#3020,#3021,#3022,#3023,#3024,#3025,
#3026,#3027,#3028,#3029,#3030));
#3159=CLOSED_SHELL('',(#3031,#3032,#3033,#3034,#3035,#3036,#3037,#3038,
#3039,#3040,#3041));
#3160=CLOSED_SHELL('',(#3042,#3043,#3044,#3045,#3046,#3047));
#3161=CLOSED_SHELL('',(#3048,#3049,#3050,#3051,#3052,#3053,#3054,#3055,
#3056,#3057));
#3162=CLOSED_SHELL('',(#3058,#3059,#3060,#3061,#3062,#3063,#3064,#3065,
#3066,#3067,#3068,#3069,#3070,#3071,#3072,#3073,#3074,#3075,#3076,#3077,
#3078,#3079,#3080,#3081,#3082,#3083,#3084,#3085,#3086,#3087,#3088,#3089,
#3090,#3091,#3092));
#3163=CLOSED_SHELL('',(#3093,#3094,#3095,#3096,#3097,#3098,#3099,#3100,
#3101,#3102,#3103,#3104,#3105,#3106,#3107,#3108,#3109,#3110,#3111,#3112,
#3113,#3114,#3115,#3116,#3117,#3118,#3119,#3120,#3121,#3122,#3123,#3124,
#3125,#3126));
#3164=CLOSED_SHELL('',(#3127,#3128,#3129,#3130,#3131,#3132));
#3165=CLOSED_SHELL('',(#3133,#3134,#3135,#3136,#3137,#3138,#3139,#3140,
#3141,#3142,#3143,#3144,#3145,#3146,#3147,#3148,#3149,#3150));
#3166=CLOSED_SHELL('',(#3151,#3152,#3153,#3154,#3155,#3156,#3157));
#3167=STYLED_ITEM('',(#3176),#3231);
#3168=STYLED_ITEM('',(#3177),#3232);
#3169=STYLED_ITEM('',(#3178),#3233);
#3170=STYLED_ITEM('',(#3179),#3234);
#3171=STYLED_ITEM('',(#3180),#3235);
#3172=STYLED_ITEM('',(#3181),#3236);
#3173=STYLED_ITEM('',(#3182),#3237);
#3174=STYLED_ITEM('',(#3183),#3238);
#3175=STYLED_ITEM('',(#3184),#3239);
#3176=PRESENTATION_STYLE_ASSIGNMENT((#3185));
#3177=PRESENTATION_STYLE_ASSIGNMENT((#3186));
#3178=PRESENTATION_STYLE_ASSIGNMENT((#3187));
#3179=PRESENTATION_STYLE_ASSIGNMENT((#3188));
#3180=PRESENTATION_STYLE_ASSIGNMENT((#3189));
#3181=PRESENTATION_STYLE_ASSIGNMENT((#3190));
#3182=PRESENTATION_STYLE_ASSIGNMENT((#3191));
#3183=PRESENTATION_STYLE_ASSIGNMENT((#3192));
#3184=PRESENTATION_STYLE_ASSIGNMENT((#3193));
#3185=SURFACE_STYLE_USAGE(.BOTH.,#3194);
#3186=SURFACE_STYLE_USAGE(.BOTH.,#3195);
#3187=SURFACE_STYLE_USAGE(.BOTH.,#3196);
#3188=SURFACE_STYLE_USAGE(.BOTH.,#3197);
#3189=SURFACE_STYLE_USAGE(.BOTH.,#3198);
#3190=SURFACE_STYLE_USAGE(.BOTH.,#3199);
#3191=SURFACE_STYLE_USAGE(.BOTH.,#3200);
#3192=SURFACE_STYLE_USAGE(.BOTH.,#3201);
#3193=SURFACE_STYLE_USAGE(.BOTH.,#3202);
#3194=SURFACE_SIDE_STYLE('',(#3203));
#3195=SURFACE_SIDE_STYLE('',(#3204));
#3196=SURFACE_SIDE_STYLE('',(#3205));
#3197=SURFACE_SIDE_STYLE('',(#3206));
#3198=SURFACE_SIDE_STYLE('',(#3207));
#3199=SURFACE_SIDE_STYLE('',(#3208));
#3200=SURFACE_SIDE_STYLE('',(#3209));
#3201=SURFACE_SIDE_STYLE('',(#3210));
#3202=SURFACE_SIDE_STYLE('',(#3211));
#3203=SURFACE_STYLE_FILL_AREA(#3212);
#3204=SURFACE_STYLE_FILL_AREA(#3213);
#3205=SURFACE_STYLE_FILL_AREA(#3214);
#3206=SURFACE_STYLE_FILL_AREA(#3215);
#3207=SURFACE_STYLE_FILL_AREA(#3216);
#3208=SURFACE_STYLE_FILL_AREA(#3217);
#3209=SURFACE_STYLE_FILL_AREA(#3218);
#3210=SURFACE_STYLE_FILL_AREA(#3219);
#3211=SURFACE_STYLE_FILL_AREA(#3220);
#3212=FILL_AREA_STYLE('',(#3221));
#3213=FILL_AREA_STYLE('',(#3222));
#3214=FILL_AREA_STYLE('',(#3223));
#3215=FILL_AREA_STYLE('',(#3224));
#3216=FILL_AREA_STYLE('',(#3225));
#3217=FILL_AREA_STYLE('',(#3226));
#3218=FILL_AREA_STYLE('',(#3227));
#3219=FILL_AREA_STYLE('',(#3228));
#3220=FILL_AREA_STYLE('',(#3229));
#3221=FILL_AREA_STYLE_COLOUR('',#3230);
#3222=FILL_AREA_STYLE_COLOUR('',#3230);
#3223=FILL_AREA_STYLE_COLOUR('',#3230);
#3224=FILL_AREA_STYLE_COLOUR('',#3230);
#3225=FILL_AREA_STYLE_COLOUR('',#3230);
#3226=FILL_AREA_STYLE_COLOUR('',#3230);
#3227=FILL_AREA_STYLE_COLOUR('',#3230);
#3228=FILL_AREA_STYLE_COLOUR('',#3230);
#3229=FILL_AREA_STYLE_COLOUR('',#3230);
#3230=COLOUR_RGB('',0.615686274509804,0.811764705882353,0.929411764705882);
#3231=MANIFOLD_SOLID_BREP('Middle segment',#3158);
#3232=MANIFOLD_SOLID_BREP('Lid',#3159);
#3233=MANIFOLD_SOLID_BREP('Rubber strip 2',#3160);
#3234=MANIFOLD_SOLID_BREP('Strap',#3161);
#3235=MANIFOLD_SOLID_BREP('Bottom segment',#3162);
#3236=MANIFOLD_SOLID_BREP('Top segment',#3163);
#3237=MANIFOLD_SOLID_BREP('Rubber strip 1',#3164);
#3238=MANIFOLD_SOLID_BREP('Cloth band',#3165);
#3239=MANIFOLD_SOLID_BREP('Disk',#3166);
#3240=SHAPE_DEFINITION_REPRESENTATION(#5750,#3250);
#3241=SHAPE_DEFINITION_REPRESENTATION(#5751,#3251);
#3242=SHAPE_DEFINITION_REPRESENTATION(#5753,#3252);
#3243=SHAPE_DEFINITION_REPRESENTATION(#5755,#3253);
#3244=SHAPE_DEFINITION_REPRESENTATION(#5757,#3254);
#3245=SHAPE_DEFINITION_REPRESENTATION(#5759,#3255);
#3246=SHAPE_DEFINITION_REPRESENTATION(#5762,#3256);
#3247=SHAPE_DEFINITION_REPRESENTATION(#5764,#3257);
#3248=SHAPE_DEFINITION_REPRESENTATION(#5767,#3258);
#3249=SHAPE_DEFINITION_REPRESENTATION(#5769,#3259);
#3250=SHAPE_REPRESENTATION('Fishing Rod Case Assembly',(#3260,#3358,#3378,
#3385,#3406,#3469,#3470,#3528,#3535,#3536,#3575,#3593,#3594),#5727);
#3251=SHAPE_REPRESENTATION('Middle segment',(#3260),#5728);
#3252=SHAPE_REPRESENTATION('Lid',(#3260),#5729);
#3253=SHAPE_REPRESENTATION('Rubber strip 2',(#3260),#5730);
#3254=SHAPE_REPRESENTATION('Strap',(#3260),#5731);
#3255=SHAPE_REPRESENTATION('Bottom segment',(#3260),#5732);
#3256=SHAPE_REPRESENTATION('Top segment',(#3260),#5733);
#3257=SHAPE_REPRESENTATION('Rubber strip 1',(#3260),#5734);
#3258=SHAPE_REPRESENTATION('Cloth band',(#3260),#5735);
#3259=SHAPE_REPRESENTATION('Disk',(#3260),#5736);
#3260=AXIS2_PLACEMENT_3D('',#4505,#3595,#3596);
#3261=AXIS2_PLACEMENT_3D('',#4506,#3597,#3598);
#3262=AXIS2_PLACEMENT_3D('',#4507,#3599,#3600);
#3263=AXIS2_PLACEMENT_3D('',#4512,#3602,#3603);
#3264=AXIS2_PLACEMENT_3D('',#4516,#3605,#3606);
#3265=AXIS2_PLACEMENT_3D('',#4523,#3610,#3611);
#3266=AXIS2_PLACEMENT_3D('',#4532,#3616,#3617);
#3267=AXIS2_PLACEMENT_3D('',#4547,#3619,#3620);
#3268=AXIS2_PLACEMENT_3D('',#4551,#3622,#3623);
#3269=AXIS2_PLACEMENT_3D('',#4552,#3624,#3625);
#3270=AXIS2_PLACEMENT_3D('',#4553,#3626,#3627);
#3271=AXIS2_PLACEMENT_3D('',#4571,#3629,#3630);
#3272=AXIS2_PLACEMENT_3D('',#4572,#3631,#3632);
#3273=AXIS2_PLACEMENT_3D('',#4576,#3634,#3635);
#3274=AXIS2_PLACEMENT_3D('',#4577,#3636,#3637);
#3275=AXIS2_PLACEMENT_3D('',#4591,#3639,#3640);
#3276=AXIS2_PLACEMENT_3D('',#4594,#3643,#3644);
#3277=AXIS2_PLACEMENT_3D('',#4598,#3646,#3647);
#3278=AXIS2_PLACEMENT_3D('',#4602,#3649,#3650);
#3279=AXIS2_PLACEMENT_3D('',#4612,#3652,#3653);
#3280=AXIS2_PLACEMENT_3D('',#4622,#3654,#3655);
#3281=AXIS2_PLACEMENT_3D('',#4632,#3657,#3658);
#3282=AXIS2_PLACEMENT_3D('',#4643,#3661,#3662);
#3283=AXIS2_PLACEMENT_3D('',#4653,#3663,#3664);
#3284=AXIS2_PLACEMENT_3D('',#4660,#3665,#3666);
#3285=AXIS2_PLACEMENT_3D('',#4661,#3667,#3668);
#3286=AXIS2_PLACEMENT_3D('',#4671,#3673,#3674);
#3287=AXIS2_PLACEMENT_3D('',#4674,#3676,#3677);
#3288=AXIS2_PLACEMENT_3D('',#4683,#3682,#3683);
#3289=AXIS2_PLACEMENT_3D('',#4698,#3685,#3686);
#3290=AXIS2_PLACEMENT_3D('',#4699,#3687,#3688);
#3291=AXIS2_PLACEMENT_3D('',#4701,#3689,#3690);
#3292=AXIS2_PLACEMENT_3D('',#4704,#3692,#3693);
#3293=AXIS2_PLACEMENT_3D('',#4722,#3695,#3696);
#3294=AXIS2_PLACEMENT_3D('',#4723,#3697,#3698);
#3295=AXIS2_PLACEMENT_3D('',#4727,#3700,#3701);
#3296=AXIS2_PLACEMENT_3D('',#4728,#3702,#3703);
#3297=AXIS2_PLACEMENT_3D('',#4742,#3705,#3706);
#3298=AXIS2_PLACEMENT_3D('',#4745,#3709,#3710);
#3299=AXIS2_PLACEMENT_3D('',#4746,#3711,#3712);
#3300=AXIS2_PLACEMENT_3D('',#4756,#3714,#3715);
#3301=AXIS2_PLACEMENT_3D('',#4766,#3716,#3717);
#3302=AXIS2_PLACEMENT_3D('',#4776,#3719,#3720);
#3303=AXIS2_PLACEMENT_3D('',#4787,#3722,#3723);
#3304=AXIS2_PLACEMENT_3D('',#4797,#3724,#3725);
#3305=AXIS2_PLACEMENT_3D('',#4809,#3728,#3729);
#3306=AXIS2_PLACEMENT_3D('',#4813,#3731,#3732);
#3307=AXIS2_PLACEMENT_3D('',#4817,#3734,#3735);
#3308=AXIS2_PLACEMENT_3D('',#4821,#3737,#3738);
#3309=AXIS2_PLACEMENT_3D('',#4825,#3740,#3741);
#3310=AXIS2_PLACEMENT_3D('',#4829,#3743,#3744);
#3311=AXIS2_PLACEMENT_3D('',#4833,#3746,#3747);
#3312=AXIS2_PLACEMENT_3D('',#4837,#3749,#3750);
#3313=AXIS2_PLACEMENT_3D('',#4838,#3751,#3752);
#3314=AXIS2_PLACEMENT_3D('',#4839,#3753,#3754);
#3315=AXIS2_PLACEMENT_3D('',#4842,#3756,#3757);
#3316=AXIS2_PLACEMENT_3D('',#4845,#3759,#3760);
#3317=AXIS2_PLACEMENT_3D('',#4852,#3765,#3766);
#3318=AXIS2_PLACEMENT_3D('',#4855,#3769,#3770);
#3319=AXIS2_PLACEMENT_3D('',#4857,#3772,#3773);
#3320=AXIS2_PLACEMENT_3D('',#4859,#3775,#3776);
#3321=AXIS2_PLACEMENT_3D('',#4861,#3778,#3779);
#3322=AXIS2_PLACEMENT_3D('',#4863,#3781,#3782);
#3323=AXIS2_PLACEMENT_3D('',#4864,#3783,#3784);
#3324=AXIS2_PLACEMENT_3D('',#4865,#3785,#3786);
#3325=AXIS2_PLACEMENT_3D('',#4869,#3789,#3790);
#3326=AXIS2_PLACEMENT_3D('',#4873,#3793,#3794);
#3327=AXIS2_PLACEMENT_3D('',#4875,#3796,#3797);
#3328=AXIS2_PLACEMENT_3D('',#4877,#3799,#3800);
#3329=AXIS2_PLACEMENT_3D('',#4879,#3802,#3803);
#3330=AXIS2_PLACEMENT_3D('',#4880,#3804,#3805);
#3331=AXIS2_PLACEMENT_3D('',#4882,#3807,#3808);
#3332=AXIS2_PLACEMENT_3D('',#4888,#3812,#3813);
#3333=AXIS2_PLACEMENT_3D('',#4894,#3817,#3818);
#3334=AXIS2_PLACEMENT_3D('',#4896,#3820,#3821);
#3335=AXIS2_PLACEMENT_3D('',#4898,#3823,#3824);
#3336=AXIS2_PLACEMENT_3D('',#4899,#3825,#3826);
#3337=AXIS2_PLACEMENT_3D('',#4905,#3830,#3831);
#3338=AXIS2_PLACEMENT_3D('',#4911,#3835,#3836);
#3339=AXIS2_PLACEMENT_3D('',#4913,#3838,#3839);
#3340=AXIS2_PLACEMENT_3D('',#4915,#3841,#3842);
#3341=AXIS2_PLACEMENT_3D('',#4916,#3843,#3844);
#3342=AXIS2_PLACEMENT_3D('',#4922,#3848,#3849);
#3343=AXIS2_PLACEMENT_3D('',#4928,#3853,#3854);
#3344=AXIS2_PLACEMENT_3D('',#4930,#3856,#3857);
#3345=AXIS2_PLACEMENT_3D('',#4932,#3859,#3860);
#3346=AXIS2_PLACEMENT_3D('',#4933,#3861,#3862);
#3347=AXIS2_PLACEMENT_3D('',#4939,#3866,#3867);
#3348=AXIS2_PLACEMENT_3D('',#4945,#3871,#3872);
#3349=AXIS2_PLACEMENT_3D('',#4947,#3874,#3875);
#3350=AXIS2_PLACEMENT_3D('',#4949,#3877,#3878);
#3351=AXIS2_PLACEMENT_3D('',#4950,#3879,#3880);
#3352=AXIS2_PLACEMENT_3D('',#4953,#3883,#3884);
#3353=AXIS2_PLACEMENT_3D('',#4955,#3886,#3887);
#3354=AXIS2_PLACEMENT_3D('',#4957,#3889,#3890);
#3355=AXIS2_PLACEMENT_3D('',#4959,#3892,#3893);
#3356=AXIS2_PLACEMENT_3D('',#4961,#3895,#3896);
#3357=AXIS2_PLACEMENT_3D('',#4962,#3897,#3898);
#3358=AXIS2_PLACEMENT_3D('',#4963,#3899,#3900);
#3359=AXIS2_PLACEMENT_3D('',#4964,#3901,#3902);
#3360=AXIS2_PLACEMENT_3D('',#4965,#3903,#3904);
#3361=AXIS2_PLACEMENT_3D('',#4967,#3905,#3906);
#3362=AXIS2_PLACEMENT_3D('',#4980,#3907,#3908);
#3363=AXIS2_PLACEMENT_3D('',#4981,#3909,#3910);
#3364=AXIS2_PLACEMENT_3D('',#4983,#3911,#3912);
#3365=AXIS2_PLACEMENT_3D('',#4985,#3913,#3914);
#3366=AXIS2_PLACEMENT_3D('',#4998,#3915,#3916);
#3367=AXIS2_PLACEMENT_3D('',#5000,#3917,#3918);
#3368=AXIS2_PLACEMENT_3D('',#5002,#3919,#3920);
#3369=AXIS2_PLACEMENT_3D('',#5003,#3921,#3922);
#3370=AXIS2_PLACEMENT_3D('',#5004,#3923,#3924);
#3371=AXIS2_PLACEMENT_3D('',#5006,#3925,#3926);
#3372=AXIS2_PLACEMENT_3D('',#5007,#3927,#3928);
#3373=AXIS2_PLACEMENT_3D('',#5009,#3929,#3930);
#3374=AXIS2_PLACEMENT_3D('',#5010,#3931,#3932);
#3375=AXIS2_PLACEMENT_3D('',#5011,#3933,#3934);
#3376=AXIS2_PLACEMENT_3D('',#5012,#3935,#3936);
#3377=AXIS2_PLACEMENT_3D('',#5014,#3937,#3938);
#3378=AXIS2_PLACEMENT_3D('',#5015,#3939,#3940);
#3379=AXIS2_PLACEMENT_3D('',#5016,#3941,#3942);
#3380=AXIS2_PLACEMENT_3D('',#5025,#3947,#3948);
#3381=AXIS2_PLACEMENT_3D('',#5031,#3952,#3953);
#3382=AXIS2_PLACEMENT_3D('',#5037,#3957,#3958);
#3383=AXIS2_PLACEMENT_3D('',#5040,#3961,#3962);
#3384=AXIS2_PLACEMENT_3D('',#5041,#3963,#3964);
#3385=AXIS2_PLACEMENT_3D('',#5042,#3965,#3966);
#3386=AXIS2_PLACEMENT_3D('',#5043,#3967,#3968);
#3387=AXIS2_PLACEMENT_3D('',#5052,#3973,#3974);
#3388=AXIS2_PLACEMENT_3D('',#5053,#3975,#3976);
#3389=AXIS2_PLACEMENT_3D('',#5057,#3978,#3979);
#3390=AXIS2_PLACEMENT_3D('',#5096,#3980,#3981);
#3391=AXIS2_PLACEMENT_3D('',#5100,#3983,#3984);
#3392=AXIS2_PLACEMENT_3D('',#5101,#3985,#3986);
#3393=AXIS2_PLACEMENT_3D('',#5102,#3987,#3988);
#3394=AXIS2_PLACEMENT_3D('',#5107,#3990,#3991);
#3395=AXIS2_PLACEMENT_3D('',#5110,#3993,#3994);
#3396=AXIS2_PLACEMENT_3D('',#5116,#3998,#3999);
#3397=AXIS2_PLACEMENT_3D('',#5117,#4000,#4001);
#3398=AXIS2_PLACEMENT_3D('',#5121,#4003,#4004);
#3399=AXIS2_PLACEMENT_3D('',#5160,#4005,#4006);
#3400=AXIS2_PLACEMENT_3D('',#5161,#4007,#4008);
#3401=AXIS2_PLACEMENT_3D('',#5162,#4009,#4010);
#3402=AXIS2_PLACEMENT_3D('',#5163,#4011,#4012);
#3403=AXIS2_PLACEMENT_3D('',#5164,#4013,#4014);
#3404=AXIS2_PLACEMENT_3D('',#5165,#4015,#4016);
#3405=AXIS2_PLACEMENT_3D('',#5166,#4017,#4018);
#3406=AXIS2_PLACEMENT_3D('',#5167,#4019,#4020);
#3407=AXIS2_PLACEMENT_3D('',#5168,#4021,#4022);
#3408=AXIS2_PLACEMENT_3D('',#5169,#4023,#4024);
#3409=AXIS2_PLACEMENT_3D('',#5174,#4026,#4027);
#3410=AXIS2_PLACEMENT_3D('',#5177,#4029,#4030);
#3411=AXIS2_PLACEMENT_3D('',#5180,#4032,#4033);
#3412=AXIS2_PLACEMENT_3D('',#5183,#4035,#4036);
#3413=AXIS2_PLACEMENT_3D('',#5184,#4037,#4038);
#3414=AXIS2_PLACEMENT_3D('',#5189,#4040,#4041);
#3415=AXIS2_PLACEMENT_3D('',#5192,#4043,#4044);
#3416=AXIS2_PLACEMENT_3D('',#5198,#4048,#4049);
#3417=AXIS2_PLACEMENT_3D('',#5206,#4054,#4055);
#3418=AXIS2_PLACEMENT_3D('',#5212,#4059,#4060);
#3419=AXIS2_PLACEMENT_3D('',#5220,#4065,#4066);
#3420=AXIS2_PLACEMENT_3D('',#5223,#4069,#4070);
#3421=AXIS2_PLACEMENT_3D('',#5226,#4073,#4074);
#3422=AXIS2_PLACEMENT_3D('',#5227,#4075,#4076);
#3423=AXIS2_PLACEMENT_3D('',#5229,#4077,#4078);
#3424=AXIS2_PLACEMENT_3D('',#5231,#4079,#4080);
#3425=AXIS2_PLACEMENT_3D('',#5232,#4081,#4082);
#3426=AXIS2_PLACEMENT_3D('',#5234,#4083,#4084);
#3427=AXIS2_PLACEMENT_3D('',#5235,#4085,#4086);
#3428=AXIS2_PLACEMENT_3D('',#5249,#4087,#4088);
#3429=AXIS2_PLACEMENT_3D('',#5263,#4089,#4090);
#3430=AXIS2_PLACEMENT_3D('',#5264,#4091,#4092);
#3431=AXIS2_PLACEMENT_3D('',#5265,#4093,#4094);
#3432=AXIS2_PLACEMENT_3D('',#5267,#4095,#4096);
#3433=AXIS2_PLACEMENT_3D('',#5268,#4097,#4098);
#3434=AXIS2_PLACEMENT_3D('',#5269,#4099,#4100);
#3435=AXIS2_PLACEMENT_3D('',#5271,#4101,#4102);
#3436=AXIS2_PLACEMENT_3D('',#5272,#4103,#4104);
#3437=AXIS2_PLACEMENT_3D('',#5273,#4105,#4106);
#3438=AXIS2_PLACEMENT_3D('',#5274,#4107,#4108);
#3439=AXIS2_PLACEMENT_3D('',#5275,#4109,#4110);
#3440=AXIS2_PLACEMENT_3D('',#5276,#4111,#4112);
#3441=AXIS2_PLACEMENT_3D('',#5277,#4113,#4114);
#3442=AXIS2_PLACEMENT_3D('',#5278,#4115,#4116);
#3443=AXIS2_PLACEMENT_3D('',#5280,#4117,#4118);
#3444=AXIS2_PLACEMENT_3D('',#5281,#4119,#4120);
#3445=AXIS2_PLACEMENT_3D('',#5282,#4121,#4122);
#3446=AXIS2_PLACEMENT_3D('',#5284,#4123,#4124);
#3447=AXIS2_PLACEMENT_3D('',#5285,#4125,#4126);
#3448=AXIS2_PLACEMENT_3D('',#5286,#4127,#4128);
#3449=AXIS2_PLACEMENT_3D('',#5288,#4129,#4130);
#3450=AXIS2_PLACEMENT_3D('',#5290,#4131,#4132);
#3451=AXIS2_PLACEMENT_3D('',#5291,#4133,#4134);
#3452=AXIS2_PLACEMENT_3D('',#5292,#4135,#4136);
#3453=AXIS2_PLACEMENT_3D('',#5293,#4137,#4138);
#3454=AXIS2_PLACEMENT_3D('',#5295,#4139,#4140);
#3455=AXIS2_PLACEMENT_3D('',#5297,#4141,#4142);
#3456=AXIS2_PLACEMENT_3D('',#5299,#4143,#4144);
#3457=AXIS2_PLACEMENT_3D('',#5301,#4145,#4146);
#3458=AXIS2_PLACEMENT_3D('',#5302,#4147,#4148);
#3459=AXIS2_PLACEMENT_3D('',#5304,#4149,#4150);
#3460=AXIS2_PLACEMENT_3D('',#5305,#4151,#4152);
#3461=AXIS2_PLACEMENT_3D('',#5307,#4153,#4154);
#3462=AXIS2_PLACEMENT_3D('',#5308,#4155,#4156);
#3463=AXIS2_PLACEMENT_3D('',#5310,#4157,#4158);
#3464=AXIS2_PLACEMENT_3D('',#5311,#4159,#4160);
#3465=AXIS2_PLACEMENT_3D('',#5313,#4161,#4162);
#3466=AXIS2_PLACEMENT_3D('',#5314,#4163,#4164);
#3467=AXIS2_PLACEMENT_3D('',#5315,#4165,#4166);
#3468=AXIS2_PLACEMENT_3D('',#5316,#4167,#4168);
#3469=AXIS2_PLACEMENT_3D('',#5317,#4169,#4170);
#3470=AXIS2_PLACEMENT_3D('',#5318,#4171,#4172);
#3471=AXIS2_PLACEMENT_3D('',#5319,#4173,#4174);
#3472=AXIS2_PLACEMENT_3D('',#5320,#4175,#4176);
#3473=AXIS2_PLACEMENT_3D('',#5325,#4178,#4179);
#3474=AXIS2_PLACEMENT_3D('',#5333,#4183,#4184);
#3475=AXIS2_PLACEMENT_3D('',#5336,#4186,#4187);
#3476=AXIS2_PLACEMENT_3D('',#5345,#4192,#4193);
#3477=AXIS2_PLACEMENT_3D('',#5360,#4195,#4196);
#3478=AXIS2_PLACEMENT_3D('',#5364,#4198,#4199);
#3479=AXIS2_PLACEMENT_3D('',#5365,#4200,#4201);
#3480=AXIS2_PLACEMENT_3D('',#5366,#4202,#4203);
#3481=AXIS2_PLACEMENT_3D('',#5384,#4205,#4206);
#3482=AXIS2_PLACEMENT_3D('',#5385,#4207,#4208);
#3483=AXIS2_PLACEMENT_3D('',#5389,#4210,#4211);
#3484=AXIS2_PLACEMENT_3D('',#5390,#4212,#4213);
#3485=AXIS2_PLACEMENT_3D('',#5404,#4215,#4216);
#3486=AXIS2_PLACEMENT_3D('',#5407,#4219,#4220);
#3487=AXIS2_PLACEMENT_3D('',#5412,#4223,#4224);
#3488=AXIS2_PLACEMENT_3D('',#5416,#4226,#4227);
#3489=AXIS2_PLACEMENT_3D('',#5426,#4229,#4230);
#3490=AXIS2_PLACEMENT_3D('',#5436,#4231,#4232);
#3491=AXIS2_PLACEMENT_3D('',#5443,#4233,#4234);
#3492=AXIS2_PLACEMENT_3D('',#5444,#4235,#4236);
#3493=AXIS2_PLACEMENT_3D('',#5446,#4237,#4238);
#3494=AXIS2_PLACEMENT_3D('',#5457,#4240,#4241);
#3495=AXIS2_PLACEMENT_3D('',#5467,#4242,#4243);
#3496=AXIS2_PLACEMENT_3D('',#5476,#4245,#4246);
#3497=AXIS2_PLACEMENT_3D('',#5484,#4251,#4252);
#3498=AXIS2_PLACEMENT_3D('',#5485,#4253,#4254);
#3499=AXIS2_PLACEMENT_3D('',#5488,#4256,#4257);
#3500=AXIS2_PLACEMENT_3D('',#5491,#4259,#4260);
#3501=AXIS2_PLACEMENT_3D('',#5495,#4263,#4264);
#3502=AXIS2_PLACEMENT_3D('',#5499,#4267,#4268);
#3503=AXIS2_PLACEMENT_3D('',#5503,#4271,#4272);
#3504=AXIS2_PLACEMENT_3D('',#5507,#4275,#4276);
#3505=AXIS2_PLACEMENT_3D('',#5509,#4278,#4279);
#3506=AXIS2_PLACEMENT_3D('',#5511,#4281,#4282);
#3507=AXIS2_PLACEMENT_3D('',#5512,#4283,#4284);
#3508=AXIS2_PLACEMENT_3D('',#5514,#4285,#4286);
#3509=AXIS2_PLACEMENT_3D('',#5516,#4287,#4288);
#3510=AXIS2_PLACEMENT_3D('',#5517,#4289,#4290);
#3511=AXIS2_PLACEMENT_3D('',#5531,#4291,#4292);
#3512=AXIS2_PLACEMENT_3D('',#5545,#4293,#4294);
#3513=AXIS2_PLACEMENT_3D('',#5546,#4295,#4296);
#3514=AXIS2_PLACEMENT_3D('',#5547,#4297,#4298);
#3515=AXIS2_PLACEMENT_3D('',#5549,#4299,#4300);
#3516=AXIS2_PLACEMENT_3D('',#5550,#4301,#4302);
#3517=AXIS2_PLACEMENT_3D('',#5551,#4303,#4304);
#3518=AXIS2_PLACEMENT_3D('',#5553,#4305,#4306);
#3519=AXIS2_PLACEMENT_3D('',#5554,#4307,#4308);
#3520=AXIS2_PLACEMENT_3D('',#5555,#4309,#4310);
#3521=AXIS2_PLACEMENT_3D('',#5556,#4311,#4312);
#3522=AXIS2_PLACEMENT_3D('',#5559,#4315,#4316);
#3523=AXIS2_PLACEMENT_3D('',#5561,#4318,#4319);
#3524=AXIS2_PLACEMENT_3D('',#5563,#4321,#4322);
#3525=AXIS2_PLACEMENT_3D('',#5565,#4324,#4325);
#3526=AXIS2_PLACEMENT_3D('',#5567,#4327,#4328);
#3527=AXIS2_PLACEMENT_3D('',#5568,#4329,#4330);
#3528=AXIS2_PLACEMENT_3D('',#5569,#4331,#4332);
#3529=AXIS2_PLACEMENT_3D('',#5570,#4333,#4334);
#3530=AXIS2_PLACEMENT_3D('',#5579,#4339,#4340);
#3531=AXIS2_PLACEMENT_3D('',#5585,#4344,#4345);
#3532=AXIS2_PLACEMENT_3D('',#5591,#4349,#4350);
#3533=AXIS2_PLACEMENT_3D('',#5594,#4353,#4354);
#3534=AXIS2_PLACEMENT_3D('',#5595,#4355,#4356);
#3535=AXIS2_PLACEMENT_3D('',#5596,#4357,#4358);
#3536=AXIS2_PLACEMENT_3D('',#5597,#4359,#4360);
#3537=AXIS2_PLACEMENT_3D('',#5598,#4361,#4362);
#3538=AXIS2_PLACEMENT_3D('',#5607,#4367,#4368);
#3539=AXIS2_PLACEMENT_3D('',#5608,#4369,#4370);
#3540=AXIS2_PLACEMENT_3D('',#5612,#4372,#4373);
#3541=AXIS2_PLACEMENT_3D('',#5613,#4374,#4375);
#3542=AXIS2_PLACEMENT_3D('',#5619,#4379,#4380);
#3543=AXIS2_PLACEMENT_3D('',#5620,#4381,#4382);
#3544=AXIS2_PLACEMENT_3D('',#5624,#4384,#4385);
#3545=AXIS2_PLACEMENT_3D('',#5625,#4386,#4387);
#3546=AXIS2_PLACEMENT_3D('',#5626,#4388,#4389);
#3547=AXIS2_PLACEMENT_3D('',#5630,#4391,#4392);
#3548=AXIS2_PLACEMENT_3D('',#5631,#4393,#4394);
#3549=AXIS2_PLACEMENT_3D('',#5632,#4395,#4396);
#3550=AXIS2_PLACEMENT_3D('',#5636,#4398,#4399);
#3551=AXIS2_PLACEMENT_3D('',#5637,#4400,#4401);
#3552=AXIS2_PLACEMENT_3D('',#5643,#4405,#4406);
#3553=AXIS2_PLACEMENT_3D('',#5652,#4411,#4412);
#3554=AXIS2_PLACEMENT_3D('',#5653,#4413,#4414);
#3555=AXIS2_PLACEMENT_3D('',#5657,#4416,#4417);
#3556=AXIS2_PLACEMENT_3D('',#5658,#4418,#4419);
#3557=AXIS2_PLACEMENT_3D('',#5664,#4423,#4424);
#3558=AXIS2_PLACEMENT_3D('',#5665,#4425,#4426);
#3559=AXIS2_PLACEMENT_3D('',#5669,#4428,#4429);
#3560=AXIS2_PLACEMENT_3D('',#5670,#4430,#4431);
#3561=AXIS2_PLACEMENT_3D('',#5676,#4435,#4436);
#3562=AXIS2_PLACEMENT_3D('',#5677,#4437,#4438);
#3563=AXIS2_PLACEMENT_3D('',#5681,#4440,#4441);
#3564=AXIS2_PLACEMENT_3D('',#5682,#4442,#4443);
#3565=AXIS2_PLACEMENT_3D('',#5683,#4444,#4445);
#3566=AXIS2_PLACEMENT_3D('',#5687,#4447,#4448);
#3567=AXIS2_PLACEMENT_3D('',#5688,#4449,#4450);
#3568=AXIS2_PLACEMENT_3D('',#5689,#4451,#4452);
#3569=AXIS2_PLACEMENT_3D('',#5690,#4453,#4454);
#3570=AXIS2_PLACEMENT_3D('',#5691,#4455,#4456);
#3571=AXIS2_PLACEMENT_3D('',#5692,#4457,#4458);
#3572=AXIS2_PLACEMENT_3D('',#5693,#4459,#4460);
#3573=AXIS2_PLACEMENT_3D('',#5694,#4461,#4462);
#3574=AXIS2_PLACEMENT_3D('',#5695,#4463,#4464);
#3575=AXIS2_PLACEMENT_3D('',#5696,#4465,#4466);
#3576=AXIS2_PLACEMENT_3D('',#5697,#4467,#4468);
#3577=AXIS2_PLACEMENT_3D('',#5698,#4469,#4470);
#3578=AXIS2_PLACEMENT_3D('',#5700,#4471,#4472);
#3579=AXIS2_PLACEMENT_3D('',#5702,#4473,#4474);
#3580=AXIS2_PLACEMENT_3D('',#5703,#4475,#4476);
#3581=AXIS2_PLACEMENT_3D('',#5705,#4477,#4478);
#3582=AXIS2_PLACEMENT_3D('',#5707,#4479,#4480);
#3583=AXIS2_PLACEMENT_3D('',#5708,#4481,#4482);
#3584=AXIS2_PLACEMENT_3D('',#5710,#4483,#4484);
#3585=AXIS2_PLACEMENT_3D('',#5712,#4485,#4486);
#3586=AXIS2_PLACEMENT_3D('',#5713,#4487,#4488);
#3587=AXIS2_PLACEMENT_3D('',#5715,#4489,#4490);
#3588=AXIS2_PLACEMENT_3D('',#5717,#4491,#4492);
#3589=AXIS2_PLACEMENT_3D('',#5718,#4493,#4494);
#3590=AXIS2_PLACEMENT_3D('',#5720,#4495,#4496);
#3591=AXIS2_PLACEMENT_3D('',#5722,#4497,#4498);
#3592=AXIS2_PLACEMENT_3D('',#5723,#4499,#4500);
#3593=AXIS2_PLACEMENT_3D('',#5724,#4501,#4502);
#3594=AXIS2_PLACEMENT_3D('',#5725,#4503,#4504);
#3595=DIRECTION('',(0.,0.,1.));
#3596=DIRECTION('',(1.,0.,0.));
#3597=DIRECTION('',(0.,0.,1.));
#3598=DIRECTION('',(1.,0.,0.));
#3599=DIRECTION('',(0.,0.,1.));
#3600=DIRECTION('',(1.,0.,0.));
#3601=DIRECTION('',(-1.22464679914735E-16,1.,0.));
#3602=DIRECTION('',(0.,0.,1.));
#3603=DIRECTION('',(1.,0.,0.));
#3604=DIRECTION('',(0.,-1.,0.));
#3605=DIRECTION('',(0.,0.,1.));
#3606=DIRECTION('',(1.,0.,0.));
#3607=DIRECTION('',(-1.,0.,0.));
#3608=DIRECTION('',(0.,-1.,0.));
#3609=DIRECTION('',(-1.,0.,0.));
#3610=DIRECTION('',(1.,1.22464679914735E-16,0.));
#3611=DIRECTION('',(0.,0.,1.));
#3612=DIRECTION('',(0.,0.,-1.));
#3613=DIRECTION('',(-1.22464679914735E-16,1.,0.));
#3614=DIRECTION('',(0.,0.,-1.));
#3615=DIRECTION('',(-1.22464679914735E-16,1.,0.));
#3616=DIRECTION('',(-1.22464679914735E-16,1.,0.));
#3617=DIRECTION('',(0.,0.,-1.));
#3618=DIRECTION('',(-1.22464679914735E-16,1.,0.));
#3619=DIRECTION('',(0.,0.,-1.));
#3620=DIRECTION('',(1.,1.22464679914735E-16,0.));
#3621=DIRECTION('',(-1.22464679914735E-16,1.,0.));
#3622=DIRECTION('',(0.,0.,-1.));
#3623=DIRECTION('',(1.,1.22464679914735E-16,0.));
#3624=DIRECTION('',(0.,0.,-1.));
#3625=DIRECTION('',(1.,1.22464679914735E-16,0.));
#3626=DIRECTION('',(-1.22464679914735E-16,1.,0.));
#3627=DIRECTION('',(0.,0.,-1.));
#3628=DIRECTION('',(-1.22464679914735E-16,1.,0.));
#3629=DIRECTION('',(0.,0.,-1.));
#3630=DIRECTION('',(1.,1.22464679914735E-16,0.));
#3631=DIRECTION('',(0.,0.,-1.));
#3632=DIRECTION('',(1.,1.22464679914735E-16,0.));
#3633=DIRECTION('',(-1.22464679914735E-16,1.,0.));
#3634=DIRECTION('',(0.,0.,-1.));
#3635=DIRECTION('',(1.,1.22464679914735E-16,0.));
#3636=DIRECTION('',(-1.22464679914735E-16,1.,0.));
#3637=DIRECTION('',(0.,0.,-1.));
#3638=DIRECTION('',(-1.22464679914735E-16,1.,0.));
#3639=DIRECTION('',(1.,1.22464679914735E-16,0.));
#3640=DIRECTION('',(0.,0.,1.));
#3641=DIRECTION('',(0.,0.,-1.));
#3642=DIRECTION('',(0.,0.,-1.));
#3643=DIRECTION('',(0.,0.,-1.));
#3644=DIRECTION('',(-1.,0.,0.));
#3645=DIRECTION('',(0.,0.,-1.));
#3646=DIRECTION('',(0.,0.,1.));
#3647=DIRECTION('',(1.,0.,0.));
#3648=DIRECTION('',(0.,0.,-1.));
#3649=DIRECTION('',(0.,0.,1.));
#3650=DIRECTION('',(1.,0.,0.));
#3651=DIRECTION('',(0.,0.,-1.));
#3652=DIRECTION('',(0.,0.,-1.));
#3653=DIRECTION('',(-1.,0.,0.));
#3654=DIRECTION('',(0.,0.,-1.));
#3655=DIRECTION('',(-1.,0.,0.));
#3656=DIRECTION('',(0.,0.,-1.));
#3657=DIRECTION('',(0.,0.,1.));
#3658=DIRECTION('',(1.,0.,0.));
#3659=DIRECTION('',(0.,0.,-1.));
#3660=DIRECTION('',(0.,0.,-1.));
#3661=DIRECTION('',(0.,0.,-1.));
#3662=DIRECTION('',(-1.,0.,0.));
#3663=DIRECTION('',(0.,0.,-1.));
#3664=DIRECTION('',(-1.,0.,0.));
#3665=DIRECTION('',(0.,0.,1.));
#3666=DIRECTION('',(1.,0.,0.));
#3667=DIRECTION('',(0.,0.,1.));
#3668=DIRECTION('',(1.,0.,0.));
#3669=DIRECTION('',(-1.,0.,0.));
#3670=DIRECTION('',(0.,-1.,0.));
#3671=DIRECTION('',(-1.,0.,0.));
#3672=DIRECTION('',(0.,-1.,0.));
#3673=DIRECTION('',(0.,0.,1.));
#3674=DIRECTION('',(1.,0.,0.));
#3675=DIRECTION('',(1.22464679914735E-16,1.,0.));
#3676=DIRECTION('',(-1.,1.22464679914735E-16,0.));
#3677=DIRECTION('',(0.,0.,-1.));
#3678=DIRECTION('',(1.22464679914735E-16,1.,0.));
#3679=DIRECTION('',(0.,0.,-1.));
#3680=DIRECTION('',(1.22464679914735E-16,1.,0.));
#3681=DIRECTION('',(0.,0.,-1.));
#3682=DIRECTION('',(1.22464679914735E-16,1.,0.));
#3683=DIRECTION('',(0.,0.,-1.));
#3684=DIRECTION('',(1.22464679914735E-16,1.,0.));
#3685=DIRECTION('',(0.,0.,-1.));
#3686=DIRECTION('',(1.,-1.22464679914735E-16,0.));
#3687=DIRECTION('',(0.,0.,-1.));
#3688=DIRECTION('',(1.,-1.22464679914735E-16,0.));
#3689=DIRECTION('',(0.,0.,-1.));
#3690=DIRECTION('',(1.,-1.22464679914735E-16,0.));
#3691=DIRECTION('',(1.22464679914735E-16,1.,0.));
#3692=DIRECTION('',(1.22464679914735E-16,1.,0.));
#3693=DIRECTION('',(0.,0.,-1.));
#3694=DIRECTION('',(1.22464679914735E-16,1.,0.));
#3695=DIRECTION('',(0.,0.,-1.));
#3696=DIRECTION('',(1.,-1.22464679914735E-16,0.));
#3697=DIRECTION('',(0.,0.,-1.));
#3698=DIRECTION('',(1.,-1.22464679914735E-16,0.));
#3699=DIRECTION('',(1.22464679914735E-16,1.,0.));
#3700=DIRECTION('',(0.,0.,-1.));
#3701=DIRECTION('',(1.,-1.22464679914735E-16,0.));
#3702=DIRECTION('',(1.22464679914735E-16,1.,0.));
#3703=DIRECTION('',(0.,0.,-1.));
#3704=DIRECTION('',(1.22464679914735E-16,1.,0.));
#3705=DIRECTION('',(-1.,1.22464679914735E-16,0.));
#3706=DIRECTION('',(0.,0.,-1.));
#3707=DIRECTION('',(0.,0.,-1.));
#3708=DIRECTION('',(0.,0.,-1.));
#3709=DIRECTION('',(0.,0.,-1.));
#3710=DIRECTION('',(-1.,0.,0.));
#3711=DIRECTION('',(0.,0.,1.));
#3712=DIRECTION('',(1.,0.,0.));
#3713=DIRECTION('',(0.,0.,-1.));
#3714=DIRECTION('',(0.,0.,-1.));
#3715=DIRECTION('',(-1.,0.,0.));
#3716=DIRECTION('',(0.,0.,-1.));
#3717=DIRECTION('',(-1.,0.,0.));
#3718=DIRECTION('',(0.,0.,-1.));
#3719=DIRECTION('',(0.,0.,1.));
#3720=DIRECTION('',(1.,0.,0.));
#3721=DIRECTION('',(0.,0.,-1.));
#3722=DIRECTION('',(0.,0.,-1.));
#3723=DIRECTION('',(-1.,0.,0.));
#3724=DIRECTION('',(0.,0.,-1.));
#3725=DIRECTION('',(-1.,0.,0.));
#3726=DIRECTION('',(0.,0.,-1.));
#3727=DIRECTION('',(0.,0.,-1.));
#3728=DIRECTION('',(0.,0.,-1.));
#3729=DIRECTION('',(-1.,0.,0.));
#3730=DIRECTION('',(0.,0.,-1.));
#3731=DIRECTION('',(0.,0.,-1.));
#3732=DIRECTION('',(-1.,0.,0.));
#3733=DIRECTION('',(0.,0.,-1.));
#3734=DIRECTION('',(0.,0.,-1.));
#3735=DIRECTION('',(-1.,0.,0.));
#3736=DIRECTION('',(0.,0.,-1.));
#3737=DIRECTION('',(0.,0.,-1.));
#3738=DIRECTION('',(-1.,0.,0.));
#3739=DIRECTION('',(0.,0.,-1.));
#3740=DIRECTION('',(0.,0.,-1.));
#3741=DIRECTION('',(-1.,0.,0.));
#3742=DIRECTION('',(0.,0.,-1.));
#3743=DIRECTION('',(0.,0.,-1.));
#3744=DIRECTION('',(-1.,0.,0.));
#3745=DIRECTION('',(0.,0.,-1.));
#3746=DIRECTION('',(0.,0.,-1.));
#3747=DIRECTION('',(-1.,0.,0.));
#3748=DIRECTION('',(0.,0.,-1.));
#3749=DIRECTION('',(0.,0.,-1.));
#3750=DIRECTION('',(-1.,0.,0.));
#3751=DIRECTION('',(0.,0.,-1.));
#3752=DIRECTION('',(-1.,0.,0.));
#3753=DIRECTION('',(0.,0.,1.));
#3754=DIRECTION('',(1.,0.,0.));
#3755=DIRECTION('',(0.,0.,-1.));
#3756=DIRECTION('',(0.,0.,1.));
#3757=DIRECTION('',(1.,0.,0.));
#3758=DIRECTION('',(0.,0.,-1.));
#3759=DIRECTION('',(0.,0.,1.));
#3760=DIRECTION('',(1.,0.,0.));
#3761=DIRECTION('',(0.,-1.,0.));
#3762=DIRECTION('',(1.,0.,0.));
#3763=DIRECTION('',(0.,-1.,0.));
#3764=DIRECTION('',(1.,0.,0.));
#3765=DIRECTION('',(0.,-1.,0.));
#3766=DIRECTION('',(0.,0.,-1.));
#3767=DIRECTION('',(0.,-1.,0.));
#3768=DIRECTION('',(0.,-1.,0.));
#3769=DIRECTION('',(0.,0.,-1.));
#3770=DIRECTION('',(-1.,0.,0.));
#3771=DIRECTION('',(0.,-1.,0.));
#3772=DIRECTION('',(0.,-1.,0.));
#3773=DIRECTION('',(0.,0.,-1.));
#3774=DIRECTION('',(0.,-1.,0.));
#3775=DIRECTION('',(0.,0.,-1.));
#3776=DIRECTION('',(-1.,0.,0.));
#3777=DIRECTION('',(0.,-1.,0.));
#3778=DIRECTION('',(0.,-1.,0.));
#3779=DIRECTION('',(0.,0.,-1.));
#3780=DIRECTION('',(0.,-1.,0.));
#3781=DIRECTION('',(1.,0.,0.));
#3782=DIRECTION('',(0.,0.,-1.));
#3783=DIRECTION('',(1.,0.,0.));
#3784=DIRECTION('',(0.,0.,-1.));
#3785=DIRECTION('',(0.,-1.,0.));
#3786=DIRECTION('',(0.,0.,-1.));
#3787=DIRECTION('',(0.,0.,-1.));
#3788=DIRECTION('',(1.,0.,0.));
#3789=DIRECTION('',(0.,-1.,0.));
#3790=DIRECTION('',(0.,0.,-1.));
#3791=DIRECTION('',(1.,0.,0.));
#3792=DIRECTION('',(0.,0.,-1.));
#3793=DIRECTION('',(1.,0.,0.));
#3794=DIRECTION('',(0.,1.,0.));
#3795=DIRECTION('',(0.,-1.,0.));
#3796=DIRECTION('',(0.,1.,0.));
#3797=DIRECTION('',(0.,0.,1.));
#3798=DIRECTION('',(0.,0.,-1.));
#3799=DIRECTION('',(0.,1.,0.));
#3800=DIRECTION('',(0.,0.,1.));
#3801=DIRECTION('',(0.,0.,-1.));
#3802=DIRECTION('',(-1.,0.,0.));
#3803=DIRECTION('',(0.,1.,0.));
#3804=DIRECTION('',(0.,0.,1.));
#3805=DIRECTION('',(1.,0.,0.));
#3806=DIRECTION('',(0.,-1.,0.));
#3807=DIRECTION('',(0.,0.,-1.));
#3808=DIRECTION('',(-1.,0.,0.));
#3809=DIRECTION('',(1.,0.,0.));
#3810=DIRECTION('',(0.,1.,0.));
#3811=DIRECTION('',(1.,0.,0.));
#3812=DIRECTION('',(0.,0.,-1.));
#3813=DIRECTION('',(-1.,0.,0.));
#3814=DIRECTION('',(1.,0.,0.));
#3815=DIRECTION('',(1.,0.,0.));
#3816=DIRECTION('',(0.,1.,0.));
#3817=DIRECTION('',(0.,-1.,0.));
#3818=DIRECTION('',(0.,0.,-1.));
#3819=DIRECTION('',(0.,0.,-1.));
#3820=DIRECTION('',(0.,-1.,0.));
#3821=DIRECTION('',(0.,0.,-1.));
#3822=DIRECTION('',(0.,0.,-1.));
#3823=DIRECTION('',(1.,0.,0.));
#3824=DIRECTION('',(0.,1.,0.));
#3825=DIRECTION('',(0.,0.,-1.));
#3826=DIRECTION('',(-1.,0.,0.));
#3827=DIRECTION('',(6.12323399573677E-17,1.,0.));
#3828=DIRECTION('',(-1.,6.12323399573677E-17,0.));
#3829=DIRECTION('',(6.12323399573677E-17,1.,0.));
#3830=DIRECTION('',(0.,0.,-1.));
#3831=DIRECTION('',(-1.,0.,0.));
#3832=DIRECTION('',(6.12323399573677E-17,1.,0.));
#3833=DIRECTION('',(6.12323399573677E-17,1.,0.));
#3834=DIRECTION('',(-1.,6.12323399573677E-17,0.));
#3835=DIRECTION('',(1.,-6.12323399573677E-17,0.));
#3836=DIRECTION('',(6.12323399573677E-17,1.,0.));
#3837=DIRECTION('',(0.,0.,-1.));
#3838=DIRECTION('',(1.,-6.12323399573677E-17,0.));
#3839=DIRECTION('',(6.12323399573677E-17,1.,0.));
#3840=DIRECTION('',(0.,0.,-1.));
#3841=DIRECTION('',(6.12323399573677E-17,1.,0.));
#3842=DIRECTION('',(-1.,6.12323399573677E-17,0.));
#3843=DIRECTION('',(0.,0.,-1.));
#3844=DIRECTION('',(-1.,0.,0.));
#3845=DIRECTION('',(-1.,1.22464679914735E-16,0.));
#3846=DIRECTION('',(-1.22464679914735E-16,-1.,0.));
#3847=DIRECTION('',(-1.,1.22464679914735E-16,0.));
#3848=DIRECTION('',(0.,0.,-1.));
#3849=DIRECTION('',(-1.,0.,0.));
#3850=DIRECTION('',(-1.,1.22464679914735E-16,0.));
#3851=DIRECTION('',(-1.,1.22464679914735E-16,0.));
#3852=DIRECTION('',(-1.22464679914735E-16,-1.,0.));
#3853=DIRECTION('',(1.22464679914735E-16,1.,0.));
#3854=DIRECTION('',(-1.,1.22464679914735E-16,0.));
#3855=DIRECTION('',(0.,0.,-1.));
#3856=DIRECTION('',(1.22464679914735E-16,1.,0.));
#3857=DIRECTION('',(-1.,1.22464679914735E-16,0.));
#3858=DIRECTION('',(0.,0.,-1.));
#3859=DIRECTION('',(-1.,1.22464679914735E-16,0.));
#3860=DIRECTION('',(-1.22464679914735E-16,-1.,0.));
#3861=DIRECTION('',(0.,0.,-1.));
#3862=DIRECTION('',(-1.,0.,0.));
#3863=DIRECTION('',(-1.83697019872103E-16,-1.,0.));
#3864=DIRECTION('',(1.,-1.83697019872103E-16,0.));
#3865=DIRECTION('',(-1.83697019872103E-16,-1.,0.));
#3866=DIRECTION('',(0.,0.,-1.));
#3867=DIRECTION('',(-1.,0.,0.));
#3868=DIRECTION('',(-1.83697019872103E-16,-1.,0.));
#3869=DIRECTION('',(-1.83697019872103E-16,-1.,0.));
#3870=DIRECTION('',(1.,-1.83697019872103E-16,0.));
#3871=DIRECTION('',(-1.,1.83697019872103E-16,0.));
#3872=DIRECTION('',(-1.83697019872103E-16,-1.,0.));
#3873=DIRECTION('',(0.,0.,-1.));
#3874=DIRECTION('',(-1.,1.83697019872103E-16,0.));
#3875=DIRECTION('',(-1.83697019872103E-16,-1.,0.));
#3876=DIRECTION('',(0.,0.,-1.));
#3877=DIRECTION('',(-1.83697019872103E-16,-1.,0.));
#3878=DIRECTION('',(1.,-1.83697019872103E-16,0.));
#3879=DIRECTION('',(0.,-1.,0.));
#3880=DIRECTION('',(0.,0.,-1.));
#3881=DIRECTION('',(0.,-1.,0.));
#3882=DIRECTION('',(0.,-1.,0.));
#3883=DIRECTION('',(0.,0.,-1.));
#3884=DIRECTION('',(-1.,0.,0.));
#3885=DIRECTION('',(0.,-1.,0.));
#3886=DIRECTION('',(0.,-1.,0.));
#3887=DIRECTION('',(0.,0.,-1.));
#3888=DIRECTION('',(0.,-1.,0.));
#3889=DIRECTION('',(0.,0.,-1.));
#3890=DIRECTION('',(-1.,0.,0.));
#3891=DIRECTION('',(0.,-1.,0.));
#3892=DIRECTION('',(0.,-1.,0.));
#3893=DIRECTION('',(0.,0.,-1.));
#3894=DIRECTION('',(0.,-1.,0.));
#3895=DIRECTION('',(-1.,0.,0.));
#3896=DIRECTION('',(0.,0.,1.));
#3897=DIRECTION('',(-1.,0.,0.));
#3898=DIRECTION('',(0.,0.,1.));
#3899=DIRECTION('',(0.,0.,1.));
#3900=DIRECTION('',(1.,0.,0.));
#3901=DIRECTION('',(-1.22464679914735E-16,1.,0.));
#3902=DIRECTION('',(-1.,-1.22464679914735E-16,0.));
#3903=DIRECTION('',(-1.22464679914735E-16,1.,0.));
#3904=DIRECTION('',(0.,0.,-1.));
#3905=DIRECTION('',(-1.22464679914735E-16,1.,0.));
#3906=DIRECTION('',(0.,0.,-1.));
#3907=DIRECTION('',(0.,0.,-1.));
#3908=DIRECTION('',(-1.,0.,0.));
#3909=DIRECTION('',(0.,0.,1.));
#3910=DIRECTION('',(1.,0.,0.));
#3911=DIRECTION('',(0.,0.,1.));
#3912=DIRECTION('',(1.,0.,0.));
#3913=DIRECTION('',(0.,0.,-1.));
#3914=DIRECTION('',(-1.,0.,0.));
#3915=DIRECTION('',(0.,0.,1.));
#3916=DIRECTION('',(1.,0.,0.));
#3917=DIRECTION('',(0.,0.,1.));
#3918=DIRECTION('',(1.,0.,0.));
#3919=DIRECTION('',(0.,0.,1.));
#3920=DIRECTION('',(1.,0.,0.));
#3921=DIRECTION('',(0.,0.,1.));
#3922=DIRECTION('',(1.,0.,0.));
#3923=DIRECTION('',(0.,0.,1.));
#3924=DIRECTION('',(1.,0.,0.));
#3925=DIRECTION('',(0.,0.,1.));
#3926=DIRECTION('',(1.,0.,0.));
#3927=DIRECTION('',(0.,0.,1.));
#3928=DIRECTION('',(1.,0.,0.));
#3929=DIRECTION('',(0.,0.,-1.));
#3930=DIRECTION('',(-1.,0.,0.));
#3931=DIRECTION('',(0.,0.,1.));
#3932=DIRECTION('',(1.,0.,0.));
#3933=DIRECTION('',(0.,-1.,0.));
#3934=DIRECTION('',(0.,0.,-1.));
#3935=DIRECTION('',(0.,-1.,0.));
#3936=DIRECTION('',(0.,0.,-1.));
#3937=DIRECTION('',(0.,-1.,0.));
#3938=DIRECTION('',(1.,0.,0.));
#3939=DIRECTION('',(-5.73439738189389E-17,5.14304730587885E-17,1.));
#3940=DIRECTION('',(1.,5.55111512312585E-17,5.73439738189389E-17));
#3941=DIRECTION('',(-1.,0.,0.));
#3942=DIRECTION('',(0.,0.,1.));
#3943=DIRECTION('',(0.,1.,0.));
#3944=DIRECTION('',(0.,0.,-1.));
#3945=DIRECTION('',(0.,1.,0.));
#3946=DIRECTION('',(0.,0.,-1.));
#3947=DIRECTION('',(0.,1.,0.));
#3948=DIRECTION('',(0.,0.,1.));
#3949=DIRECTION('',(1.,0.,0.));
#3950=DIRECTION('',(0.,0.,-1.));
#3951=DIRECTION('',(1.,0.,0.));
#3952=DIRECTION('',(-1.,0.,0.));
#3953=DIRECTION('',(0.,0.,1.));
#3954=DIRECTION('',(0.,1.,0.));
#3955=DIRECTION('',(0.,0.,-1.));
#3956=DIRECTION('',(0.,1.,0.));
#3957=DIRECTION('',(0.,1.,0.));
#3958=DIRECTION('',(0.,0.,1.));
#3959=DIRECTION('',(1.,0.,0.));
#3960=DIRECTION('',(1.,0.,0.));
#3961=DIRECTION('',(0.,0.,1.));
#3962=DIRECTION('',(1.,0.,0.));
#3963=DIRECTION('',(0.,0.,1.));
#3964=DIRECTION('',(1.,0.,0.));
#3965=DIRECTION('',(0.,0.,1.));
#3966=DIRECTION('',(1.,0.,0.));
#3967=DIRECTION('',(-1.,0.,0.));
#3968=DIRECTION('',(0.,0.,1.));
#3969=DIRECTION('',(0.,0.,1.));
#3970=DIRECTION('',(0.,1.,0.));
#3971=DIRECTION('',(0.,0.,1.));
#3972=DIRECTION('',(0.,1.,0.));
#3973=DIRECTION('',(0.,1.,0.));
#3974=DIRECTION('',(0.,0.,1.));
#3975=DIRECTION('',(0.,-1.,0.));
#3976=DIRECTION('',(0.,0.,-1.));
#3977=DIRECTION('',(0.,1.,0.));
#3978=DIRECTION('',(0.,-1.,0.));
#3979=DIRECTION('',(0.,0.,-1.));
#3980=DIRECTION('',(0.,-1.,0.));
#3981=DIRECTION('',(0.,0.,1.));
#3982=DIRECTION('',(0.,1.,0.));
#3983=DIRECTION('',(0.,-1.,0.));
#3984=DIRECTION('',(0.,0.,1.));
#3985=DIRECTION('',(0.,1.,0.));
#3986=DIRECTION('',(0.,0.,1.));
#3987=DIRECTION('',(0.,-1.,0.));
#3988=DIRECTION('',(0.,0.,-1.));
#3989=DIRECTION('',(0.,1.,0.));
#3990=DIRECTION('',(0.,-1.,0.));
#3991=DIRECTION('',(0.,0.,-1.));
#3992=DIRECTION('',(0.,1.,0.));
#3993=DIRECTION('',(-1.,0.,0.));
#3994=DIRECTION('',(0.,0.,1.));
#3995=DIRECTION('',(0.,0.,1.));
#3996=DIRECTION('',(0.,1.,0.));
#3997=DIRECTION('',(0.,0.,1.));
#3998=DIRECTION('',(0.,1.,0.));
#3999=DIRECTION('',(0.,0.,1.));
#4000=DIRECTION('',(0.,-1.,0.));
#4001=DIRECTION('',(0.,0.,-1.));
#4002=DIRECTION('',(0.,1.,0.));
#4003=DIRECTION('',(0.,-1.,0.));
#4004=DIRECTION('',(0.,0.,-1.));
#4005=DIRECTION('',(0.,-1.,0.));
#4006=DIRECTION('',(0.,0.,1.));
#4007=DIRECTION('',(0.,-1.,0.));
#4008=DIRECTION('',(0.,0.,1.));
#4009=DIRECTION('',(0.,1.,0.));
#4010=DIRECTION('',(0.,0.,1.));
#4011=DIRECTION('',(0.,-1.,0.));
#4012=DIRECTION('',(0.,0.,-1.));
#4013=DIRECTION('',(0.,-1.,0.));
#4014=DIRECTION('',(0.,0.,-1.));
#4015=DIRECTION('',(0.,-1.,0.));
#4016=DIRECTION('',(1.,0.,0.));
#4017=DIRECTION('',(0.,-1.,0.));
#4018=DIRECTION('',(1.,0.,0.));
#4019=DIRECTION('',(0.,0.,1.));
#4020=DIRECTION('',(1.,0.,0.));
#4021=DIRECTION('',(1.22464679914735E-16,0.,-1.));
#4022=DIRECTION('',(-1.,0.,-1.22464679914735E-16));
#4023=DIRECTION('',(0.,0.,-1.));
#4024=DIRECTION('',(-1.,0.,0.));
#4025=DIRECTION('',(1.,0.,1.22464679914735E-16));
#4026=DIRECTION('',(1.22464679914735E-16,0.,-1.));
#4027=DIRECTION('',(-1.,0.,-1.22464679914735E-16));
#4028=DIRECTION('',(-1.,0.,-1.22464679914735E-16));
#4029=DIRECTION('',(-1.22464679914735E-16,0.,1.));
#4030=DIRECTION('',(1.,0.,1.22464679914735E-16));
#4031=DIRECTION('',(-1.22464679914735E-16,0.,1.));
#4032=DIRECTION('',(1.22464679914735E-16,0.,-1.));
#4033=DIRECTION('',(-1.,0.,-1.22464679914735E-16));
#4034=DIRECTION('',(-1.22464679914735E-16,0.,1.));
#4035=DIRECTION('',(-1.22464679914735E-16,0.,1.));
#4036=DIRECTION('',(1.,0.,1.22464679914735E-16));
#4037=DIRECTION('',(1.22464679914735E-16,0.,-1.));
#4038=DIRECTION('',(-1.,0.,-1.22464679914735E-16));
#4039=DIRECTION('',(-1.22464679914735E-16,0.,1.));
#4040=DIRECTION('',(1.22464679914735E-16,0.,-1.));
#4041=DIRECTION('',(-1.,0.,-1.22464679914735E-16));
#4042=DIRECTION('',(-1.22464679914735E-16,0.,1.));
#4043=DIRECTION('',(0.,1.,0.));
#4044=DIRECTION('',(1.22464679914735E-16,0.,-1.));
#4045=DIRECTION('',(1.,0.,1.22464679914735E-16));
#4046=DIRECTION('',(-1.22464679914735E-16,0.,1.));
#4047=DIRECTION('',(1.,0.,1.22464679914735E-16));
#4048=DIRECTION('',(3.76374251384782E-32,1.,-3.07332899287229E-16));
#4049=DIRECTION('',(1.22464679914735E-16,-3.07332899287229E-16,-1.));
#4050=DIRECTION('',(-1.22464679914735E-16,3.07332899287229E-16,1.));
#4051=DIRECTION('',(1.,0.,1.22464679914735E-16));
#4052=DIRECTION('',(1.,0.,1.22464679914735E-16));
#4053=DIRECTION('',(1.,0.,1.22464679914735E-16));
#4054=DIRECTION('',(0.,-1.,0.));
#4055=DIRECTION('',(-1.22464679914735E-16,0.,1.));
#4056=DIRECTION('',(-1.22464679914735E-16,0.,1.));
#4057=DIRECTION('',(-1.,0.,-1.22464679914735E-16));
#4058=DIRECTION('',(-1.,0.,-1.22464679914735E-16));
#4059=DIRECTION('',(-3.76374251384782E-32,-1.,3.07332899287229E-16));
#4060=DIRECTION('',(-1.22464679914735E-16,3.07332899287229E-16,1.));
#4061=DIRECTION('',(-1.,0.,-1.22464679914735E-16));
#4062=DIRECTION('',(-1.,0.,-1.22464679914735E-16));
#4063=DIRECTION('',(-1.22464679914735E-16,3.07332899287229E-16,1.));
#4064=DIRECTION('',(-1.,0.,-1.22464679914735E-16));
#4065=DIRECTION('',(-1.,0.,-1.22464679914735E-16));
#4066=DIRECTION('',(0.,1.,0.));
#4067=DIRECTION('',(0.,1.,0.));
#4068=DIRECTION('',(0.,-1.,0.));
#4069=DIRECTION('',(1.,0.,1.22464679914735E-16));
#4070=DIRECTION('',(0.,1.,0.));
#4071=DIRECTION('',(0.,-1.,0.));
#4072=DIRECTION('',(0.,-1.,0.));
#4073=DIRECTION('',(1.22464679914735E-16,0.,-1.));
#4074=DIRECTION('',(-1.,0.,-1.22464679914735E-16));
#4075=DIRECTION('',(1.22464679914735E-16,0.,-1.));
#4076=DIRECTION('',(-1.,0.,-1.22464679914735E-16));
#4077=DIRECTION('',(0.,0.,-1.));
#4078=DIRECTION('',(-1.,0.,0.));
#4079=DIRECTION('',(-1.22464679914735E-16,0.,1.));
#4080=DIRECTION('',(1.,0.,1.22464679914735E-16));
#4081=DIRECTION('',(1.22464679914735E-16,0.,-1.));
#4082=DIRECTION('',(-1.,0.,-1.22464679914735E-16));
#4083=DIRECTION('',(1.22464679914735E-16,0.,-1.));
#4084=DIRECTION('',(-1.,0.,-1.22464679914735E-16));
#4085=DIRECTION('',(-1.22464679914735E-16,0.,1.));
#4086=DIRECTION('',(1.,0.,1.22464679914735E-16));
#4087=DIRECTION('',(1.22464679914735E-16,0.,-1.));
#4088=DIRECTION('',(-1.,0.,-1.22464679914735E-16));
#4089=DIRECTION('',(1.22464679914735E-16,0.,-1.));
#4090=DIRECTION('',(-1.,0.,-1.22464679914735E-16));
#4091=DIRECTION('',(0.,-1.,0.));
#4092=DIRECTION('',(-1.22464679914735E-16,0.,1.));
#4093=DIRECTION('',(0.,-1.,0.));
#4094=DIRECTION('',(-1.22464679914735E-16,0.,1.));
#4095=DIRECTION('',(0.,-1.,0.));
#4096=DIRECTION('',(-1.,0.,-1.22464679914735E-16));
#4097=DIRECTION('',(0.,1.,0.));
#4098=DIRECTION('',(1.22464679914735E-16,0.,-1.));
#4099=DIRECTION('',(0.,-1.,0.));
#4100=DIRECTION('',(-1.22464679914735E-16,0.,1.));
#4101=DIRECTION('',(0.,1.,0.));
#4102=DIRECTION('',(-1.,0.,-1.22464679914735E-16));
#4103=DIRECTION('',(-1.22464679914735E-16,0.,1.));
#4104=DIRECTION('',(1.,0.,1.22464679914735E-16));
#4105=DIRECTION('',(1.22464679914735E-16,0.,-1.));
#4106=DIRECTION('',(-1.,0.,-1.22464679914735E-16));
#4107=DIRECTION('',(0.,0.,-1.));
#4108=DIRECTION('',(-1.,0.,0.));
#4109=DIRECTION('',(0.,0.,-1.));
#4110=DIRECTION('',(-1.,0.,0.));
#4111=DIRECTION('',(0.,0.,-1.));
#4112=DIRECTION('',(-1.,0.,0.));
#4113=DIRECTION('',(0.,0.,-1.));
#4114=DIRECTION('',(-1.,0.,0.));
#4115=DIRECTION('',(0.,0.,1.));
#4116=DIRECTION('',(1.,0.,0.));
#4117=DIRECTION('',(0.,0.,-1.));
#4118=DIRECTION('',(-1.,0.,0.));
#4119=DIRECTION('',(0.,0.,-1.));
#4120=DIRECTION('',(-1.,0.,0.));
#4121=DIRECTION('',(0.,0.,-1.));
#4122=DIRECTION('',(-1.,0.,0.));
#4123=DIRECTION('',(0.,0.,-1.));
#4124=DIRECTION('',(-1.,0.,0.));
#4125=DIRECTION('',(0.,0.,1.));
#4126=DIRECTION('',(1.,0.,0.));
#4127=DIRECTION('',(0.,0.,-1.));
#4128=DIRECTION('',(-1.,0.,0.));
#4129=DIRECTION('',(0.,0.,-1.));
#4130=DIRECTION('',(-1.,0.,0.));
#4131=DIRECTION('',(0.,0.,-1.));
#4132=DIRECTION('',(1.,0.,0.));
#4133=DIRECTION('',(0.,0.,-1.));
#4134=DIRECTION('',(-1.,0.,0.));
#4135=DIRECTION('',(0.,0.,1.));
#4136=DIRECTION('',(1.,0.,0.));
#4137=DIRECTION('',(0.,0.,1.));
#4138=DIRECTION('',(1.,0.,0.));
#4139=DIRECTION('',(0.,0.,1.));
#4140=DIRECTION('',(1.,0.,0.));
#4141=DIRECTION('',(0.,0.,1.));
#4142=DIRECTION('',(1.,0.,0.));
#4143=DIRECTION('',(0.,0.,1.));
#4144=DIRECTION('',(1.,0.,0.));
#4145=DIRECTION('',(0.,0.,-1.));
#4146=DIRECTION('',(-1.,0.,0.));
#4147=DIRECTION('',(0.,0.,1.));
#4148=DIRECTION('',(1.,0.,0.));
#4149=DIRECTION('',(0.,0.,-1.));
#4150=DIRECTION('',(-1.,0.,0.));
#4151=DIRECTION('',(0.,0.,1.));
#4152=DIRECTION('',(1.,0.,0.));
#4153=DIRECTION('',(0.,0.,-1.));
#4154=DIRECTION('',(-1.,0.,0.));
#4155=DIRECTION('',(0.,0.,1.));
#4156=DIRECTION('',(1.,0.,0.));
#4157=DIRECTION('',(0.,0.,-1.));
#4158=DIRECTION('',(-1.,0.,0.));
#4159=DIRECTION('',(0.,0.,1.));
#4160=DIRECTION('',(1.,0.,0.));
#4161=DIRECTION('',(0.,0.,-1.));
#4162=DIRECTION('',(1.,0.,0.));
#4163=DIRECTION('',(0.,0.,-1.));
#4164=DIRECTION('',(1.,0.,0.));
#4165=DIRECTION('',(0.,0.,-1.));
#4166=DIRECTION('',(1.,0.,0.));
#4167=DIRECTION('',(0.,0.,-1.));
#4168=DIRECTION('',(1.,0.,0.));
#4169=DIRECTION('',(0.,0.,1.));
#4170=DIRECTION('',(1.,0.,0.));
#4171=DIRECTION('',(0.,0.,1.));
#4172=DIRECTION('',(1.,0.,0.));
#4173=DIRECTION('',(0.,0.,1.));
#4174=DIRECTION('',(1.,0.,0.));
#4175=DIRECTION('',(0.,0.,1.));
#4176=DIRECTION('',(1.,0.,0.));
#4177=DIRECTION('',(1.22464679914735E-16,1.,0.));
#4178=DIRECTION('',(0.,0.,1.));
#4179=DIRECTION('',(1.,0.,0.));
#4180=DIRECTION('',(1.,0.,0.));
#4181=DIRECTION('',(0.,-1.,0.));
#4182=DIRECTION('',(1.,0.,0.));
#4183=DIRECTION('',(0.,0.,1.));
#4184=DIRECTION('',(1.,0.,0.));
#4185=DIRECTION('',(0.,-1.,0.));
#4186=DIRECTION('',(-1.,1.22464679914735E-16,0.));
#4187=DIRECTION('',(0.,0.,-1.));
#4188=DIRECTION('',(0.,0.,-1.));
#4189=DIRECTION('',(1.22464679914735E-16,1.,0.));
#4190=DIRECTION('',(0.,0.,-1.));
#4191=DIRECTION('',(1.22464679914735E-16,1.,0.));
#4192=DIRECTION('',(1.22464679914735E-16,1.,0.));
#4193=DIRECTION('',(0.,0.,-1.));
#4194=DIRECTION('',(1.22464679914735E-16,1.,0.));
#4195=DIRECTION('',(0.,0.,-1.));
#4196=DIRECTION('',(1.,-1.22464679914735E-16,0.));
#4197=DIRECTION('',(1.22464679914735E-16,1.,0.));
#4198=DIRECTION('',(0.,0.,-1.));
#4199=DIRECTION('',(1.,-1.22464679914735E-16,0.));
#4200=DIRECTION('',(0.,0.,-1.));
#4201=DIRECTION('',(1.,-1.22464679914735E-16,0.));
#4202=DIRECTION('',(1.22464679914735E-16,1.,0.));
#4203=DIRECTION('',(0.,0.,-1.));
#4204=DIRECTION('',(1.22464679914735E-16,1.,0.));
#4205=DIRECTION('',(0.,0.,-1.));
#4206=DIRECTION('',(1.,-1.22464679914735E-16,0.));
#4207=DIRECTION('',(0.,0.,-1.));
#4208=DIRECTION('',(1.,-1.22464679914735E-16,0.));
#4209=DIRECTION('',(1.22464679914735E-16,1.,0.));
#4210=DIRECTION('',(0.,0.,-1.));
#4211=DIRECTION('',(1.,-1.22464679914735E-16,0.));
#4212=DIRECTION('',(1.22464679914735E-16,1.,0.));
#4213=DIRECTION('',(0.,0.,-1.));
#4214=DIRECTION('',(1.22464679914735E-16,1.,0.));
#4215=DIRECTION('',(-1.,1.22464679914735E-16,0.));
#4216=DIRECTION('',(0.,0.,-1.));
#4217=DIRECTION('',(0.,0.,-1.));
#4218=DIRECTION('',(0.,0.,-1.));
#4219=DIRECTION('',(0.,0.,-1.));
#4220=DIRECTION('',(-1.,0.,0.));
#4221=DIRECTION('',(0.,0.,-1.));
#4222=DIRECTION('',(0.,0.,-1.));
#4223=DIRECTION('',(0.,0.,1.));
#4224=DIRECTION('',(1.,0.,0.));
#4225=DIRECTION('',(0.,0.,-1.));
#4226=DIRECTION('',(0.,0.,1.));
#4227=DIRECTION('',(1.,0.,0.));
#4228=DIRECTION('',(0.,0.,-1.));
#4229=DIRECTION('',(0.,0.,-1.));
#4230=DIRECTION('',(-1.,0.,0.));
#4231=DIRECTION('',(0.,0.,-1.));
#4232=DIRECTION('',(-1.,0.,0.));
#4233=DIRECTION('',(0.,0.,-1.));
#4234=DIRECTION('',(-1.,0.,0.));
#4235=DIRECTION('',(0.,0.,1.));
#4236=DIRECTION('',(1.,0.,0.));
#4237=DIRECTION('',(0.,0.,1.));
#4238=DIRECTION('',(1.,0.,0.));
#4239=DIRECTION('',(0.,0.,-1.));
#4240=DIRECTION('',(0.,0.,-1.));
#4241=DIRECTION('',(-1.,0.,0.));
#4242=DIRECTION('',(0.,0.,-1.));
#4243=DIRECTION('',(-1.,0.,0.));
#4244=DIRECTION('',(0.,0.,-1.));
#4245=DIRECTION('',(0.,0.,1.));
#4246=DIRECTION('',(1.,0.,0.));
#4247=DIRECTION('',(0.,-1.,0.));
#4248=DIRECTION('',(-1.,0.,0.));
#4249=DIRECTION('',(0.,1.,0.));
#4250=DIRECTION('',(-1.,0.,0.));
#4251=DIRECTION('',(0.,0.,1.));
#4252=DIRECTION('',(1.,0.,0.));
#4253=DIRECTION('',(0.,0.,-1.));
#4254=DIRECTION('',(-1.,0.,0.));
#4255=DIRECTION('',(0.,0.,-1.));
#4256=DIRECTION('',(0.,0.,1.));
#4257=DIRECTION('',(1.,0.,0.));
#4258=DIRECTION('',(0.,0.,-1.));
#4259=DIRECTION('',(0.,1.,0.));
#4260=DIRECTION('',(0.,0.,1.));
#4261=DIRECTION('',(0.,0.,-1.));
#4262=DIRECTION('',(-1.,0.,0.));
#4263=DIRECTION('',(0.,1.,3.07332899287229E-16));
#4264=DIRECTION('',(0.,-3.07332899287229E-16,1.));
#4265=DIRECTION('',(0.,3.07332899287229E-16,-1.));
#4266=DIRECTION('',(-1.,0.,0.));
#4267=DIRECTION('',(0.,-1.,0.));
#4268=DIRECTION('',(0.,0.,-1.));
#4269=DIRECTION('',(0.,0.,-1.));
#4270=DIRECTION('',(1.,0.,0.));
#4271=DIRECTION('',(0.,-1.,-3.07332899287229E-16));
#4272=DIRECTION('',(0.,3.07332899287229E-16,-1.));
#4273=DIRECTION('',(0.,3.07332899287229E-16,-1.));
#4274=DIRECTION('',(1.,0.,0.));
#4275=DIRECTION('',(1.,0.,0.));
#4276=DIRECTION('',(0.,1.,0.));
#4277=DIRECTION('',(0.,-1.,0.));
#4278=DIRECTION('',(-1.,0.,0.));
#4279=DIRECTION('',(0.,1.,0.));
#4280=DIRECTION('',(0.,-1.,0.));
#4281=DIRECTION('',(0.,0.,-1.));
#4282=DIRECTION('',(-1.,0.,0.));
#4283=DIRECTION('',(0.,0.,1.));
#4284=DIRECTION('',(1.,0.,0.));
#4285=DIRECTION('',(0.,0.,1.));
#4286=DIRECTION('',(1.,0.,0.));
#4287=DIRECTION('',(0.,0.,1.));
#4288=DIRECTION('',(1.,0.,0.));
#4289=DIRECTION('',(0.,0.,-1.));
#4290=DIRECTION('',(-1.,0.,0.));
#4291=DIRECTION('',(0.,0.,1.));
#4292=DIRECTION('',(1.,0.,0.));
#4293=DIRECTION('',(0.,0.,1.));
#4294=DIRECTION('',(1.,0.,0.));
#4295=DIRECTION('',(0.,-1.,0.));
#4296=DIRECTION('',(0.,0.,-1.));
#4297=DIRECTION('',(0.,-1.,0.));
#4298=DIRECTION('',(0.,0.,-1.));
#4299=DIRECTION('',(0.,-1.,0.));
#4300=DIRECTION('',(1.,0.,0.));
#4301=DIRECTION('',(0.,1.,0.));
#4302=DIRECTION('',(0.,0.,1.));
#4303=DIRECTION('',(0.,-1.,0.));
#4304=DIRECTION('',(0.,0.,-1.));
#4305=DIRECTION('',(0.,1.,0.));
#4306=DIRECTION('',(1.,0.,0.));
#4307=DIRECTION('',(0.,0.,1.));
#4308=DIRECTION('',(1.,0.,0.));
#4309=DIRECTION('',(0.,0.,-1.));
#4310=DIRECTION('',(-1.,0.,0.));
#4311=DIRECTION('',(0.,-1.,0.));
#4312=DIRECTION('',(0.,0.,-1.));
#4313=DIRECTION('',(0.,-1.,0.));
#4314=DIRECTION('',(0.,-1.,0.));
#4315=DIRECTION('',(0.,0.,-1.));
#4316=DIRECTION('',(-1.,0.,0.));
#4317=DIRECTION('',(0.,-1.,0.));
#4318=DIRECTION('',(0.,-1.,0.));
#4319=DIRECTION('',(0.,0.,-1.));
#4320=DIRECTION('',(0.,-1.,0.));
#4321=DIRECTION('',(0.,0.,-1.));
#4322=DIRECTION('',(-1.,0.,0.));
#4323=DIRECTION('',(0.,-1.,0.));
#4324=DIRECTION('',(0.,-1.,0.));
#4325=DIRECTION('',(0.,0.,-1.));
#4326=DIRECTION('',(0.,-1.,0.));
#4327=DIRECTION('',(1.,0.,0.));
#4328=DIRECTION('',(0.,0.,-1.));
#4329=DIRECTION('',(1.,0.,0.));
#4330=DIRECTION('',(0.,0.,-1.));
#4331=DIRECTION('',(0.,0.,1.));
#4332=DIRECTION('',(1.,0.,0.));
#4333=DIRECTION('',(-1.,0.,0.));
#4334=DIRECTION('',(0.,0.,1.));
#4335=DIRECTION('',(0.,1.,0.));
#4336=DIRECTION('',(0.,0.,-1.));
#4337=DIRECTION('',(0.,1.,0.));
#4338=DIRECTION('',(0.,0.,-1.));
#4339=DIRECTION('',(0.,1.,0.));
#4340=DIRECTION('',(0.,0.,1.));
#4341=DIRECTION('',(1.,0.,0.));
#4342=DIRECTION('',(0.,0.,-1.));
#4343=DIRECTION('',(1.,0.,0.));
#4344=DIRECTION('',(-1.,0.,0.));
#4345=DIRECTION('',(0.,0.,1.));
#4346=DIRECTION('',(0.,1.,0.));
#4347=DIRECTION('',(0.,0.,-1.));
#4348=DIRECTION('',(0.,1.,0.));
#4349=DIRECTION('',(0.,1.,0.));
#4350=DIRECTION('',(0.,0.,1.));
#4351=DIRECTION('',(1.,0.,0.));
#4352=DIRECTION('',(1.,0.,0.));
#4353=DIRECTION('',(0.,0.,1.));
#4354=DIRECTION('',(1.,0.,0.));
#4355=DIRECTION('',(0.,0.,1.));
#4356=DIRECTION('',(1.,0.,0.));
#4357=DIRECTION('',(0.,0.,1.));
#4358=DIRECTION('',(1.,0.,0.));
#4359=DIRECTION('',(0.,0.,1.));
#4360=DIRECTION('',(1.,0.,0.));
#4361=DIRECTION('',(-1.,0.,0.));
#4362=DIRECTION('',(0.,0.,1.));
#4363=DIRECTION('',(0.,1.,0.));
#4364=DIRECTION('',(0.,0.,-1.));
#4365=DIRECTION('',(0.,1.,0.));
#4366=DIRECTION('',(0.,0.,-1.));
#4367=DIRECTION('',(0.,0.,-1.));
#4368=DIRECTION('',(-1.,0.,0.));
#4369=DIRECTION('',(0.,0.,1.));
#4370=DIRECTION('',(1.,0.,0.));
#4371=DIRECTION('',(0.,0.,-1.));
#4372=DIRECTION('',(0.,0.,1.));
#4373=DIRECTION('',(1.,0.,0.));
#4374=DIRECTION('',(0.702239291874214,-0.711940992602619,0.));
#4375=DIRECTION('',(0.711940992602619,0.702239291874214,0.));
#4376=DIRECTION('',(-0.711940992602619,-0.702239291874214,0.));
#4377=DIRECTION('',(0.,0.,-1.));
#4378=DIRECTION('',(-0.711940992602619,-0.702239291874214,0.));
#4379=DIRECTION('',(0.,0.,-1.));
#4380=DIRECTION('',(-1.,0.,0.));
#4381=DIRECTION('',(0.,0.,1.));
#4382=DIRECTION('',(1.,0.,0.));
#4383=DIRECTION('',(0.,0.,-1.));
#4384=DIRECTION('',(0.,0.,1.));
#4385=DIRECTION('',(1.,0.,0.));
#4386=DIRECTION('',(0.,0.,-1.));
#4387=DIRECTION('',(-1.,0.,0.));
#4388=DIRECTION('',(0.,0.,1.));
#4389=DIRECTION('',(1.,0.,0.));
#4390=DIRECTION('',(0.,0.,-1.));
#4391=DIRECTION('',(0.,0.,1.));
#4392=DIRECTION('',(1.,0.,0.));
#4393=DIRECTION('',(0.,0.,-1.));
#4394=DIRECTION('',(-1.,0.,0.));
#4395=DIRECTION('',(0.,0.,1.));
#4396=DIRECTION('',(1.,0.,0.));
#4397=DIRECTION('',(0.,0.,-1.));
#4398=DIRECTION('',(0.,0.,1.));
#4399=DIRECTION('',(1.,0.,0.));
#4400=DIRECTION('',(-0.702239291874214,-0.711940992602619,0.));
#4401=DIRECTION('',(0.711940992602619,-0.702239291874214,0.));
#4402=DIRECTION('',(-0.711940992602619,0.702239291874214,0.));
#4403=DIRECTION('',(0.,0.,-1.));
#4404=DIRECTION('',(-0.711940992602619,0.702239291874214,0.));
#4405=DIRECTION('',(0.702239291874214,-0.711940992602619,0.));
#4406=DIRECTION('',(0.711940992602619,0.702239291874214,0.));
#4407=DIRECTION('',(-0.711940992602619,-0.702239291874214,0.));
#4408=DIRECTION('',(0.,0.,-1.));
#4409=DIRECTION('',(-0.711940992602619,-0.702239291874214,0.));
#4410=DIRECTION('',(0.,0.,-1.));
#4411=DIRECTION('',(0.,0.,-1.));
#4412=DIRECTION('',(-1.,0.,0.));
#4413=DIRECTION('',(0.,0.,1.));
#4414=DIRECTION('',(1.,0.,0.));
#4415=DIRECTION('',(0.,0.,-1.));
#4416=DIRECTION('',(0.,0.,1.));
#4417=DIRECTION('',(1.,0.,0.));
#4418=DIRECTION('',(1.,0.,0.));
#4419=DIRECTION('',(0.,0.,-1.));
#4420=DIRECTION('',(0.,-1.,0.));
#4421=DIRECTION('',(0.,0.,-1.));
#4422=DIRECTION('',(0.,-1.,0.));
#4423=DIRECTION('',(0.,0.,-1.));
#4424=DIRECTION('',(-1.,0.,0.));
#4425=DIRECTION('',(0.,0.,1.));
#4426=DIRECTION('',(1.,0.,0.));
#4427=DIRECTION('',(0.,0.,-1.));
#4428=DIRECTION('',(0.,0.,1.));
#4429=DIRECTION('',(1.,0.,0.));
#4430=DIRECTION('',(-0.702239291874214,-0.711940992602619,0.));
#4431=DIRECTION('',(0.711940992602619,-0.702239291874214,0.));
#4432=DIRECTION('',(-0.711940992602619,0.702239291874214,0.));
#4433=DIRECTION('',(0.,0.,-1.));
#4434=DIRECTION('',(-0.711940992602619,0.702239291874214,0.));
#4435=DIRECTION('',(0.,0.,-1.));
#4436=DIRECTION('',(-1.,0.,0.));
#4437=DIRECTION('',(0.,0.,1.));
#4438=DIRECTION('',(1.,0.,0.));
#4439=DIRECTION('',(0.,0.,-1.));
#4440=DIRECTION('',(0.,0.,1.));
#4441=DIRECTION('',(1.,0.,0.));
#4442=DIRECTION('',(0.,0.,-1.));
#4443=DIRECTION('',(-1.,0.,0.));
#4444=DIRECTION('',(0.,0.,1.));
#4445=DIRECTION('',(1.,0.,0.));
#4446=DIRECTION('',(0.,0.,-1.));
#4447=DIRECTION('',(0.,0.,1.));
#4448=DIRECTION('',(1.,0.,0.));
#4449=DIRECTION('',(0.,0.,-1.));
#4450=DIRECTION('',(-1.,0.,0.));
#4451=DIRECTION('',(0.,0.,1.));
#4452=DIRECTION('',(1.,0.,0.));
#4453=DIRECTION('',(0.,0.,1.));
#4454=DIRECTION('',(1.,0.,0.));
#4455=DIRECTION('',(0.,0.,-1.));
#4456=DIRECTION('',(-1.,0.,0.));
#4457=DIRECTION('',(0.,0.,1.));
#4458=DIRECTION('',(1.,0.,0.));
#4459=DIRECTION('',(0.,0.,1.));
#4460=DIRECTION('',(1.,0.,0.));
#4461=DIRECTION('',(0.,0.,1.));
#4462=DIRECTION('',(1.,0.,0.));
#4463=DIRECTION('',(0.,0.,1.));
#4464=DIRECTION('',(1.,0.,0.));
#4465=DIRECTION('',(0.,0.,1.));
#4466=DIRECTION('',(1.,0.,0.));
#4467=DIRECTION('',(0.,0.,-1.));
#4468=DIRECTION('',(-1.,0.,0.));
#4469=DIRECTION('',(0.,0.,1.));
#4470=DIRECTION('',(1.,0.,0.));
#4471=DIRECTION('',(0.,0.,1.));
#4472=DIRECTION('',(1.,0.,0.));
#4473=DIRECTION('',(0.,0.,-1.));
#4474=DIRECTION('',(-1.,0.,0.));
#4475=DIRECTION('',(0.,0.,1.));
#4476=DIRECTION('',(1.,0.,0.));
#4477=DIRECTION('',(0.,0.,1.));
#4478=DIRECTION('',(1.,0.,0.));
#4479=DIRECTION('',(0.,0.,-1.));
#4480=DIRECTION('',(-1.,0.,0.));
#4481=DIRECTION('',(0.,0.,1.));
#4482=DIRECTION('',(1.,0.,0.));
#4483=DIRECTION('',(0.,0.,1.));
#4484=DIRECTION('',(1.,0.,0.));
#4485=DIRECTION('',(0.,0.,-1.));
#4486=DIRECTION('',(-1.,0.,0.));
#4487=DIRECTION('',(0.,0.,1.));
#4488=DIRECTION('',(1.,0.,0.));
#4489=DIRECTION('',(0.,0.,1.));
#4490=DIRECTION('',(1.,0.,0.));
#4491=DIRECTION('',(0.,0.,-1.));
#4492=DIRECTION('',(-1.,0.,0.));
#4493=DIRECTION('',(0.,0.,1.));
#4494=DIRECTION('',(1.,0.,0.));
#4495=DIRECTION('',(0.,0.,1.));
#4496=DIRECTION('',(1.,0.,0.));
#4497=DIRECTION('',(0.,0.,1.));
#4498=DIRECTION('',(1.,0.,0.));
#4499=DIRECTION('',(0.,0.,1.));
#4500=DIRECTION('',(1.,0.,0.));
#4501=DIRECTION('',(0.,0.,1.));
#4502=DIRECTION('',(1.,0.,0.));
#4503=DIRECTION('',(0.,0.,1.));
#4504=DIRECTION('',(1.,0.,0.));
#4505=CARTESIAN_POINT('',(0.,0.,0.));
#4506=CARTESIAN_POINT('',(0.,0.,-0.1524));
#4507=CARTESIAN_POINT('',(0.,2.33295215237571E-18,-0.1524));
#4508=CARTESIAN_POINT('',(0.0142875,0.0353196452947931,-0.1524));
#4509=CARTESIAN_POINT('',(-0.0375671066226825,0.00635,-0.1524));
#4510=CARTESIAN_POINT('',(0.0142875,0.0127,-0.1524));
#4511=CARTESIAN_POINT('',(0.0142875,0.0325634909638079,-0.1524));
#4512=CARTESIAN_POINT('',(0.,2.17742200888399E-18,-0.1524));
#4513=CARTESIAN_POINT('',(-0.0206375,-0.0289587153332118,-0.1524));
#4514=CARTESIAN_POINT('',(-0.0206375,-0.0127,-0.1524));
#4515=CARTESIAN_POINT('',(-0.0206375,-0.0320266075904083,-0.1524));
#4516=CARTESIAN_POINT('',(0.,2.33295215237571E-18,-0.1524));
#4517=CARTESIAN_POINT('',(-0.0375671066226825,-0.00635,-0.1524));
#4518=CARTESIAN_POINT('',(-0.03683,-0.00635,-0.1524));
#4519=CARTESIAN_POINT('',(-0.03683,-0.00635,-0.1524));
#4520=CARTESIAN_POINT('',(-0.03683,0.,-0.1524));
#4521=CARTESIAN_POINT('',(-0.03683,0.00635,-0.1524));
#4522=CARTESIAN_POINT('',(-0.03683,0.00635,-0.1524));
#4523=CARTESIAN_POINT('',(0.0206375,0.0127,-0.146050003174999));
#4524=CARTESIAN_POINT('',(0.0206375,0.0289587153332118,0.0254));
#4525=CARTESIAN_POINT('',(0.0206375,0.0289587153332118,-0.1524));
#4526=CARTESIAN_POINT('',(0.0206375,0.0289587153332118,-0.139700006349998));
#4527=CARTESIAN_POINT('',(0.0206375,0.0127,-0.139700006349998));
#4528=CARTESIAN_POINT('',(0.0206375,0.0320266075904083,-0.139700006349998));
#4529=CARTESIAN_POINT('',(0.0206375,0.0320266075904083,0.0254));
#4530=CARTESIAN_POINT('',(0.0206375,0.0320266075904083,-0.1524));
#4531=CARTESIAN_POINT('',(0.0206375,0.0127,-0.1524));
#4532=CARTESIAN_POINT('',(0.0174625,0.0127,-0.139700006349998));
#4533=CARTESIAN_POINT('',(0.0174625,0.0127,-0.136525006349998));
#4534=CARTESIAN_POINT('',(0.0174625,0.030977002659231,-0.136525006349998));
#4535=CARTESIAN_POINT('',(0.0174625,0.0338625322997262,-0.136525006349998));
#4536=CARTESIAN_POINT('',(0.0174625,0.0338625322997262,-0.136525006349998));
#4537=CARTESIAN_POINT('',(0.0182655549287802,0.033448406546528,-0.136525006349998));
#4538=CARTESIAN_POINT('',(0.0198201082143386,0.0325631715736196,-0.137112438587669));
#4539=CARTESIAN_POINT('',(0.0206375,0.0320266075904084,-0.13879179250203));
#4540=CARTESIAN_POINT('',(0.0206375,0.0320266075904084,-0.139700006349998));
#4541=CARTESIAN_POINT('',(0.0174625,0.030977002659231,-0.136525006349998));
#4542=CARTESIAN_POINT('',(0.0182605395786927,0.0305271280765858,-0.136525006349998));
#4543=CARTESIAN_POINT('',(0.0194031120295595,0.0298153377472486,-0.136956873394385));
#4544=CARTESIAN_POINT('',(0.0204339915569015,0.0291050814688152,-0.138341617400232));
#4545=CARTESIAN_POINT('',(0.0206375,0.0289587153332119,-0.139239570836296));
#4546=CARTESIAN_POINT('',(0.0206375,0.0289587153332119,-0.139700006349998));
#4547=CARTESIAN_POINT('',(0.00873125,0.0127,-0.136525006349998));
#4548=CARTESIAN_POINT('',(-1.74971411428178E-18,0.0127,-0.136525006349998));
#4549=CARTESIAN_POINT('',(-4.54925669713263E-18,0.03556,-0.136525006349998));
#4550=CARTESIAN_POINT('',(-4.86031698411606E-18,0.0381,-0.136525006349998));
#4551=CARTESIAN_POINT('',(2.85704238597084E-34,-2.33295215237571E-18,-0.136525006349998));
#4552=CARTESIAN_POINT('',(2.66657289357278E-34,-2.17742200888399E-18,-0.136525006349998));
#4553=CARTESIAN_POINT('',(-1.74971411428178E-18,0.0127,-0.139700006349998));
#4554=CARTESIAN_POINT('',(-1.55530143491714E-18,0.0127,-0.142875006349998));
#4555=CARTESIAN_POINT('',(-4.35484401776799E-18,0.03556,-0.142875006349998));
#4556=CARTESIAN_POINT('',(-4.66590430475142E-18,0.0381,-0.142875006349998));
#4557=CARTESIAN_POINT('',(-4.86031698411606E-18,0.0381,-0.142875006349998));
#4558=CARTESIAN_POINT('',(-0.000839328563244512,0.0381,-0.142875006349998));
#4559=CARTESIAN_POINT('',(-0.00248327059413099,0.0380338362449977,-0.142187004250443));
#4560=CARTESIAN_POINT('',(-0.00352021205260828,0.0379343372259352,-0.139703130079392));
#4561=CARTESIAN_POINT('',(-0.00248587654062426,0.0380336823965981,-0.137213830750238));
#4562=CARTESIAN_POINT('',(-0.000839327335309536,0.0381,-0.136525006349998));
#4563=CARTESIAN_POINT('',(-5.06182541275834E-18,0.0381,-0.136525006349998));
#4564=CARTESIAN_POINT('',(-4.54925669713263E-18,0.03556,-0.142875006349998));
#4565=CARTESIAN_POINT('',(-0.000839385295916872,0.03556,-0.142875006349998));
#4566=CARTESIAN_POINT('',(-0.00248324228503473,0.0354891103226557,-0.142186995200375));
#4567=CARTESIAN_POINT('',(-0.00352023179055845,0.0353824487729603,-0.139703155999278));
#4568=CARTESIAN_POINT('',(-0.00248582585137386,0.0354889468618876,-0.137213802538167));
#4569=CARTESIAN_POINT('',(-0.000839383970727936,0.03556,-0.136525006349998));
#4570=CARTESIAN_POINT('',(-5.86054974570939E-18,0.03556,-0.136525006349998));
#4571=CARTESIAN_POINT('',(0.00555625,0.0127,-0.142875006349998));
#4572=CARTESIAN_POINT('',(2.66657289357278E-34,-2.17742200888399E-18,-0.142875006349998));
#4573=CARTESIAN_POINT('',(0.0111125,0.0337790755313108,-0.142875006349998));
#4574=CARTESIAN_POINT('',(0.0111125,0.0127,-0.142875006349998));
#4575=CARTESIAN_POINT('',(0.0111125,0.0364434128993155,-0.142875006349998));
#4576=CARTESIAN_POINT('',(2.85704238597084E-34,-2.33295215237571E-18,-0.142875006349998));
#4577=CARTESIAN_POINT('',(0.0111125,0.0127,-0.146050006349998));
#4578=CARTESIAN_POINT('',(0.0111125,0.0337790755313108,-0.142875006349998));
#4579=CARTESIAN_POINT('',(0.0119366222366443,0.0335079592200837,-0.142875006349998));
#4580=CARTESIAN_POINT('',(0.0135379533041404,0.0329023604981177,-0.143517847112597));
#4581=CARTESIAN_POINT('',(0.0142875,0.0325634909638079,-0.145180703115454));
#4582=CARTESIAN_POINT('',(0.0142875,0.0325634909638079,-0.146050006349998));
#4583=CARTESIAN_POINT('',(0.0142875,0.032563490963808,-0.146050006349998));
#4584=CARTESIAN_POINT('',(0.0142875,0.0127,-0.146050006349998));
#4585=CARTESIAN_POINT('',(0.0142875,0.0353196452947931,-0.146050006349998));
#4586=CARTESIAN_POINT('',(0.0111125,0.0364434128993155,-0.142875006349998));
#4587=CARTESIAN_POINT('',(0.0119383884593292,0.0361915790348624,-0.142875006349998));
#4588=CARTESIAN_POINT('',(0.013545579466093,0.0356290018242016,-0.143523920909964));
#4589=CARTESIAN_POINT('',(0.0142875,0.0353196452947931,-0.145185121876264));
#4590=CARTESIAN_POINT('',(0.0142875,0.0353196452947931,-0.146050006349998));
#4591=CARTESIAN_POINT('',(0.0142875,0.0127,-0.149225003174999));
#4592=CARTESIAN_POINT('',(0.0142875,0.0353196452947931,0.0254));
#4593=CARTESIAN_POINT('',(0.0142875,0.0325634909638079,0.0254));
#4594=CARTESIAN_POINT('',(0.,2.33295215237571E-18,0.0254));
#4595=CARTESIAN_POINT('',(-0.0142875,-0.0353196452947931,0.0254));
#4596=CARTESIAN_POINT('',(-0.0142875,-0.0353196452947931,-0.1524));
#4597=CARTESIAN_POINT('',(-0.0142875,-0.0353196452947931,-0.146050006349998));
#4598=CARTESIAN_POINT('',(0.,2.33295215237571E-18,-0.1524));
#4599=CARTESIAN_POINT('',(0.0375671066226825,-0.00635,-0.1524));
#4600=CARTESIAN_POINT('',(0.0375671066226825,-0.00635,0.0254));
#4601=CARTESIAN_POINT('',(0.0375671066226825,-0.00635,0.0254));
#4602=CARTESIAN_POINT('',(0.,2.33295215237571E-18,0.0254));
#4603=CARTESIAN_POINT('',(-0.0142875,-0.0353196452947931,0.0254));
#4604=CARTESIAN_POINT('',(-0.0142875,-0.0353196452947931,0.0254));
#4605=CARTESIAN_POINT('',(-0.0142875,-0.0353196452947931,0.0190500063499984));
#4606=CARTESIAN_POINT('',(-0.0111125,-0.0364434128993155,0.0158750063499984));
#4607=CARTESIAN_POINT('',(-0.0119383884593292,-0.0361915790348624,0.0158750063499984));
#4608=CARTESIAN_POINT('',(-0.013545579466093,-0.0356290018242016,0.016523920909964));
#4609=CARTESIAN_POINT('',(-0.0142875,-0.0353196452947931,0.0181851218762639));
#4610=CARTESIAN_POINT('',(-0.0142875,-0.0353196452947931,0.0190500063499984));
#4611=CARTESIAN_POINT('',(-0.0111125,-0.0364434128993155,0.0158750063499984));
#4612=CARTESIAN_POINT('',(0.,2.33295215237571E-18,0.0158750063499984));
#4613=CARTESIAN_POINT('',(0.,-0.0381,0.0158750063499984));
#4614=CARTESIAN_POINT('',(0.,-0.0381,0.0158750063499984));
#4615=CARTESIAN_POINT('',(0.000839328563244507,-0.0381,0.0158750063499984));
#4616=CARTESIAN_POINT('',(0.00248327059413098,-0.0380338362449977,0.0151870042504431));
#4617=CARTESIAN_POINT('',(0.00352021205260828,-0.0379343372259352,0.0127031300793923));
#4618=CARTESIAN_POINT('',(0.00248587654062427,-0.0380336823965981,0.0102138307502377));
#4619=CARTESIAN_POINT('',(0.00083932733530953,-0.0381,0.00952500634999841));
#4620=CARTESIAN_POINT('',(2.27060638706105E-19,-0.0381,0.00952500634999841));
#4621=CARTESIAN_POINT('',(1.94412679364643E-19,-0.0381,0.00952500634999841));
#4622=CARTESIAN_POINT('',(0.,2.33295215237571E-18,0.00952500634999842));
#4623=CARTESIAN_POINT('',(-0.0174625,-0.0338625322997262,0.00952500634999842));
#4624=CARTESIAN_POINT('',(-0.0174625,-0.0338625322997262,0.00952500634999841));
#4625=CARTESIAN_POINT('',(-0.0182655549287802,-0.033448406546528,0.00952500634999841));
#4626=CARTESIAN_POINT('',(-0.0198201082143386,-0.0325631715736195,0.0101124385876694));
#4627=CARTESIAN_POINT('',(-0.0206375,-0.0320266075904083,0.0117917925020299));
#4628=CARTESIAN_POINT('',(-0.0206375,-0.0320266075904083,0.0127000063499984));
#4629=CARTESIAN_POINT('',(-0.0206375,-0.0320266075904083,0.0127000063499984));
#4630=CARTESIAN_POINT('',(-0.0206375,-0.0320266075904083,0.0254));
#4631=CARTESIAN_POINT('',(-0.0206375,-0.0320266075904083,0.0254));
#4632=CARTESIAN_POINT('',(0.,2.33295215237571E-18,0.0254));
#4633=CARTESIAN_POINT('',(-0.0375671066226825,-0.00635,0.0254));
#4634=CARTESIAN_POINT('',(-0.0375671066226825,-0.00635,0.0254));
#4635=CARTESIAN_POINT('',(-0.0206375,-0.0320266075904083,0.0254));
#4636=CARTESIAN_POINT('',(-0.0206375,-0.0320266075904083,-0.139700006349998));
#4637=CARTESIAN_POINT('',(-0.0174625,-0.0338625322997262,-0.136525006349998));
#4638=CARTESIAN_POINT('',(-0.0182655549287802,-0.033448406546528,-0.136525006349998));
#4639=CARTESIAN_POINT('',(-0.0198201082143385,-0.0325631715736196,-0.137112438587669));
#4640=CARTESIAN_POINT('',(-0.0206375,-0.0320266075904083,-0.13879179250203));
#4641=CARTESIAN_POINT('',(-0.0206375,-0.0320266075904083,-0.139700006349998));
#4642=CARTESIAN_POINT('',(-0.0174625,-0.0338625322997262,-0.136525006349998));
#4643=CARTESIAN_POINT('',(0.,2.33295215237571E-18,-0.136525006349998));
#4644=CARTESIAN_POINT('',(1.94412679364643E-19,-0.0381,-0.136525006349998));
#4645=CARTESIAN_POINT('',(1.94412679364643E-19,-0.0381,-0.142875006349998));
#4646=CARTESIAN_POINT('',(0.000839328563244508,-0.0381,-0.142875006349998));
#4647=CARTESIAN_POINT('',(0.00248327059413099,-0.0380338362449977,-0.142187004250443));
#4648=CARTESIAN_POINT('',(0.00352021205260828,-0.0379343372259352,-0.139703130079392));
#4649=CARTESIAN_POINT('',(0.00248587654062426,-0.0380336823965981,-0.137213830750237));
#4650=CARTESIAN_POINT('',(0.000839327335309531,-0.0381,-0.136525006349998));
#4651=CARTESIAN_POINT('',(3.95921108006922E-19,-0.0381,-0.136525006349998));
#4652=CARTESIAN_POINT('',(0.,-0.0381,-0.142875006349998));
#4653=CARTESIAN_POINT('',(0.,2.33295215237571E-18,-0.142875006349998));
#4654=CARTESIAN_POINT('',(-0.0111125,-0.0364434128993155,-0.142875006349998));
#4655=CARTESIAN_POINT('',(-0.0111125,-0.0364434128993155,-0.142875006349998));
#4656=CARTESIAN_POINT('',(-0.0119383884593292,-0.0361915790348624,-0.142875006349998));
#4657=CARTESIAN_POINT('',(-0.013545579466093,-0.0356290018242016,-0.143523920909964));
#4658=CARTESIAN_POINT('',(-0.0142875,-0.0353196452947931,-0.145185121876264));
#4659=CARTESIAN_POINT('',(-0.0142875,-0.0353196452947931,-0.146050006349998));
#4660=CARTESIAN_POINT('',(0.,0.,0.0254));
#4661=CARTESIAN_POINT('',(0.,2.33295215237571E-18,0.0254));
#4662=CARTESIAN_POINT('',(0.0142875,0.0353196452947931,0.0254));
#4663=CARTESIAN_POINT('',(-0.0375671066226825,0.00635,0.0254));
#4664=CARTESIAN_POINT('',(-0.03683,0.00635,0.0254));
#4665=CARTESIAN_POINT('',(-0.03683,0.00635,0.0254));
#4666=CARTESIAN_POINT('',(-0.03683,0.,0.0254));
#4667=CARTESIAN_POINT('',(-0.03683,-0.00635,0.0254));
#4668=CARTESIAN_POINT('',(-0.03683,-0.00635,0.0254));
#4669=CARTESIAN_POINT('',(-0.0206375,-0.0127,0.0254));
#4670=CARTESIAN_POINT('',(-0.0206375,-0.0289587153332118,0.0254));
#4671=CARTESIAN_POINT('',(0.,2.17742200888399E-18,0.0254));
#4672=CARTESIAN_POINT('',(0.0142875,0.0325634909638079,0.0254));
#4673=CARTESIAN_POINT('',(0.0142875,0.0127,0.0254));
#4674=CARTESIAN_POINT('',(0.0206375,0.0127,0.0190500031749992));
#4675=CARTESIAN_POINT('',(0.0206375,0.0127,0.0254));
#4676=CARTESIAN_POINT('',(0.0206375,0.0289587153332118,0.0254));
#4677=CARTESIAN_POINT('',(0.0206375,0.0320266075904083,0.0254));
#4678=CARTESIAN_POINT('',(0.0206375,0.0320266075904083,0.0254));
#4679=CARTESIAN_POINT('',(0.0206375,0.0320266075904083,0.0127000063499984));
#4680=CARTESIAN_POINT('',(0.0206375,0.0127,0.0127000063499984));
#4681=CARTESIAN_POINT('',(0.0206375,0.0289587153332118,0.0127000063499984));
#4682=CARTESIAN_POINT('',(0.0206375,0.0289587153332118,0.0254));
#4683=CARTESIAN_POINT('',(0.0174625,0.0127,0.0127000063499984));
#4684=CARTESIAN_POINT('',(0.0174625,0.030977002659231,0.00952500634999841));
#4685=CARTESIAN_POINT('',(0.0182605395786927,0.0305271280765858,0.00952500634999841));
#4686=CARTESIAN_POINT('',(0.0194031120295595,0.0298153377472486,0.00995687339438549));
#4687=CARTESIAN_POINT('',(0.0204339915569016,0.0291050814688152,0.0113416174002318));
#4688=CARTESIAN_POINT('',(0.0206375,0.0289587153332119,0.0122395708362966));
#4689=CARTESIAN_POINT('',(0.0206375,0.0289587153332119,0.0127000063499984));
#4690=CARTESIAN_POINT('',(0.0174625,0.030977002659231,0.00952500634999842));
#4691=CARTESIAN_POINT('',(0.0174625,0.0338625322997262,0.00952500634999841));
#4692=CARTESIAN_POINT('',(0.0182655549287802,0.033448406546528,0.00952500634999841));
#4693=CARTESIAN_POINT('',(0.0198201082143386,0.0325631715736195,0.0101124385876694));
#4694=CARTESIAN_POINT('',(0.0206375,0.0320266075904083,0.0117917925020299));
#4695=CARTESIAN_POINT('',(0.0206375,0.0320266075904083,0.0127000063499984));
#4696=CARTESIAN_POINT('',(0.0174625,0.0338625322997262,0.00952500634999842));
#4697=CARTESIAN_POINT('',(0.0174625,0.0127,0.00952500634999841));
#4698=CARTESIAN_POINT('',(0.00873125,0.0127,0.00952500634999841));
#4699=CARTESIAN_POINT('',(-2.66657289357278E-34,-2.17742200888399E-18,0.00952500634999842));
#4700=CARTESIAN_POINT('',(4.16043133840334E-18,0.03556,0.00952500634999841));
#4701=CARTESIAN_POINT('',(-2.85704238597084E-34,-2.33295215237571E-18,0.00952500634999842));
#4702=CARTESIAN_POINT('',(4.47149162538678E-18,0.0381,0.00952500634999841));
#4703=CARTESIAN_POINT('',(1.3608887555525E-18,0.0127,0.00952500634999841));
#4704=CARTESIAN_POINT('',(1.3608887555525E-18,0.0127,0.0127000063499984));
#4705=CARTESIAN_POINT('',(3.77160597967406E-18,0.03556,0.0158750063499984));
#4706=CARTESIAN_POINT('',(-0.000839385295916863,0.03556,0.0158750063499984));
#4707=CARTESIAN_POINT('',(-0.00248324228503475,0.0354891103226557,0.0151869952003748));
#4708=CARTESIAN_POINT('',(-0.00352023179055844,0.0353824487729603,0.0127031559992779));
#4709=CARTESIAN_POINT('',(-0.00248582585137385,0.0354889468618876,0.0102138025381669));
#4710=CARTESIAN_POINT('',(-0.000839383970727926,0.03556,0.00952500634999841));
#4711=CARTESIAN_POINT('',(3.89245044309176E-18,0.03556,0.00952500634999841));
#4712=CARTESIAN_POINT('',(4.35484401776799E-18,0.03556,0.0158750063499984));
#4713=CARTESIAN_POINT('',(4.66590430475142E-18,0.0381,0.0158750063499984));
#4714=CARTESIAN_POINT('',(-0.000839328563244502,0.0381,0.0158750063499984));
#4715=CARTESIAN_POINT('',(-0.00248327059413098,0.0380338362449977,0.0151870042504431));
#4716=CARTESIAN_POINT('',(-0.00352021205260827,0.0379343372259352,0.0127031300793923));
#4717=CARTESIAN_POINT('',(-0.00248587654062426,0.0380336823965981,0.0102138307502377));
#4718=CARTESIAN_POINT('',(-0.000839327335309526,0.0381,0.00952500634999841));
#4719=CARTESIAN_POINT('',(4.43884366604531E-18,0.0381,0.00952500634999841));
#4720=CARTESIAN_POINT('',(4.66590430475142E-18,0.0381,0.0158750063499984));
#4721=CARTESIAN_POINT('',(1.55530143491714E-18,0.0127,0.0158750063499984));
#4722=CARTESIAN_POINT('',(0.00555625,0.0127,0.0158750063499984));
#4723=CARTESIAN_POINT('',(-2.85704238597084E-34,-2.33295215237571E-18,0.0158750063499984));
#4724=CARTESIAN_POINT('',(0.0111125,0.0364434128993155,0.0158750063499984));
#4725=CARTESIAN_POINT('',(0.0111125,0.0127,0.0158750063499984));
#4726=CARTESIAN_POINT('',(0.0111125,0.0337790755313108,0.0158750063499984));
#4727=CARTESIAN_POINT('',(-2.66657289357278E-34,-2.17742200888399E-18,0.0158750063499984));
#4728=CARTESIAN_POINT('',(0.0111125,0.0127,0.0190500063499984));
#4729=CARTESIAN_POINT('',(0.0111125,0.0364434128993155,0.0158750063499984));
#4730=CARTESIAN_POINT('',(0.0119383884593292,0.0361915790348624,0.0158750063499984));
#4731=CARTESIAN_POINT('',(0.0135455794660931,0.0356290018242016,0.016523920909964));
#4732=CARTESIAN_POINT('',(0.0142875,0.0353196452947931,0.0181851218762639));
#4733=CARTESIAN_POINT('',(0.0142875,0.0353196452947931,0.0190500063499984));
#4734=CARTESIAN_POINT('',(0.0142875,0.0353196452947931,0.0190500063499984));
#4735=CARTESIAN_POINT('',(0.0142875,0.0127,0.0190500063499984));
#4736=CARTESIAN_POINT('',(0.0142875,0.0325634909638079,0.0190500063499984));
#4737=CARTESIAN_POINT('',(0.0111125,0.0337790755313108,0.0158750063499984));
#4738=CARTESIAN_POINT('',(0.0119366222366443,0.0335079592200837,0.0158750063499984));
#4739=CARTESIAN_POINT('',(0.0135379533041404,0.0329023604981177,0.0165178471125968));
#4740=CARTESIAN_POINT('',(0.0142875,0.0325634909638079,0.0181807031154542));
#4741=CARTESIAN_POINT('',(0.0142875,0.0325634909638079,0.0190500063499984));
#4742=CARTESIAN_POINT('',(0.0142875,0.0127,0.0222250031749992));
#4743=CARTESIAN_POINT('',(0.0142875,0.0325634909638079,0.0254));
#4744=CARTESIAN_POINT('',(0.0142875,0.0353196452947931,0.0254));
#4745=CARTESIAN_POINT('',(0.,2.17742200888399E-18,0.0254));
#4746=CARTESIAN_POINT('',(0.,2.17742200888399E-18,-0.1524));
#4747=CARTESIAN_POINT('',(-0.0142875,-0.0325634909638079,-0.1524));
#4748=CARTESIAN_POINT('',(-0.0142875,-0.0325634909638079,0.0254));
#4749=CARTESIAN_POINT('',(-0.0142875,-0.032563490963808,-0.146050006349998));
#4750=CARTESIAN_POINT('',(-0.0111125,-0.0337790755313108,-0.142875006349998));
#4751=CARTESIAN_POINT('',(-0.0119366222366443,-0.0335079592200837,-0.142875006349998));
#4752=CARTESIAN_POINT('',(-0.0135379533041404,-0.0329023604981177,-0.143517847112597));
#4753=CARTESIAN_POINT('',(-0.0142875,-0.0325634909638079,-0.145180703115454));
#4754=CARTESIAN_POINT('',(-0.0142875,-0.0325634909638079,-0.146050006349998));
#4755=CARTESIAN_POINT('',(-0.0111125,-0.0337790755313108,-0.142875006349998));
#4756=CARTESIAN_POINT('',(0.,2.17742200888399E-18,-0.142875006349998));
#4757=CARTESIAN_POINT('',(0.,-0.03556,-0.142875006349998));
#4758=CARTESIAN_POINT('',(1.94412679364643E-19,-0.03556,-0.142875006349998));
#4759=CARTESIAN_POINT('',(0.000839385295916868,-0.03556,-0.142875006349998));
#4760=CARTESIAN_POINT('',(0.00248324228503473,-0.0354891103226557,-0.142186995200375));
#4761=CARTESIAN_POINT('',(0.00352023179055845,-0.0353824487729603,-0.139703155999278));
#4762=CARTESIAN_POINT('',(0.00248582585137385,-0.0354889468618876,-0.137213802538167));
#4763=CARTESIAN_POINT('',(0.000839383970727931,-0.03556,-0.136525006349998));
#4764=CARTESIAN_POINT('',(1.5057057279414E-18,-0.03556,-0.136525006349998));
#4765=CARTESIAN_POINT('',(1.94412679364643E-19,-0.03556,-0.136525006349998));
#4766=CARTESIAN_POINT('',(0.,2.17742200888399E-18,-0.136525006349998));
#4767=CARTESIAN_POINT('',(-0.0174625,-0.030977002659231,-0.136525006349998));
#4768=CARTESIAN_POINT('',(-0.0174625,-0.030977002659231,-0.136525006349998));
#4769=CARTESIAN_POINT('',(-0.0182605395786927,-0.0305271280765858,-0.136525006349998));
#4770=CARTESIAN_POINT('',(-0.0194031120295595,-0.0298153377472486,-0.136956873394385));
#4771=CARTESIAN_POINT('',(-0.0204339915569015,-0.0291050814688152,-0.138341617400232));
#4772=CARTESIAN_POINT('',(-0.0206375,-0.0289587153332119,-0.139239570836296));
#4773=CARTESIAN_POINT('',(-0.0206375,-0.0289587153332119,-0.139700006349998));
#4774=CARTESIAN_POINT('',(-0.0206375,-0.0289587153332118,-0.139700006349998));
#4775=CARTESIAN_POINT('',(-0.0206375,-0.0289587153332118,0.0254));
#4776=CARTESIAN_POINT('',(0.,2.17742200888399E-18,0.0254));
#4777=CARTESIAN_POINT('',(-0.0142875,-0.0325634909638079,0.0254));
#4778=CARTESIAN_POINT('',(-0.0206375,-0.0289587153332118,0.0254));
#4779=CARTESIAN_POINT('',(-0.0206375,-0.0289587153332118,0.0127000063499984));
#4780=CARTESIAN_POINT('',(-0.0174625,-0.030977002659231,0.00952500634999841));
#4781=CARTESIAN_POINT('',(-0.0182605395786927,-0.0305271280765858,0.00952500634999841));
#4782=CARTESIAN_POINT('',(-0.0194031120295595,-0.0298153377472486,0.00995687339438549));
#4783=CARTESIAN_POINT('',(-0.0204339915569016,-0.0291050814688152,0.0113416174002318));
#4784=CARTESIAN_POINT('',(-0.0206375,-0.0289587153332119,0.0122395708362966));
#4785=CARTESIAN_POINT('',(-0.0206375,-0.0289587153332119,0.0127000063499984));
#4786=CARTESIAN_POINT('',(-0.0174625,-0.030977002659231,0.00952500634999842));
#4787=CARTESIAN_POINT('',(0.,2.17742200888399E-18,0.00952500634999842));
#4788=CARTESIAN_POINT('',(1.94412679364643E-19,-0.03556,0.00952500634999841));
#4789=CARTESIAN_POINT('',(5.83238038093927E-19,-0.03556,0.0158750063499984));
#4790=CARTESIAN_POINT('',(0.000839385295916868,-0.03556,0.0158750063499984));
#4791=CARTESIAN_POINT('',(0.00248324228503476,-0.0354891103226557,0.0151869952003748));
#4792=CARTESIAN_POINT('',(0.00352023179055844,-0.0353824487729604,0.0127031559992779));
#4793=CARTESIAN_POINT('',(0.00248582585137386,-0.0354889468618876,0.0102138025381669));
#4794=CARTESIAN_POINT('',(0.00083938397072793,-0.03556,0.00952500634999841));
#4795=CARTESIAN_POINT('',(4.6239357467623E-19,-0.03556,0.00952500634999841));
#4796=CARTESIAN_POINT('',(0.,-0.03556,0.0158750063499984));
#4797=CARTESIAN_POINT('',(0.,2.17742200888399E-18,0.0158750063499984));
#4798=CARTESIAN_POINT('',(-0.0111125,-0.0337790755313108,0.0158750063499984));
#4799=CARTESIAN_POINT('',(-0.0111125,-0.0337790755313108,0.0158750063499984));
#4800=CARTESIAN_POINT('',(-0.0119366222366443,-0.0335079592200837,0.0158750063499984));
#4801=CARTESIAN_POINT('',(-0.0135379533041404,-0.0329023604981177,0.0165178471125968));
#4802=CARTESIAN_POINT('',(-0.0142875,-0.0325634909638079,0.0181807031154542));
#4803=CARTESIAN_POINT('',(-0.0142875,-0.0325634909638079,0.0190500063499984));
#4804=CARTESIAN_POINT('',(-0.0142875,-0.0325634909638079,0.0190500063499984));
#4805=CARTESIAN_POINT('',(-0.0142875,-0.0325634909638079,0.0254));
#4806=CARTESIAN_POINT('',(0.034988442377448,0.00635,0.0254));
#4807=CARTESIAN_POINT('',(0.034988442377448,0.00635,-0.06604));
#4808=CARTESIAN_POINT('',(0.034988442377448,0.00635,-0.06096));
#4809=CARTESIAN_POINT('',(0.,2.17742200888399E-18,-0.06096));
#4810=CARTESIAN_POINT('',(0.034988442377448,-0.00635,-0.06096));
#4811=CARTESIAN_POINT('',(0.034988442377448,-0.00635,0.0254));
#4812=CARTESIAN_POINT('',(0.034988442377448,-0.00635,-0.06604));
#4813=CARTESIAN_POINT('',(0.,2.17742200888399E-18,-0.06604));
#4814=CARTESIAN_POINT('',(-0.00635,0.034988442377448,0.0254));
#4815=CARTESIAN_POINT('',(-0.00635,0.034988442377448,-0.06604));
#4816=CARTESIAN_POINT('',(-0.00635,0.034988442377448,-0.06096));
#4817=CARTESIAN_POINT('',(0.,2.17742200888399E-18,-0.06096));
#4818=CARTESIAN_POINT('',(0.00635,0.034988442377448,-0.06096));
#4819=CARTESIAN_POINT('',(0.00635,0.034988442377448,0.0254));
#4820=CARTESIAN_POINT('',(0.00635,0.034988442377448,-0.06604));
#4821=CARTESIAN_POINT('',(0.,2.17742200888399E-18,-0.06604));
#4822=CARTESIAN_POINT('',(-0.034988442377448,-0.00635,0.0254));
#4823=CARTESIAN_POINT('',(-0.034988442377448,-0.00635,-0.06604));
#4824=CARTESIAN_POINT('',(-0.034988442377448,-0.00635,-0.06096));
#4825=CARTESIAN_POINT('',(0.,2.17742200888399E-18,-0.06096));
#4826=CARTESIAN_POINT('',(-0.034988442377448,0.00635,-0.06096));
#4827=CARTESIAN_POINT('',(-0.034988442377448,0.00635,0.0254));
#4828=CARTESIAN_POINT('',(-0.034988442377448,0.00635,-0.06604));
#4829=CARTESIAN_POINT('',(0.,2.17742200888399E-18,-0.06604));
#4830=CARTESIAN_POINT('',(0.00635,-0.034988442377448,0.0254));
#4831=CARTESIAN_POINT('',(0.00635,-0.034988442377448,-0.06604));
#4832=CARTESIAN_POINT('',(0.00635,-0.034988442377448,-0.06096));
#4833=CARTESIAN_POINT('',(0.,2.17742200888399E-18,-0.06096));
#4834=CARTESIAN_POINT('',(-0.00635,-0.034988442377448,-0.06096));
#4835=CARTESIAN_POINT('',(-0.00635,-0.034988442377448,0.0254));
#4836=CARTESIAN_POINT('',(-0.00635,-0.034988442377448,-0.06604));
#4837=CARTESIAN_POINT('',(0.,2.17742200888399E-18,-0.06604));
#4838=CARTESIAN_POINT('',(0.,2.33295215237571E-18,0.0254));
#4839=CARTESIAN_POINT('',(0.,2.33295215237571E-18,-0.1524));
#4840=CARTESIAN_POINT('',(0.0375671066226825,0.00635,-0.1524));
#4841=CARTESIAN_POINT('',(-0.0375671066226825,0.00635,0.0254));
#4842=CARTESIAN_POINT('',(0.,2.33295215237571E-18,0.0254));
#4843=CARTESIAN_POINT('',(0.0375671066226825,0.00635,0.0254));
#4844=CARTESIAN_POINT('',(0.0375671066226825,0.00635,0.0254));
#4845=CARTESIAN_POINT('',(0.,0.,0.0254));
#4846=CARTESIAN_POINT('',(-0.0142875,-0.0127,0.0254));
#4847=CARTESIAN_POINT('',(0.03683,-0.00635,0.0254));
#4848=CARTESIAN_POINT('',(0.03683,-0.00635,0.0254));
#4849=CARTESIAN_POINT('',(0.03683,0.,0.0254));
#4850=CARTESIAN_POINT('',(0.03683,0.00635,0.0254));
#4851=CARTESIAN_POINT('',(0.03683,0.00635,0.0254));
#4852=CARTESIAN_POINT('',(-0.0174625,-0.0127,0.0127000063499984));
#4853=CARTESIAN_POINT('',(-0.0206375,-0.0127,0.0127000063499984));
#4854=CARTESIAN_POINT('',(-0.0174625,-0.0127,0.00952500634999841));
#4855=CARTESIAN_POINT('',(-0.00873125,-0.0127,0.00952500634999841));
#4856=CARTESIAN_POINT('',(1.94412679364643E-19,-0.0127,0.00952500634999841));
#4857=CARTESIAN_POINT('',(1.94412679364643E-19,-0.0127,0.0127000063499984));
#4858=CARTESIAN_POINT('',(0.,-0.0127,0.0158750063499984));
#4859=CARTESIAN_POINT('',(-0.00555625,-0.0127,0.0158750063499984));
#4860=CARTESIAN_POINT('',(-0.0111125,-0.0127,0.0158750063499984));
#4861=CARTESIAN_POINT('',(-0.0111125,-0.0127,0.0190500063499984));
#4862=CARTESIAN_POINT('',(-0.0142875,-0.0127,0.0190500063499984));
#4863=CARTESIAN_POINT('',(-0.0206375,-0.0127,0.0190500031749992));
#4864=CARTESIAN_POINT('',(-0.0142875,-0.0127,0.0222250031749992));
#4865=CARTESIAN_POINT('',(0.03683,0.00635,0.));
#4866=CARTESIAN_POINT('',(0.03683,0.00635,0.));
#4867=CARTESIAN_POINT('',(0.03683,0.00635,-0.1524));
#4868=CARTESIAN_POINT('',(0.03683,0.00635,-0.1524));
#4869=CARTESIAN_POINT('',(0.03683,-0.00635,0.));
#4870=CARTESIAN_POINT('',(0.03683,-0.00635,-0.1524));
#4871=CARTESIAN_POINT('',(0.03683,-0.00635,-0.1524));
#4872=CARTESIAN_POINT('',(0.03683,-0.00635,0.));
#4873=CARTESIAN_POINT('',(0.03683,0.,0.));
#4874=CARTESIAN_POINT('',(0.03683,0.,-0.1524));
#4875=CARTESIAN_POINT('',(-0.03683,0.00635,0.));
#4876=CARTESIAN_POINT('',(-0.03683,0.00635,0.));
#4877=CARTESIAN_POINT('',(-0.03683,-0.00635,0.));
#4878=CARTESIAN_POINT('',(-0.03683,-0.00635,0.));
#4879=CARTESIAN_POINT('',(-0.03683,0.,0.));
#4880=CARTESIAN_POINT('',(0.,0.,-0.1524));
#4881=CARTESIAN_POINT('',(-0.0142875,-0.0127,-0.1524));
#4882=CARTESIAN_POINT('',(0.03048,0.,-0.06096));
#4883=CARTESIAN_POINT('',(0.03048,0.00635,-0.06096));
#4884=CARTESIAN_POINT('',(0.03048,0.00635,-0.06096));
#4885=CARTESIAN_POINT('',(0.03048,0.,-0.06096));
#4886=CARTESIAN_POINT('',(0.03048,-0.00635,-0.06096));
#4887=CARTESIAN_POINT('',(0.03048,-0.00635,-0.06096));
#4888=CARTESIAN_POINT('',(0.03048,0.,-0.06604));
#4889=CARTESIAN_POINT('',(0.03048,0.00635,-0.06604));
#4890=CARTESIAN_POINT('',(0.03048,0.00635,-0.06604));
#4891=CARTESIAN_POINT('',(0.03048,-0.00635,-0.06604));
#4892=CARTESIAN_POINT('',(0.03048,-0.00635,-0.06604));
#4893=CARTESIAN_POINT('',(0.03048,0.,-0.06604));
#4894=CARTESIAN_POINT('',(0.03048,-0.00635,0.));
#4895=CARTESIAN_POINT('',(0.03048,-0.00635,0.));
#4896=CARTESIAN_POINT('',(0.03048,0.00635,0.));
#4897=CARTESIAN_POINT('',(0.03048,0.00635,0.));
#4898=CARTESIAN_POINT('',(0.03048,0.,-0.0635));
#4899=CARTESIAN_POINT('',(1.86636172190056E-18,0.03048,-0.06096));
#4900=CARTESIAN_POINT('',(-0.00635,0.03048,-0.06096));
#4901=CARTESIAN_POINT('',(-0.00635,0.03048,-0.06096));
#4902=CARTESIAN_POINT('',(1.86636172190056E-18,0.03048,-0.06096));
#4903=CARTESIAN_POINT('',(0.00635,0.03048,-0.06096));
#4904=CARTESIAN_POINT('',(0.00635,0.03048,-0.06096));
#4905=CARTESIAN_POINT('',(1.86636172190056E-18,0.03048,-0.06604));
#4906=CARTESIAN_POINT('',(-0.00635,0.03048,-0.06604));
#4907=CARTESIAN_POINT('',(-0.00635,0.03048,-0.06604));
#4908=CARTESIAN_POINT('',(0.00635,0.03048,-0.06604));
#4909=CARTESIAN_POINT('',(0.00635,0.03048,-0.06604));
#4910=CARTESIAN_POINT('',(1.86636172190056E-18,0.03048,-0.06604));
#4911=CARTESIAN_POINT('',(0.00635,0.03048,0.));
#4912=CARTESIAN_POINT('',(0.00635,0.03048,0.));
#4913=CARTESIAN_POINT('',(-0.00635,0.03048,0.));
#4914=CARTESIAN_POINT('',(-0.00635,0.03048,0.));
#4915=CARTESIAN_POINT('',(1.86636172190056E-18,0.03048,-0.0635));
#4916=CARTESIAN_POINT('',(-0.03048,3.73272344380113E-18,-0.06096));
#4917=CARTESIAN_POINT('',(-0.03048,-0.00635,-0.06096));
#4918=CARTESIAN_POINT('',(-0.03048,-0.00635,-0.06096));
#4919=CARTESIAN_POINT('',(-0.03048,3.73272344380113E-18,-0.06096));
#4920=CARTESIAN_POINT('',(-0.03048,0.00635,-0.06096));
#4921=CARTESIAN_POINT('',(-0.03048,0.00635,-0.06096));
#4922=CARTESIAN_POINT('',(-0.03048,3.73272344380113E-18,-0.06604));
#4923=CARTESIAN_POINT('',(-0.03048,-0.00635,-0.06604));
#4924=CARTESIAN_POINT('',(-0.03048,-0.00635,-0.06604));
#4925=CARTESIAN_POINT('',(-0.03048,0.00635,-0.06604));
#4926=CARTESIAN_POINT('',(-0.03048,0.00635,-0.06604));
#4927=CARTESIAN_POINT('',(-0.03048,3.73272344380113E-18,-0.06604));
#4928=CARTESIAN_POINT('',(-0.03048,0.00635,0.));
#4929=CARTESIAN_POINT('',(-0.03048,0.00635,0.));
#4930=CARTESIAN_POINT('',(-0.03048,-0.00635,0.));
#4931=CARTESIAN_POINT('',(-0.03048,-0.00635,0.));
#4932=CARTESIAN_POINT('',(-0.03048,3.73272344380113E-18,-0.0635));
#4933=CARTESIAN_POINT('',(-5.5990851657017E-18,-0.03048,-0.06096));
#4934=CARTESIAN_POINT('',(0.00635,-0.03048,-0.06096));
#4935=CARTESIAN_POINT('',(0.00635,-0.03048,-0.06096));
#4936=CARTESIAN_POINT('',(-5.5990851657017E-18,-0.03048,-0.06096));
#4937=CARTESIAN_POINT('',(-0.00635,-0.03048,-0.06096));
#4938=CARTESIAN_POINT('',(-0.00635,-0.03048,-0.06096));
#4939=CARTESIAN_POINT('',(-5.5990851657017E-18,-0.03048,-0.06604));
#4940=CARTESIAN_POINT('',(0.00635,-0.03048,-0.06604));
#4941=CARTESIAN_POINT('',(0.00635,-0.03048,-0.06604));
#4942=CARTESIAN_POINT('',(-0.00635,-0.03048,-0.06604));
#4943=CARTESIAN_POINT('',(-0.00635,-0.03048,-0.06604));
#4944=CARTESIAN_POINT('',(-5.5990851657017E-18,-0.03048,-0.06604));
#4945=CARTESIAN_POINT('',(-0.00635,-0.03048,0.));
#4946=CARTESIAN_POINT('',(-0.00635,-0.03048,0.));
#4947=CARTESIAN_POINT('',(0.00635,-0.03048,0.));
#4948=CARTESIAN_POINT('',(0.00635,-0.03048,0.));
#4949=CARTESIAN_POINT('',(-5.5990851657017E-18,-0.03048,-0.0635));
#4950=CARTESIAN_POINT('',(-0.0111125,-0.0127,-0.146050006349998));
#4951=CARTESIAN_POINT('',(-0.0142875,-0.0127,-0.146050006349998));
#4952=CARTESIAN_POINT('',(-0.0111125,-0.0127,-0.142875006349998));
#4953=CARTESIAN_POINT('',(-0.00555625,-0.0127,-0.142875006349998));
#4954=CARTESIAN_POINT('',(0.,-0.0127,-0.142875006349998));
#4955=CARTESIAN_POINT('',(1.94412679364643E-19,-0.0127,-0.139700006349998));
#4956=CARTESIAN_POINT('',(1.94412679364643E-19,-0.0127,-0.136525006349998));
#4957=CARTESIAN_POINT('',(-0.00873125,-0.0127,-0.136525006349998));
#4958=CARTESIAN_POINT('',(-0.0174625,-0.0127,-0.136525006349998));
#4959=CARTESIAN_POINT('',(-0.0174625,-0.0127,-0.139700006349998));
#4960=CARTESIAN_POINT('',(-0.0206375,-0.0127,-0.139700006349998));
#4961=CARTESIAN_POINT('',(-0.0206375,-0.0127,-0.146050003174999));
#4962=CARTESIAN_POINT('',(-0.0142875,-0.0127,-0.149225003174999));
#4963=CARTESIAN_POINT('',(-1.52717907321827E-17,2.76385781257945E-18,0.127));
#4964=CARTESIAN_POINT('',(-5.1091652137028E-18,0.0417195,0.0127));
#4965=CARTESIAN_POINT('',(-5.1091652137028E-18,0.0417195,0.0127));
#4966=CARTESIAN_POINT('',(-5.1091652137028E-18,0.0417195,0.009525));
#4967=CARTESIAN_POINT('',(-4.17598435275252E-18,0.0340995,0.0127));
#4968=CARTESIAN_POINT('',(-0.00249076398447943,0.0352980668113881,0.010214024379262));
#4969=CARTESIAN_POINT('',(6.2666745482469E-7,0.0354051823866871,0.00918068200423131));
#4970=CARTESIAN_POINT('',(0.0024882573146601,0.0352982036418634,0.0102132476038127));
#4971=CARTESIAN_POINT('',(0.00351807393630709,0.0351909725025201,0.0126972892141586));
#4972=CARTESIAN_POINT('',(0.00248944412551605,0.0352981502356806,0.0151872400541138));
#4973=CARTESIAN_POINT('',(5.88264719042283E-7,0.0354050964332044,0.016218077506959));
#4974=CARTESIAN_POINT('',(-0.00248484818784095,0.0352984639177302,0.0151904486506342));
#4975=CARTESIAN_POINT('',(-0.0035185947327045,0.0351909284266759,0.012703484529378));
#4976=CARTESIAN_POINT('',(-0.00249076398447943,0.0352980668113881,0.010214024379262));
#4977=CARTESIAN_POINT('',(6.2666745482469E-7,0.0354051823866871,0.00918068200423131));
#4978=CARTESIAN_POINT('',(0.0024882573146601,0.0352982036418634,0.0102132476038127));
#4979=CARTESIAN_POINT('',(-4.00619541029598E-18,0.0353695,0.009525));
#4980=CARTESIAN_POINT('',(0.,2.0102271046304E-18,0.0254));
#4981=CARTESIAN_POINT('',(0.,2.0102271046304E-18,0.0254));
#4982=CARTESIAN_POINT('',(0.0328295,2.0102271046304E-18,0.0254));
#4983=CARTESIAN_POINT('',(0.,2.0102271046304E-18,0.));
#4984=CARTESIAN_POINT('',(0.0328295,2.0102271046304E-18,0.));
#4985=CARTESIAN_POINT('',(0.,2.16575724812211E-18,0.0254));
#4986=CARTESIAN_POINT('',(0.00249076398447943,-0.0352980668113881,0.010214024379262));
#4987=CARTESIAN_POINT('',(-6.26667454829569E-7,-0.0354051823866871,0.00918068200423131));
#4988=CARTESIAN_POINT('',(-0.00248825731466011,-0.0352982036418634,0.0102132476038127));
#4989=CARTESIAN_POINT('',(-0.0035180739363071,-0.0351909725025201,0.0126972892141586));
#4990=CARTESIAN_POINT('',(-0.00248944412551605,-0.0352981502356807,0.0151872400541138));
#4991=CARTESIAN_POINT('',(-5.8826471904868E-7,-0.0354050964332044,0.016218077506959));
#4992=CARTESIAN_POINT('',(0.00248484818784095,-0.0352984639177302,0.0151904486506342));
#4993=CARTESIAN_POINT('',(0.0035185947327045,-0.0351909284266759,0.012703484529378));
#4994=CARTESIAN_POINT('',(0.00249076398447943,-0.0352980668113881,0.010214024379262));
#4995=CARTESIAN_POINT('',(-6.26667454829569E-7,-0.0354051823866871,0.00918068200423131));
#4996=CARTESIAN_POINT('',(-0.00248825731466011,-0.0352982036418634,0.0102132476038127));
#4997=CARTESIAN_POINT('',(-3.25319085948251E-19,-0.0353695,0.009525));
#4998=CARTESIAN_POINT('',(0.,2.16575724812211E-18,0.0254));
#4999=CARTESIAN_POINT('',(0.0353695,2.16575724812211E-18,0.0254));
#5000=CARTESIAN_POINT('',(0.,2.16575724812211E-18,0.));
#5001=CARTESIAN_POINT('',(0.0353695,2.16575724812211E-18,0.));
#5002=CARTESIAN_POINT('',(0.,0.,0.));
#5003=CARTESIAN_POINT('',(0.,0.,0.0254));
#5004=CARTESIAN_POINT('',(0.,5.27636011795639E-18,0.0254));
#5005=CARTESIAN_POINT('',(0.0508,5.27636011795639E-18,0.0254));
#5006=CARTESIAN_POINT('',(0.,0.,0.03048));
#5007=CARTESIAN_POINT('',(0.,5.27636011795639E-18,0.03048));
#5008=CARTESIAN_POINT('',(0.0508,5.27636011795639E-18,0.03048));
#5009=CARTESIAN_POINT('',(0.,5.27636011795639E-18,0.03048));
#5010=CARTESIAN_POINT('',(0.,0.,0.0254));
#5011=CARTESIAN_POINT('',(0.,-0.0340995,0.0127));
#5012=CARTESIAN_POINT('',(0.,-0.0417195,0.0127));
#5013=CARTESIAN_POINT('',(0.,-0.0417195,0.009525));
#5014=CARTESIAN_POINT('',(0.,-0.0417195,0.0127));
#5015=CARTESIAN_POINT('',(-3.39013596417974E-17,-2.00260865014887E-18,0.27432));
#5016=CARTESIAN_POINT('',(0.,0.00635,0.00127));
#5017=CARTESIAN_POINT('',(0.,0.00635,0.));
#5018=CARTESIAN_POINT('',(0.,0.,0.));
#5019=CARTESIAN_POINT('',(0.,0.0127,0.));
#5020=CARTESIAN_POINT('',(0.,0.,0.00127));
#5021=CARTESIAN_POINT('',(0.,0.,0.00127));
#5022=CARTESIAN_POINT('',(0.,0.00635,0.00127));
#5023=CARTESIAN_POINT('',(0.,0.0127,0.00127));
#5024=CARTESIAN_POINT('',(0.,0.0127,0.00127));
#5025=CARTESIAN_POINT('',(0.04445,0.,0.00127));
#5026=CARTESIAN_POINT('',(0.04445,0.,0.));
#5027=CARTESIAN_POINT('',(0.0889,0.,0.));
#5028=CARTESIAN_POINT('',(0.0889,0.,0.00127));
#5029=CARTESIAN_POINT('',(0.0889,0.,0.00127));
#5030=CARTESIAN_POINT('',(0.04445,0.,0.00127));
#5031=CARTESIAN_POINT('',(0.0889,0.00635,0.00127));
#5032=CARTESIAN_POINT('',(0.0889,0.00635,0.));
#5033=CARTESIAN_POINT('',(0.0889,0.0127,0.));
#5034=CARTESIAN_POINT('',(0.0889,0.0127,0.00127));
#5035=CARTESIAN_POINT('',(0.0889,0.0127,0.00127));
#5036=CARTESIAN_POINT('',(0.0889,0.00635,0.00127));
#5037=CARTESIAN_POINT('',(0.04445,0.0127,0.00127));
#5038=CARTESIAN_POINT('',(0.04445,0.0127,0.));
#5039=CARTESIAN_POINT('',(0.04445,0.0127,0.00127));
#5040=CARTESIAN_POINT('',(0.04445,0.00635,0.00127));
#5041=CARTESIAN_POINT('',(0.04445,0.00635,0.));
#5042=CARTESIAN_POINT('',(-0.04445,0.00254,-0.18288));
#5043=CARTESIAN_POINT('',(-0.0057903618,-0.0127,0.0790309658477403));
#5044=CARTESIAN_POINT('',(-0.0057903618,0.,0.0790309658477403));
#5045=CARTESIAN_POINT('',(-0.0057903618,0.,0.00738684870454433));
#5046=CARTESIAN_POINT('',(-0.00579036179999982,0.,0.150675082990937));
#5047=CARTESIAN_POINT('',(-0.0057903618,-0.0127,0.00738684870454433));
#5048=CARTESIAN_POINT('',(-0.0057903618,-0.0127,0.00738684870454433));
#5049=CARTESIAN_POINT('',(-0.0057903618,-0.0127,0.0790309658477403));
#5050=CARTESIAN_POINT('',(-0.00579036179999982,-0.0127,0.150675082990937));
#5051=CARTESIAN_POINT('',(-0.00579036179999982,-0.0127,0.150675082990937));
#5052=CARTESIAN_POINT('',(0.0508,-0.0127,0.00738684870454433));
#5053=CARTESIAN_POINT('',(0.0508,0.,0.00738684870454433));
#5054=CARTESIAN_POINT('',(-0.00363304697685148,0.,-0.00808934092568371));
#5055=CARTESIAN_POINT('',(-0.00363304697685148,-0.0127,-0.00808934092568371));
#5056=CARTESIAN_POINT('',(-0.00363304697685148,-0.0127,-0.00808934092568371));
#5057=CARTESIAN_POINT('',(0.0508,-0.0127,0.00738684870454433));
#5058=CARTESIAN_POINT('',(-0.00363304697685149,-0.0127,-0.00808934092568374));
#5059=CARTESIAN_POINT('',(-0.00363304697685149,0.,-0.00808934092568374));
#5060=CARTESIAN_POINT('',(0.000906725100308366,-0.0127,-0.0240566838340169));
#5061=CARTESIAN_POINT('',(0.000906725100308366,0.,-0.0240566838340169));
#5062=CARTESIAN_POINT('',(0.0125035706565754,-0.0127,-0.0528774483735731));
#5063=CARTESIAN_POINT('',(0.0125035706565754,-1.73472347597681E-18,-0.0528774483735731));
#5064=CARTESIAN_POINT('',(0.0356239822525125,-0.0127,-0.0822307663847987));
#5065=CARTESIAN_POINT('',(0.0356239822525125,1.73472347597681E-18,-0.0822307663847987));
#5066=CARTESIAN_POINT('',(0.0620355992487413,-0.0127,-0.0946139211297327));
#5067=CARTESIAN_POINT('',(0.0620355992487413,1.73472347597681E-18,-0.0946139211297327));
#5068=CARTESIAN_POINT('',(0.0889594195044588,-0.0127,-0.0887247859539217));
#5069=CARTESIAN_POINT('',(0.0889594195044588,0.,-0.0887247859539217));
#5070=CARTESIAN_POINT('',(0.113562202936651,-0.0127,-0.0651828168648572));
#5071=CARTESIAN_POINT('',(0.113562202936651,3.46944695195361E-18,-0.0651828168648572));
#5072=CARTESIAN_POINT('',(0.133255040903285,-0.0127,-0.0264653807805993));
#5073=CARTESIAN_POINT('',(0.133255040903285,0.,-0.0264653807805993));
#5074=CARTESIAN_POINT('',(0.145965669356821,-0.0127,0.0233533408467042));
#5075=CARTESIAN_POINT('',(0.145965669356821,3.46944695195361E-18,0.0233533408467042));
#5076=CARTESIAN_POINT('',(0.150356562177035,-0.0127,0.07903096584774));
#5077=CARTESIAN_POINT('',(0.150356562177035,0.,0.07903096584774));
#5078=CARTESIAN_POINT('',(0.14596566935682,-0.0127,0.134708590848778));
#5079=CARTESIAN_POINT('',(0.14596566935682,0.,0.134708590848778));
#5080=CARTESIAN_POINT('',(0.133255040903285,-0.0127,0.184527312476079));
#5081=CARTESIAN_POINT('',(0.133255040903285,1.73472347597681E-18,0.184527312476079));
#5082=CARTESIAN_POINT('',(0.113562202936651,-0.0127,0.223244748560339));
#5083=CARTESIAN_POINT('',(0.113562202936651,0.,0.223244748560339));
#5084=CARTESIAN_POINT('',(0.0889594195044592,-0.0127,0.246786717649402));
#5085=CARTESIAN_POINT('',(0.0889594195044592,1.73472347597681E-18,0.246786717649402));
#5086=CARTESIAN_POINT('',(0.0620355992487406,-0.0127,0.252675852825213));
#5087=CARTESIAN_POINT('',(0.0620355992487406,0.,0.252675852825213));
#5088=CARTESIAN_POINT('',(0.035623982252513,-0.0127,0.24029269808028));
#5089=CARTESIAN_POINT('',(0.035623982252513,5.20417042793042E-18,0.24029269808028));
#5090=CARTESIAN_POINT('',(0.0125035706565749,-0.0127,0.210939380069053));
#5091=CARTESIAN_POINT('',(0.0125035706565749,-1.73472347597681E-18,0.210939380069053));
#5092=CARTESIAN_POINT('',(0.000906725100308211,-0.0127,0.182118615529497));
#5093=CARTESIAN_POINT('',(0.000906725100308211,0.,0.182118615529497));
#5094=CARTESIAN_POINT('',(-0.00363304697685163,-0.0127,0.166151272621164));
#5095=CARTESIAN_POINT('',(-0.00363304697685163,0.,0.166151272621164));
#5096=CARTESIAN_POINT('',(0.0669025694369632,0.,0.0790309658477403));
#5097=CARTESIAN_POINT('',(-0.00363304697685133,0.,0.166151272621164));
#5098=CARTESIAN_POINT('',(-0.00363304697685133,-0.0127,0.166151272621164));
#5099=CARTESIAN_POINT('',(-0.00363304697685133,-0.0127,0.166151272621164));
#5100=CARTESIAN_POINT('',(0.0669025694369632,-0.0127,0.0790309658477403));
#5101=CARTESIAN_POINT('',(0.0508,-0.0127,0.00664096584773988));
#5102=CARTESIAN_POINT('',(0.0508,0.,0.00664096584773988));
#5103=CARTESIAN_POINT('',(0.,0.,0.00664096584773988));
#5104=CARTESIAN_POINT('',(0.00191397550734321,0.,-0.00717194873620514));
#5105=CARTESIAN_POINT('',(0.,-0.0127,0.00664096584773988));
#5106=CARTESIAN_POINT('',(0.,-0.0127,0.00664096584773988));
#5107=CARTESIAN_POINT('',(0.0508,-0.0127,0.00664096584773988));
#5108=CARTESIAN_POINT('',(0.00191397550734321,-0.0127,-0.00717194873620514));
#5109=CARTESIAN_POINT('',(0.00191397550734321,-0.0127,-0.00717194873620514));
#5110=CARTESIAN_POINT('',(0.,-0.0127,0.0790309658477399));
#5111=CARTESIAN_POINT('',(0.,0.,0.0790309658477399));
#5112=CARTESIAN_POINT('',(-3.74700270810991E-16,0.,0.15142096584774));
#5113=CARTESIAN_POINT('',(-3.74700270810991E-16,-0.0127,0.15142096584774));
#5114=CARTESIAN_POINT('',(-3.74700270810991E-16,-0.0127,0.15142096584774));
#5115=CARTESIAN_POINT('',(0.,-0.0127,0.0790309658477399));
#5116=CARTESIAN_POINT('',(0.0508,-0.0127,0.15142096584774));
#5117=CARTESIAN_POINT('',(0.0508,0.,0.15142096584774));
#5118=CARTESIAN_POINT('',(0.0019139755073428,0.,0.165233880431685));
#5119=CARTESIAN_POINT('',(0.0019139755073428,-0.0127,0.165233880431685));
#5120=CARTESIAN_POINT('',(0.0019139755073428,-0.0127,0.165233880431685));
#5121=CARTESIAN_POINT('',(0.0508,-0.0127,0.15142096584774));
#5122=CARTESIAN_POINT('',(0.00191397550734319,-0.0127,-0.00717194873620516));
#5123=CARTESIAN_POINT('',(0.00191397550734319,0.,-0.00717194873620516));
#5124=CARTESIAN_POINT('',(0.00621127610713961,-0.0127,-0.0223807550382533));
#5125=CARTESIAN_POINT('',(0.00621127610713961,0.,-0.0223807550382533));
#5126=CARTESIAN_POINT('',(0.0170994465316787,-0.0127,-0.0497516134512683));
#5127=CARTESIAN_POINT('',(0.0170994465316787,1.73472347597681E-18,-0.0497516134512683));
#5128=CARTESIAN_POINT('',(0.038615984856932,-0.0127,-0.0774066761898447));
#5129=CARTESIAN_POINT('',(0.038615984856932,-5.20417042793042E-18,-0.0774066761898447));
#5130=CARTESIAN_POINT('',(0.0630764207421423,-0.0127,-0.0887788780560803));
#5131=CARTESIAN_POINT('',(0.0630764207421423,1.73472347597681E-18,-0.0887788780560803));
#5132=CARTESIAN_POINT('',(0.0879351379530558,-0.0127,-0.0826854669693599));
#5133=CARTESIAN_POINT('',(0.0879351379530558,-3.46944695195361E-18,-0.0826854669693599));
#5134=CARTESIAN_POINT('',(0.110604752641347,-0.0127,-0.0597604156457789));
#5135=CARTESIAN_POINT('',(0.110604752641347,1.73472347597681E-18,-0.0597604156457789));
#5136=CARTESIAN_POINT('',(0.128725808877258,-0.0127,-0.0223898468252239));
#5137=CARTESIAN_POINT('',(0.128725808877258,-3.46944695195361E-18,-0.0223898468252239));
#5138=CARTESIAN_POINT('',(0.140412246189906,-0.0127,0.0255366941979044));
#5139=CARTESIAN_POINT('',(0.140412246189906,-1.73472347597681E-18,0.0255366941979044));
#5140=CARTESIAN_POINT('',(0.144447731060492,-0.0127,0.0790309658477408));
#5141=CARTESIAN_POINT('',(0.144447731060492,0.,0.0790309658477408));
#5142=CARTESIAN_POINT('',(0.140412246189906,-0.0127,0.132525237497577));
#5143=CARTESIAN_POINT('',(0.140412246189906,-3.46944695195361E-18,0.132525237497577));
#5144=CARTESIAN_POINT('',(0.128725808877258,-0.0127,0.180451778520705));
#5145=CARTESIAN_POINT('',(0.128725808877258,0.,0.180451778520705));
#5146=CARTESIAN_POINT('',(0.110604752641346,-0.0127,0.21782234734126));
#5147=CARTESIAN_POINT('',(0.110604752641346,-5.20417042793042E-18,0.21782234734126));
#5148=CARTESIAN_POINT('',(0.0879351379530556,-0.0127,0.240747398664841));
#5149=CARTESIAN_POINT('',(0.0879351379530556,-1.73472347597681E-18,0.240747398664841));
#5150=CARTESIAN_POINT('',(0.0630764207421419,-0.0127,0.246840809751561));
#5151=CARTESIAN_POINT('',(0.0630764207421419,-1.73472347597681E-18,0.246840809751561));
#5152=CARTESIAN_POINT('',(0.0386159848569319,-0.0127,0.235468607885325));
#5153=CARTESIAN_POINT('',(0.0386159848569319,1.73472347597681E-18,0.235468607885325));
#5154=CARTESIAN_POINT('',(0.0170994465316784,-0.0127,0.207813545146749));
#5155=CARTESIAN_POINT('',(0.0170994465316784,-5.20417042793042E-18,0.207813545146749));
#5156=CARTESIAN_POINT('',(0.00621127610713922,-0.0127,0.180442686733733));
#5157=CARTESIAN_POINT('',(0.00621127610713922,-1.73472347597681E-18,0.180442686733733));
#5158=CARTESIAN_POINT('',(0.00191397550734286,-0.0127,0.165233880431685));
#5159=CARTESIAN_POINT('',(0.00191397550734286,-1.73472347597681E-18,0.165233880431685));
#5160=CARTESIAN_POINT('',(0.0669025694369632,0.,0.0790309658477403));
#5161=CARTESIAN_POINT('',(0.0669025694369632,-0.0127,0.0790309658477403));
#5162=CARTESIAN_POINT('',(0.0508,-0.0127,0.150675082990937));
#5163=CARTESIAN_POINT('',(0.0508,0.,0.150675082990937));
#5164=CARTESIAN_POINT('',(0.0508,-0.0127,0.150675082990937));
#5165=CARTESIAN_POINT('',(0.0669025694369632,-0.0127,0.0790309658477403));
#5166=CARTESIAN_POINT('',(0.0669025694369632,0.,0.0790309658477403));
#5167=CARTESIAN_POINT('',(0.0426203618,0.00635,-0.0155309658477403));
#5168=CARTESIAN_POINT('',(3.11060286983428E-18,0.,-0.0381));
#5169=CARTESIAN_POINT('',(2.17742200888399E-17,0.,-0.0381));
#5170=CARTESIAN_POINT('',(-0.0370265445322676,0.00635,-0.0381));
#5171=CARTESIAN_POINT('',(0.0370265445322676,0.00635,-0.0381));
#5172=CARTESIAN_POINT('',(3.11060286983428E-18,0.00635,-0.0381));
#5173=CARTESIAN_POINT('',(-0.0375671066226825,0.00635,-0.0381));
#5174=CARTESIAN_POINT('',(3.11060286983428E-18,2.33295215237571E-18,-0.0381));
#5175=CARTESIAN_POINT('',(0.0375671066226825,0.00635,-0.0381));
#5176=CARTESIAN_POINT('',(3.11060286983428E-18,0.00635,-0.0381));
#5177=CARTESIAN_POINT('',(4.66590430475142E-18,2.33295215237571E-18,-0.0508));
#5178=CARTESIAN_POINT('',(-0.0375671066226825,0.00635,-0.0508));
#5179=CARTESIAN_POINT('',(-0.0375671066226825,0.00635,-0.0254));
#5180=CARTESIAN_POINT('',(1.55530143491714E-18,2.33295215237571E-18,-0.0254));
#5181=CARTESIAN_POINT('',(0.0375671066226825,0.00635,-0.0254));
#5182=CARTESIAN_POINT('',(0.0375671066226825,0.00635,-0.0508));
#5183=CARTESIAN_POINT('',(4.66590430475142E-18,2.33295215237571E-18,-0.0508));
#5184=CARTESIAN_POINT('',(3.11060286983428E-18,2.33295215237571E-18,-0.0381));
#5185=CARTESIAN_POINT('',(0.0375671066226825,-0.00635,-0.0381));
#5186=CARTESIAN_POINT('',(-0.0375671066226825,-0.00635,-0.0381));
#5187=CARTESIAN_POINT('',(0.0375671066226825,-0.00635,-0.0508));
#5188=CARTESIAN_POINT('',(0.0375671066226825,-0.00635,-0.0254));
#5189=CARTESIAN_POINT('',(1.55530143491714E-18,2.33295215237571E-18,-0.0254));
#5190=CARTESIAN_POINT('',(-0.0375671066226825,-0.00635,-0.0254));
#5191=CARTESIAN_POINT('',(-0.0375671066226825,-0.00635,-0.0508));
#5192=CARTESIAN_POINT('',(-0.0607695,0.00635,-0.0508));
#5193=CARTESIAN_POINT('',(3.11060286983428E-18,0.00635,-0.0381));
#5194=CARTESIAN_POINT('',(-0.0368427,0.00635,-0.0381));
#5195=CARTESIAN_POINT('',(-0.0368427,0.00635,-0.0508));
#5196=CARTESIAN_POINT('',(-0.0368427,0.00635,-0.0254));
#5197=CARTESIAN_POINT('',(-0.0607695,0.00635,-0.0254));
#5198=CARTESIAN_POINT('',(-0.0607695,-0.00635,-0.0508));
#5199=CARTESIAN_POINT('',(-0.0368427,-0.00635,-0.0508));
#5200=CARTESIAN_POINT('',(-0.0368427,-0.00635,-0.0381));
#5201=CARTESIAN_POINT('',(-0.0368427,-0.00635,-0.0254));
#5202=CARTESIAN_POINT('',(3.11060286983428E-18,-0.00635,-0.0381));
#5203=CARTESIAN_POINT('',(-0.0370265445322676,-0.00635,-0.0381));
#5204=CARTESIAN_POINT('',(3.11060286983428E-18,-0.00635,-0.0381));
#5205=CARTESIAN_POINT('',(-0.0607695,-0.00635,-0.0254));
#5206=CARTESIAN_POINT('',(0.0607695,0.00635,-0.0508));
#5207=CARTESIAN_POINT('',(0.0368427,0.00635,-0.0508));
#5208=CARTESIAN_POINT('',(0.0368427,0.00635,-0.0381));
#5209=CARTESIAN_POINT('',(0.0368427,0.00635,-0.0254));
#5210=CARTESIAN_POINT('',(3.11060286983428E-18,0.00635,-0.0381));
#5211=CARTESIAN_POINT('',(0.0607695,0.00635,-0.0254));
#5212=CARTESIAN_POINT('',(0.0607695,-0.00635,-0.0508));
#5213=CARTESIAN_POINT('',(3.11060286983428E-18,-0.00635,-0.0381));
#5214=CARTESIAN_POINT('',(0.0370265445322676,-0.00635,-0.0381));
#5215=CARTESIAN_POINT('',(3.11060286983428E-18,-0.00635,-0.0381));
#5216=CARTESIAN_POINT('',(0.0368427,-0.00635,-0.0381));
#5217=CARTESIAN_POINT('',(0.0368427,-0.00635,-0.0508));
#5218=CARTESIAN_POINT('',(0.0368427,-0.00635,-0.0254));
#5219=CARTESIAN_POINT('',(0.0607695,-0.00635,-0.0254));
#5220=CARTESIAN_POINT('',(-0.0368427,5.20417042793042E-18,-0.0508));
#5221=CARTESIAN_POINT('',(-0.0368427,0.,-0.0381));
#5222=CARTESIAN_POINT('',(-0.0368427,1.30104260698261E-17,-0.0254));
#5223=CARTESIAN_POINT('',(0.0368427,5.20417042793042E-18,-0.0508));
#5224=CARTESIAN_POINT('',(0.0368427,0.,-0.0381));
#5225=CARTESIAN_POINT('',(0.0368427,1.30104260698261E-17,-0.0254));
#5226=CARTESIAN_POINT('',(4.66590430475142E-18,0.,-0.0508));
#5227=CARTESIAN_POINT('',(4.66590430475142E-18,2.02189186539228E-18,-0.0508));
#5228=CARTESIAN_POINT('',(-0.03302,2.02189186539228E-18,-0.0508));
#5229=CARTESIAN_POINT('',(2.17742200888399E-17,0.,-0.0508));
#5230=CARTESIAN_POINT('',(-0.03556,0.,-0.0508));
#5231=CARTESIAN_POINT('',(4.66590430475142E-18,2.02189186539228E-18,-0.0508));
#5232=CARTESIAN_POINT('',(-7.77650717458569E-19,2.02189186539228E-18,-0.00635));
#5233=CARTESIAN_POINT('',(-0.03302,2.02189186539228E-18,-0.00635));
#5234=CARTESIAN_POINT('',(-1.55530143491714E-18,4.49870940049783E-18,-1.04083408558608E-17));
#5235=CARTESIAN_POINT('',(-1.06538148291824E-18,2.02189186539228E-18,-0.0040005));
#5236=CARTESIAN_POINT('',(0.0353695,2.02189186539228E-18,-0.0040005));
#5237=CARTESIAN_POINT('',(0.00249076398447941,-0.0352980668113881,-0.010214024379262));
#5238=CARTESIAN_POINT('',(-6.26667454825124E-7,-0.0354051823866871,-0.00918068200423132));
#5239=CARTESIAN_POINT('',(-0.00248825731466011,-0.0352982036418634,-0.0102132476038127));
#5240=CARTESIAN_POINT('',(-0.0035180739363071,-0.0351909725025201,-0.0126972892141586));
#5241=CARTESIAN_POINT('',(-0.00248944412551605,-0.0352981502356806,-0.0151872400541138));
#5242=CARTESIAN_POINT('',(-5.88264719044693E-7,-0.0354050964332044,-0.016218077506959));
#5243=CARTESIAN_POINT('',(0.00248484818784095,-0.0352984639177302,-0.0151904486506342));
#5244=CARTESIAN_POINT('',(0.0035185947327045,-0.0351909284266759,-0.012703484529378));
#5245=CARTESIAN_POINT('',(0.00249076398447941,-0.0352980668113881,-0.010214024379262));
#5246=CARTESIAN_POINT('',(-6.26667454825124E-7,-0.0354051823866871,-0.00918068200423132));
#5247=CARTESIAN_POINT('',(-0.00248825731466011,-0.0352982036418634,-0.0102132476038127));
#5248=CARTESIAN_POINT('',(-3.88777913824522E-19,-0.0353695,-0.009525));
#5249=CARTESIAN_POINT('',(1.55530143491714E-18,4.49870940049783E-18,-0.0254));
#5250=CARTESIAN_POINT('',(-0.0353695,4.49870940049783E-18,-0.0254));
#5251=CARTESIAN_POINT('',(-0.00249076398447942,0.0352980668113881,-0.015185975620738));
#5252=CARTESIAN_POINT('',(6.26667454827292E-7,0.0354051823866871,-0.0162193179957687));
#5253=CARTESIAN_POINT('',(0.00248825731466011,0.0352982036418634,-0.0151867523961873));
#5254=CARTESIAN_POINT('',(0.0035180739363071,0.0351909725025201,-0.0127027107858414));
#5255=CARTESIAN_POINT('',(0.00248944412551605,0.0352981502356807,-0.0102127599458862));
#5256=CARTESIAN_POINT('',(5.88264719045851E-7,0.0354050964332044,-0.00918192249304103));
#5257=CARTESIAN_POINT('',(-0.00248484818784094,0.0352984639177302,-0.0102095513493658));
#5258=CARTESIAN_POINT('',(-0.0035185947327045,0.0351909284266759,-0.012696515470622));
#5259=CARTESIAN_POINT('',(-0.00249076398447942,0.0352980668113881,-0.015185975620738));
#5260=CARTESIAN_POINT('',(6.26667454827292E-7,0.0354051823866871,-0.0162193179957687));
#5261=CARTESIAN_POINT('',(0.00248825731466011,0.0352982036418634,-0.0151867523961873));
#5262=CARTESIAN_POINT('',(1.62240377371584E-20,0.0353695,-0.015875));
#5263=CARTESIAN_POINT('',(1.55530143491714E-18,0.,-0.0254));
#5264=CARTESIAN_POINT('',(0.,-0.0340995,-0.0127));
#5265=CARTESIAN_POINT('',(0.,-0.0417195,-0.0127));
#5266=CARTESIAN_POINT('',(-3.88825358729284E-19,-0.0417195,-0.009525));
#5267=CARTESIAN_POINT('',(1.92592994438723E-34,-0.0417195,-0.0127));
#5268=CARTESIAN_POINT('',(0.,0.0340995,-0.0127));
#5269=CARTESIAN_POINT('',(0.,0.0417195,-0.0127));
#5270=CARTESIAN_POINT('',(-3.88825358729284E-19,0.0417195,-0.009525));
#5271=CARTESIAN_POINT('',(1.92592994438723E-34,0.0417195,-0.0127));
#5272=CARTESIAN_POINT('',(-1.55530143491714E-18,2.02189186539228E-18,-1.38777878078145E-17));
#5273=CARTESIAN_POINT('',(3.11060286983428E-18,0.,-0.0381));
#5274=CARTESIAN_POINT('',(2.17742200888399E-17,0.,-0.0381));
#5275=CARTESIAN_POINT('',(0.0365635533113413,0.,-0.0381));
#5276=CARTESIAN_POINT('',(2.17742200888399E-17,0.,-0.0381));
#5277=CARTESIAN_POINT('',(2.17742200888399E-17,0.,-0.1778));
#5278=CARTESIAN_POINT('',(2.17742200888399E-17,0.,-0.17526));
#5279=CARTESIAN_POINT('',(0.048006,0.,-0.17526));
#5280=CARTESIAN_POINT('',(2.17742200888399E-17,0.,-0.1778));
#5281=CARTESIAN_POINT('',(2.17742200888399E-17,0.,-0.0381));
#5282=CARTESIAN_POINT('',(2.17742200888399E-17,0.,-0.1778));
#5283=CARTESIAN_POINT('',(-0.0508,0.,-0.1778));
#5284=CARTESIAN_POINT('',(0.0365635533113413,0.,-0.0381));
#5285=CARTESIAN_POINT('',(2.08166817117217E-17,-3.18836794158013E-18,-0.18161));
#5286=CARTESIAN_POINT('',(2.08166817117217E-17,-3.18836794158013E-18,-0.17907));
#5287=CARTESIAN_POINT('',(-0.05207,-3.18836794158013E-18,-0.17907));
#5288=CARTESIAN_POINT('',(2.08166817117217E-17,-3.18836794158013E-18,-0.18161));
#5289=CARTESIAN_POINT('',(-0.05207,-3.18836794158013E-18,-0.18161));
#5290=CARTESIAN_POINT('',(2.08166817117217E-17,0.,-0.18161));
#5291=CARTESIAN_POINT('',(2.08166817117217E-17,-3.18836794158013E-18,-0.17907));
#5292=CARTESIAN_POINT('',(2.08166817117217E-17,0.,-0.17526));
#5293=CARTESIAN_POINT('',(0.01905,3.46944695195361E-18,-0.17526));
#5294=CARTESIAN_POINT('',(0.028575,3.46944695195361E-18,-0.17526));
#5295=CARTESIAN_POINT('',(2.25514051876985E-17,-0.01905,-0.17526));
#5296=CARTESIAN_POINT('',(0.00952500000000002,-0.01905,-0.17526));
#5297=CARTESIAN_POINT('',(-0.01905,-1.7347234759768E-18,-0.17526));
#5298=CARTESIAN_POINT('',(-0.009525,-1.7347234759768E-18,-0.17526));
#5299=CARTESIAN_POINT('',(1.90819582357449E-17,0.01905,-0.17526));
#5300=CARTESIAN_POINT('',(0.00952500000000002,0.01905,-0.17526));
#5301=CARTESIAN_POINT('',(0.01905,3.46944695195361E-18,-0.17526));
#5302=CARTESIAN_POINT('',(0.01905,3.46944695195361E-18,-0.1778));
#5303=CARTESIAN_POINT('',(0.028575,3.46944695195361E-18,-0.1778));
#5304=CARTESIAN_POINT('',(2.25514051876985E-17,-0.01905,-0.17526));
#5305=CARTESIAN_POINT('',(2.25514051876985E-17,-0.01905,-0.1778));
#5306=CARTESIAN_POINT('',(0.00952500000000002,-0.01905,-0.1778));
#5307=CARTESIAN_POINT('',(-0.01905,-1.7347234759768E-18,-0.17526));
#5308=CARTESIAN_POINT('',(-0.01905,-1.7347234759768E-18,-0.1778));
#5309=CARTESIAN_POINT('',(-0.009525,-1.7347234759768E-18,-0.1778));
#5310=CARTESIAN_POINT('',(1.90819582357449E-17,0.01905,-0.17526));
#5311=CARTESIAN_POINT('',(1.90819582357449E-17,0.01905,-0.1778));
#5312=CARTESIAN_POINT('',(0.00952500000000002,0.01905,-0.1778));
#5313=CARTESIAN_POINT('',(2.08166817117217E-17,0.,-0.1778));
#5314=CARTESIAN_POINT('',(2.08166817117217E-17,0.,-0.1778));
#5315=CARTESIAN_POINT('',(2.08166817117217E-17,0.,-0.1778));
#5316=CARTESIAN_POINT('',(2.08166817117217E-17,0.,-0.1778));
#5317=CARTESIAN_POINT('',(0.,0.,0.));
#5318=CARTESIAN_POINT('',(-0.04445,-0.01524,-0.18288));
#5319=CARTESIAN_POINT('',(0.,0.,0.14732));
#5320=CARTESIAN_POINT('',(0.,4.19931387427627E-18,0.14732));
#5321=CARTESIAN_POINT('',(0.0142875,0.0325634909638079,0.14732));
#5322=CARTESIAN_POINT('',(-0.0206375,-0.0289587153332118,0.14732));
#5323=CARTESIAN_POINT('',(0.0142875,0.005334,0.14732));
#5324=CARTESIAN_POINT('',(0.0142875,0.0353196452947931,0.14732));
#5325=CARTESIAN_POINT('',(0.,2.33295215237571E-18,0.14732));
#5326=CARTESIAN_POINT('',(-0.0375671066226825,0.00635,0.14732));
#5327=CARTESIAN_POINT('',(0.,0.00635,0.14732));
#5328=CARTESIAN_POINT('',(-0.0368427,0.00635,0.14732));
#5329=CARTESIAN_POINT('',(-0.0368427,0.,0.14732));
#5330=CARTESIAN_POINT('',(-0.0368427,-0.00635,0.14732));
#5331=CARTESIAN_POINT('',(0.,-0.00635,0.14732));
#5332=CARTESIAN_POINT('',(-0.0375671066226825,-0.00635,0.14732));
#5333=CARTESIAN_POINT('',(0.,2.33295215237571E-18,0.14732));
#5334=CARTESIAN_POINT('',(-0.0206375,-0.0320266075904083,0.14732));
#5335=CARTESIAN_POINT('',(-0.0206375,-0.005334,0.14732));
#5336=CARTESIAN_POINT('',(0.0206375,0.005334,0.140970003174999));
#5337=CARTESIAN_POINT('',(0.0206375,0.0320266075904083,0.0254));
#5338=CARTESIAN_POINT('',(0.0206375,0.0320266075904083,0.14732));
#5339=CARTESIAN_POINT('',(0.0206375,0.0320266075904083,0.134620006349998));
#5340=CARTESIAN_POINT('',(0.0206375,0.005334,0.134620006349998));
#5341=CARTESIAN_POINT('',(0.0206375,0.0289587153332118,0.134620006349998));
#5342=CARTESIAN_POINT('',(0.0206375,0.0289587153332118,0.0508));
#5343=CARTESIAN_POINT('',(0.0206375,0.0289587153332118,0.14732));
#5344=CARTESIAN_POINT('',(0.0206375,0.005334,0.14732));
#5345=CARTESIAN_POINT('',(0.0174625,0.005334,0.134620006349998));
#5346=CARTESIAN_POINT('',(0.0174625,0.005334,0.131445006349998));
#5347=CARTESIAN_POINT('',(0.0174625,0.030977002659231,0.131445006349998));
#5348=CARTESIAN_POINT('',(0.0174625,0.0338625322997262,0.131445006349998));
#5349=CARTESIAN_POINT('',(0.0174625,0.030977002659231,0.131445006349998));
#5350=CARTESIAN_POINT('',(0.0182605395786927,0.0305271280765857,0.131445006349998));
#5351=CARTESIAN_POINT('',(0.0194031120295595,0.0298153377472486,0.131876873394385));
#5352=CARTESIAN_POINT('',(0.0204339915569016,0.0291050814688152,0.133261617400232));
#5353=CARTESIAN_POINT('',(0.0206375,0.0289587153332119,0.134159570836297));
#5354=CARTESIAN_POINT('',(0.0206375,0.0289587153332119,0.134620006349998));
#5355=CARTESIAN_POINT('',(0.0174625,0.0338625322997262,0.131445006349998));
#5356=CARTESIAN_POINT('',(0.0182655549287802,0.033448406546528,0.131445006349998));
#5357=CARTESIAN_POINT('',(0.0198201082143386,0.0325631715736195,0.132032438587669));
#5358=CARTESIAN_POINT('',(0.0206375,0.0320266075904083,0.13371179250203));
#5359=CARTESIAN_POINT('',(0.0206375,0.0320266075904083,0.134620006349998));
#5360=CARTESIAN_POINT('',(0.00873125,0.005334,0.131445006349998));
#5361=CARTESIAN_POINT('',(-3.72369899332049E-19,0.005334,0.131445006349998));
#5362=CARTESIAN_POINT('',(3.32924751577074E-18,0.03556,0.131445006349998));
#5363=CARTESIAN_POINT('',(3.64030780275417E-18,0.0381,0.131445006349998));
#5364=CARTESIAN_POINT('',(-5.14267629474751E-34,-4.19931387427627E-18,0.131445006349998));
#5365=CARTESIAN_POINT('',(-2.85704238597084E-34,-2.33295215237571E-18,0.131445006349998));
#5366=CARTESIAN_POINT('',(4.90704852258764E-19,0.005334,0.134620006349998));
#5367=CARTESIAN_POINT('',(6.53226602665198E-19,0.005334,0.137795006349998));
#5368=CARTESIAN_POINT('',(4.35484401776799E-18,0.03556,0.137795006349998));
#5369=CARTESIAN_POINT('',(4.66590430475142E-18,0.0381,0.137795006349998));
#5370=CARTESIAN_POINT('',(3.80349690863227E-18,0.03556,0.137795006349998));
#5371=CARTESIAN_POINT('',(-0.000839385295916864,0.03556,0.137795006349998));
#5372=CARTESIAN_POINT('',(-0.00248324228503472,0.0354891103226557,0.137106995200375));
#5373=CARTESIAN_POINT('',(-0.00352023179055845,0.0353824487729603,0.134623155999278));
#5374=CARTESIAN_POINT('',(-0.00248582585137385,0.0354889468618876,0.132133802538167));
#5375=CARTESIAN_POINT('',(-0.000839383970727929,0.03556,0.131445006349998));
#5376=CARTESIAN_POINT('',(3.0286677863669E-18,0.03556,0.131445006349998));
#5377=CARTESIAN_POINT('',(4.66590430475142E-18,0.0381,0.137795006349998));
#5378=CARTESIAN_POINT('',(-0.000839328563244503,0.0381,0.137795006349998));
#5379=CARTESIAN_POINT('',(-0.00248327059413098,0.0380338362449977,0.137107004250443));
#5380=CARTESIAN_POINT('',(-0.00352021205260827,0.0379343372259352,0.134623130079392));
#5381=CARTESIAN_POINT('',(-0.00248587654062426,0.0380336823965981,0.132133830750238));
#5382=CARTESIAN_POINT('',(-0.000839327335309529,0.0381,0.131445006349998));
#5383=CARTESIAN_POINT('',(3.76352307419936E-18,0.0381,0.131445006349998));
#5384=CARTESIAN_POINT('',(0.00555625,0.005334,0.137795006349998));
#5385=CARTESIAN_POINT('',(-2.85704238597084E-34,-2.33295215237571E-18,0.137795006349998));
#5386=CARTESIAN_POINT('',(0.0111125,0.0364434128993156,0.137795006349998));
#5387=CARTESIAN_POINT('',(0.0111125,0.005334,0.137795006349998));
#5388=CARTESIAN_POINT('',(0.0111125,0.0337790755313108,0.137795006349998));
#5389=CARTESIAN_POINT('',(-5.14267629474751E-34,-4.19931387427627E-18,0.137795006349998));
#5390=CARTESIAN_POINT('',(0.0111125,0.005334,0.140970006349998));
#5391=CARTESIAN_POINT('',(0.0111125,0.0364434128993156,0.137795006349998));
#5392=CARTESIAN_POINT('',(0.0119383884593292,0.0361915790348625,0.137795006349998));
#5393=CARTESIAN_POINT('',(0.0135455794660931,0.0356290018242016,0.138443920909964));
#5394=CARTESIAN_POINT('',(0.0142875,0.0353196452947931,0.140105121876264));
#5395=CARTESIAN_POINT('',(0.0142875,0.0353196452947931,0.140970006349998));
#5396=CARTESIAN_POINT('',(0.0142875,0.0353196452947931,0.140970006349998));
#5397=CARTESIAN_POINT('',(0.0142875,0.005334,0.140970006349998));
#5398=CARTESIAN_POINT('',(0.0142875,0.0325634909638079,0.140970006349998));
#5399=CARTESIAN_POINT('',(0.0111125,0.0337790755313108,0.137795006349998));
#5400=CARTESIAN_POINT('',(0.0119366222366443,0.0335079592200837,0.137795006349998));
#5401=CARTESIAN_POINT('',(0.0135379533041404,0.0329023604981176,0.138437847112597));
#5402=CARTESIAN_POINT('',(0.0142875,0.032563490963808,0.140100703115454));
#5403=CARTESIAN_POINT('',(0.0142875,0.032563490963808,0.140970006349998));
#5404=CARTESIAN_POINT('',(0.0142875,0.005334,0.144145003174999));
#5405=CARTESIAN_POINT('',(0.0142875,0.0325634909638079,0.0508));
#5406=CARTESIAN_POINT('',(0.0142875,0.0353196452947931,0.0254));
#5407=CARTESIAN_POINT('',(0.,2.33295215237571E-18,0.0254));
#5408=CARTESIAN_POINT('',(-0.0206375,-0.0320266075904083,0.0254));
#5409=CARTESIAN_POINT('',(-0.0206375,-0.0320266075904083,0.134620006349998));
#5410=CARTESIAN_POINT('',(-0.0375671066226825,-0.00635,0.0254));
#5411=CARTESIAN_POINT('',(-0.0375671066226825,-0.00635,0.));
#5412=CARTESIAN_POINT('',(0.,2.33295215237571E-18,0.));
#5413=CARTESIAN_POINT('',(0.0375671066226825,-0.00635,0.));
#5414=CARTESIAN_POINT('',(0.0375671066226825,-0.00635,0.0254));
#5415=CARTESIAN_POINT('',(0.0375671066226825,-0.00635,0.14732));
#5416=CARTESIAN_POINT('',(0.,2.33295215237571E-18,0.14732));
#5417=CARTESIAN_POINT('',(-0.0142875,-0.0353196452947931,0.14732));
#5418=CARTESIAN_POINT('',(-0.0142875,-0.0353196452947931,0.0254));
#5419=CARTESIAN_POINT('',(-0.0142875,-0.0353196452947931,0.140970006349998));
#5420=CARTESIAN_POINT('',(-0.0111125,-0.0364434128993156,0.137795006349998));
#5421=CARTESIAN_POINT('',(-0.0119383884593292,-0.0361915790348625,0.137795006349998));
#5422=CARTESIAN_POINT('',(-0.0135455794660931,-0.0356290018242016,0.138443920909964));
#5423=CARTESIAN_POINT('',(-0.0142875,-0.0353196452947931,0.140105121876264));
#5424=CARTESIAN_POINT('',(-0.0142875,-0.0353196452947931,0.140970006349998));
#5425=CARTESIAN_POINT('',(-0.0111125,-0.0364434128993156,0.137795006349998));
#5426=CARTESIAN_POINT('',(0.,2.33295215237571E-18,0.137795006349998));
#5427=CARTESIAN_POINT('',(0.,-0.0381,0.137795006349998));
#5428=CARTESIAN_POINT('',(0.,-0.0381,0.137795006349998));
#5429=CARTESIAN_POINT('',(0.000839328563244507,-0.0381,0.137795006349998));
#5430=CARTESIAN_POINT('',(0.00248327059413099,-0.0380338362449977,0.137107004250443));
#5431=CARTESIAN_POINT('',(0.00352021205260828,-0.0379343372259352,0.134623130079392));
#5432=CARTESIAN_POINT('',(0.00248587654062426,-0.0380336823965981,0.132133830750238));
#5433=CARTESIAN_POINT('',(0.000839327335309533,-0.0381,0.131445006349998));
#5434=CARTESIAN_POINT('',(9.02381230552054E-19,-0.0381,0.131445006349998));
#5435=CARTESIAN_POINT('',(1.02559650199725E-18,-0.0381,0.131445006349998));
#5436=CARTESIAN_POINT('',(0.,2.33295215237571E-18,0.131445006349998));
#5437=CARTESIAN_POINT('',(-0.0174625,-0.0338625322997262,0.131445006349998));
#5438=CARTESIAN_POINT('',(-0.0174625,-0.0338625322997262,0.131445006349998));
#5439=CARTESIAN_POINT('',(-0.0182655549287802,-0.033448406546528,0.131445006349998));
#5440=CARTESIAN_POINT('',(-0.0198201082143386,-0.0325631715736195,0.132032438587669));
#5441=CARTESIAN_POINT('',(-0.0206375,-0.0320266075904083,0.13371179250203));
#5442=CARTESIAN_POINT('',(-0.0206375,-0.0320266075904083,0.134620006349998));
#5443=CARTESIAN_POINT('',(0.,4.19931387427627E-18,0.0508));
#5444=CARTESIAN_POINT('',(0.,2.02189186539228E-18,0.02159));
#5445=CARTESIAN_POINT('',(0.03556,2.02189186539228E-18,0.02159));
#5446=CARTESIAN_POINT('',(0.,4.19931387427627E-18,0.14732));
#5447=CARTESIAN_POINT('',(-0.0142875,-0.0325634909638079,0.14732));
#5448=CARTESIAN_POINT('',(-0.0206375,-0.0289587153332118,0.0508));
#5449=CARTESIAN_POINT('',(-0.0206375,-0.0289587153332118,0.134620006349998));
#5450=CARTESIAN_POINT('',(-0.0174625,-0.030977002659231,0.131445006349998));
#5451=CARTESIAN_POINT('',(-0.0182605395786927,-0.0305271280765857,0.131445006349998));
#5452=CARTESIAN_POINT('',(-0.0194031120295595,-0.0298153377472486,0.131876873394386));
#5453=CARTESIAN_POINT('',(-0.0204339915569016,-0.0291050814688152,0.133261617400232));
#5454=CARTESIAN_POINT('',(-0.0206375,-0.0289587153332119,0.134159570836297));
#5455=CARTESIAN_POINT('',(-0.0206375,-0.0289587153332119,0.134620006349998));
#5456=CARTESIAN_POINT('',(-0.0174625,-0.030977002659231,0.131445006349998));
#5457=CARTESIAN_POINT('',(0.,4.19931387427627E-18,0.131445006349998));
#5458=CARTESIAN_POINT('',(1.02559650199725E-18,-0.03556,0.131445006349998));
#5459=CARTESIAN_POINT('',(5.5134710913572E-19,-0.03556,0.137795006349998));
#5460=CARTESIAN_POINT('',(0.000839385295916869,-0.03556,0.137795006349998));
#5461=CARTESIAN_POINT('',(0.00248324228503472,-0.0354891103226557,0.137106995200375));
#5462=CARTESIAN_POINT('',(0.00352023179055845,-0.0353824487729603,0.134623155999278));
#5463=CARTESIAN_POINT('',(0.00248582585137386,-0.0354889468618876,0.132133802538167));
#5464=CARTESIAN_POINT('',(0.000839383970727934,-0.03556,0.131445006349998));
#5465=CARTESIAN_POINT('',(1.32617623140109E-18,-0.03556,0.131445006349998));
#5466=CARTESIAN_POINT('',(0.,-0.03556,0.137795006349998));
#5467=CARTESIAN_POINT('',(0.,4.19931387427627E-18,0.137795006349998));
#5468=CARTESIAN_POINT('',(-0.0111125,-0.0337790755313108,0.137795006349998));
#5469=CARTESIAN_POINT('',(-0.0111125,-0.0337790755313108,0.137795006349998));
#5470=CARTESIAN_POINT('',(-0.0119366222366443,-0.0335079592200837,0.137795006349998));
#5471=CARTESIAN_POINT('',(-0.0135379533041404,-0.0329023604981176,0.138437847112597));
#5472=CARTESIAN_POINT('',(-0.0142875,-0.032563490963808,0.140100703115454));
#5473=CARTESIAN_POINT('',(-0.0142875,-0.032563490963808,0.140970006349998));
#5474=CARTESIAN_POINT('',(-0.0142875,-0.0325634909638079,0.140970006349998));
#5475=CARTESIAN_POINT('',(-0.0142875,-0.0325634909638079,0.0508));
#5476=CARTESIAN_POINT('',(0.,0.,0.14732));
#5477=CARTESIAN_POINT('',(-0.0142875,-0.005334,0.14732));
#5478=CARTESIAN_POINT('',(0.,-0.00635,0.14732));
#5479=CARTESIAN_POINT('',(0.0368427,-0.00635,0.14732));
#5480=CARTESIAN_POINT('',(0.0368427,0.,0.14732));
#5481=CARTESIAN_POINT('',(0.0368427,0.00635,0.14732));
#5482=CARTESIAN_POINT('',(0.,0.00635,0.14732));
#5483=CARTESIAN_POINT('',(0.0375671066226825,0.00635,0.14732));
#5484=CARTESIAN_POINT('',(0.,2.33295215237571E-18,0.14732));
#5485=CARTESIAN_POINT('',(0.,2.33295215237571E-18,0.0254));
#5486=CARTESIAN_POINT('',(0.0375671066226825,0.00635,0.0254));
#5487=CARTESIAN_POINT('',(0.0375671066226825,0.00635,0.));
#5488=CARTESIAN_POINT('',(0.,2.33295215237571E-18,0.));
#5489=CARTESIAN_POINT('',(-0.0375671066226825,0.00635,0.));
#5490=CARTESIAN_POINT('',(-0.0375671066226825,0.00635,0.0254));
#5491=CARTESIAN_POINT('',(0.0607695,0.00635,0.0254));
#5492=CARTESIAN_POINT('',(0.0368427,0.00635,0.0254));
#5493=CARTESIAN_POINT('',(0.0368427,0.00635,0.));
#5494=CARTESIAN_POINT('',(0.0607695,0.00635,0.));
#5495=CARTESIAN_POINT('',(0.0607695,-0.00635,0.0254));
#5496=CARTESIAN_POINT('',(0.0368427,-0.00635,0.0254));
#5497=CARTESIAN_POINT('',(0.0368427,-0.00635,0.));
#5498=CARTESIAN_POINT('',(0.0607695,-0.00635,0.));
#5499=CARTESIAN_POINT('',(-0.0607695,0.00635,0.0254));
#5500=CARTESIAN_POINT('',(-0.0368427,0.00635,0.0254));
#5501=CARTESIAN_POINT('',(-0.0368427,0.00635,0.));
#5502=CARTESIAN_POINT('',(-0.0607695,0.00635,0.));
#5503=CARTESIAN_POINT('',(-0.0607695,-0.00635,0.0254));
#5504=CARTESIAN_POINT('',(-0.0368427,-0.00635,0.0254));
#5505=CARTESIAN_POINT('',(-0.0368427,-0.00635,0.));
#5506=CARTESIAN_POINT('',(-0.0607695,-0.00635,0.));
#5507=CARTESIAN_POINT('',(0.0368427,5.20417042793042E-18,0.0254));
#5508=CARTESIAN_POINT('',(0.0368427,1.30104260698261E-17,0.));
#5509=CARTESIAN_POINT('',(-0.0368427,5.20417042793042E-18,0.0254));
#5510=CARTESIAN_POINT('',(-0.0368427,1.30104260698261E-17,0.));
#5511=CARTESIAN_POINT('',(0.,2.02189186539228E-18,0.0254));
#5512=CARTESIAN_POINT('',(0.,2.02189186539228E-18,-0.01905));
#5513=CARTESIAN_POINT('',(0.03302,2.02189186539228E-18,-0.01905));
#5514=CARTESIAN_POINT('',(0.,2.02189186539228E-18,0.01905));
#5515=CARTESIAN_POINT('',(0.03302,2.02189186539228E-18,0.01905));
#5516=CARTESIAN_POINT('',(0.,4.49870940049783E-18,-0.0254));
#5517=CARTESIAN_POINT('',(0.,2.02189186539228E-18,-0.0213995));
#5518=CARTESIAN_POINT('',(-0.0353695,2.02189186539228E-18,-0.0213995));
#5519=CARTESIAN_POINT('',(-0.00249076398447941,-0.0352980668113881,-0.015185975620738));
#5520=CARTESIAN_POINT('',(6.26667454826371E-7,-0.0354051823866871,-0.0162193179957687));
#5521=CARTESIAN_POINT('',(0.00248825731466011,-0.0352982036418634,-0.0151867523961873));
#5522=CARTESIAN_POINT('',(0.0035180739363071,-0.0351909725025201,-0.0127027107858414));
#5523=CARTESIAN_POINT('',(0.00248944412551605,-0.0352981502356806,-0.0102127599458862));
#5524=CARTESIAN_POINT('',(5.88264719043391E-7,-0.0354050964332044,-0.00918192249304103));
#5525=CARTESIAN_POINT('',(-0.00248484818784094,-0.0352984639177302,-0.0102095513493658));
#5526=CARTESIAN_POINT('',(-0.00351859473270451,-0.0351909284266759,-0.012696515470622));
#5527=CARTESIAN_POINT('',(-0.00249076398447941,-0.0352980668113881,-0.015185975620738));
#5528=CARTESIAN_POINT('',(6.26667454826371E-7,-0.0354051823866871,-0.0162193179957687));
#5529=CARTESIAN_POINT('',(0.00248825731466011,-0.0352982036418634,-0.0151867523961873));
#5530=CARTESIAN_POINT('',(-4.74449047625361E-23,-0.0353695,-0.015875));
#5531=CARTESIAN_POINT('',(0.,4.49870940049783E-18,0.));
#5532=CARTESIAN_POINT('',(0.0353695,4.49870940049783E-18,0.));
#5533=CARTESIAN_POINT('',(0.00249076398447943,0.0352980668113881,-0.010214024379262));
#5534=CARTESIAN_POINT('',(-6.26667454830165E-7,0.0354051823866871,-0.00918068200423132));
#5535=CARTESIAN_POINT('',(-0.00248825731466011,0.0352982036418634,-0.0102132476038127));
#5536=CARTESIAN_POINT('',(-0.0035180739363071,0.0351909725025201,-0.0126972892141586));
#5537=CARTESIAN_POINT('',(-0.00248944412551606,0.0352981502356807,-0.0151872400541138));
#5538=CARTESIAN_POINT('',(-5.88264719042585E-7,0.0354050964332044,-0.016218077506959));
#5539=CARTESIAN_POINT('',(0.00248484818784095,0.0352984639177303,-0.0151904486506342));
#5540=CARTESIAN_POINT('',(0.0035185947327045,0.0351909284266759,-0.012703484529378));
#5541=CARTESIAN_POINT('',(0.00249076398447943,0.0352980668113881,-0.010214024379262));
#5542=CARTESIAN_POINT('',(-6.26667454830165E-7,0.0354051823866871,-0.00918068200423132));
#5543=CARTESIAN_POINT('',(-0.00248825731466011,0.0352982036418634,-0.0102132476038127));
#5544=CARTESIAN_POINT('',(3.72601320992126E-19,0.0353695,-0.009525));
#5545=CARTESIAN_POINT('',(0.,0.,0.));
#5546=CARTESIAN_POINT('',(0.,-0.0340995,-0.0127));
#5547=CARTESIAN_POINT('',(0.,-0.0417195,-0.0127));
#5548=CARTESIAN_POINT('',(0.,-0.0417195,-0.015875));
#5549=CARTESIAN_POINT('',(0.,-0.0417195,-0.0127));
#5550=CARTESIAN_POINT('',(0.,0.0340995,-0.0127));
#5551=CARTESIAN_POINT('',(0.,0.0417195,-0.0127));
#5552=CARTESIAN_POINT('',(0.,0.0417195,-0.015875));
#5553=CARTESIAN_POINT('',(0.,0.0417195,-0.0127));
#5554=CARTESIAN_POINT('',(0.,2.02189186539228E-18,0.01905));
#5555=CARTESIAN_POINT('',(0.,2.02189186539228E-18,-0.0254));
#5556=CARTESIAN_POINT('',(-0.0174625,-0.005334,0.134620006349998));
#5557=CARTESIAN_POINT('',(-0.0174625,-0.005334,0.131445006349998));
#5558=CARTESIAN_POINT('',(-0.0206375,-0.005334,0.134620006349998));
#5559=CARTESIAN_POINT('',(-0.00873125,-0.005334,0.131445006349998));
#5560=CARTESIAN_POINT('',(1.02559650199725E-18,-0.005334,0.131445006349998));
#5561=CARTESIAN_POINT('',(1.62521750406434E-19,-0.005334,0.134620006349998));
#5562=CARTESIAN_POINT('',(0.,-0.005334,0.137795006349998));
#5563=CARTESIAN_POINT('',(-0.00555625,-0.005334,0.137795006349998));
#5564=CARTESIAN_POINT('',(-0.0111125,-0.005334,0.137795006349998));
#5565=CARTESIAN_POINT('',(-0.0111125,-0.005334,0.140970006349998));
#5566=CARTESIAN_POINT('',(-0.0142875,-0.005334,0.140970006349998));
#5567=CARTESIAN_POINT('',(-0.0206375,-0.005334,0.140970003174999));
#5568=CARTESIAN_POINT('',(-0.0142875,-0.005334,0.144145003174999));
#5569=CARTESIAN_POINT('',(-2.98399476861059E-17,-3.43711524005186E-18,0.1524));
#5570=CARTESIAN_POINT('',(0.,0.00635,0.00127));
#5571=CARTESIAN_POINT('',(0.,0.00635,0.));
#5572=CARTESIAN_POINT('',(0.,0.,0.));
#5573=CARTESIAN_POINT('',(-3.46944695195361E-18,0.0127,0.));
#5574=CARTESIAN_POINT('',(0.,0.,0.00127));
#5575=CARTESIAN_POINT('',(0.,0.,0.00127));
#5576=CARTESIAN_POINT('',(0.,0.00635,0.00127));
#5577=CARTESIAN_POINT('',(-3.46944695195361E-18,0.0127,0.00127));
#5578=CARTESIAN_POINT('',(-3.46944695195361E-18,0.0127,0.00127));
#5579=CARTESIAN_POINT('',(0.0381,0.,0.00127));
#5580=CARTESIAN_POINT('',(0.0381,0.,0.));
#5581=CARTESIAN_POINT('',(0.0762,0.,0.));
#5582=CARTESIAN_POINT('',(0.0762,0.,0.00127));
#5583=CARTESIAN_POINT('',(0.0762,0.,0.00127));
#5584=CARTESIAN_POINT('',(0.0381,0.,0.00127));
#5585=CARTESIAN_POINT('',(0.0762,0.00635,0.00127));
#5586=CARTESIAN_POINT('',(0.0762,0.00635,0.));
#5587=CARTESIAN_POINT('',(0.0762,0.0127,0.));
#5588=CARTESIAN_POINT('',(0.0762,0.0127,0.00127));
#5589=CARTESIAN_POINT('',(0.0762,0.0127,0.00127));
#5590=CARTESIAN_POINT('',(0.0762,0.00635,0.00127));
#5591=CARTESIAN_POINT('',(0.0381,0.0127,0.00127));
#5592=CARTESIAN_POINT('',(0.0381,0.0127,0.));
#5593=CARTESIAN_POINT('',(0.0381,0.0127,0.00127));
#5594=CARTESIAN_POINT('',(0.0381,0.00635,0.00127));
#5595=CARTESIAN_POINT('',(0.0381,0.00635,0.));
#5596=CARTESIAN_POINT('',(-0.0381,0.02032,-0.18288));
#5597=CARTESIAN_POINT('',(-0.0381,-0.03302,-0.18288));
#5598=CARTESIAN_POINT('',(0.0426203608512878,0.003175,0.01778));
#5599=CARTESIAN_POINT('',(0.0426203608512878,0.003175,0.));
#5600=CARTESIAN_POINT('',(0.0426203608512878,-0.00635,0.));
#5601=CARTESIAN_POINT('',(0.0426203608512878,0.00635,0.));
#5602=CARTESIAN_POINT('',(0.0426203608512878,-0.00635,0.01778));
#5603=CARTESIAN_POINT('',(0.0426203608512878,-0.00635,0.01778));
#5604=CARTESIAN_POINT('',(0.0426203608512878,0.003175,0.01778));
#5605=CARTESIAN_POINT('',(0.0426203608512878,0.00635,0.01778));
#5606=CARTESIAN_POINT('',(0.0426203608512878,0.00635,0.01778));
#5607=CARTESIAN_POINT('',(0.0411020862167727,-0.00635,0.01778));
#5608=CARTESIAN_POINT('',(0.0411020862167727,-0.00635,0.));
#5609=CARTESIAN_POINT('',(0.0421682783209852,-0.00743092195034012,0.));
#5610=CARTESIAN_POINT('',(0.0421682783209852,-0.00743092195034012,0.01778));
#5611=CARTESIAN_POINT('',(0.0421682783209852,-0.00743092195034012,0.01778));
#5612=CARTESIAN_POINT('',(0.0411020862167727,-0.00635,0.01778));
#5613=CARTESIAN_POINT('',(0.0393184456010318,-0.0102419196762951,0.01778));
#5614=CARTESIAN_POINT('',(0.0393184456010318,-0.0102419196762951,0.));
#5615=CARTESIAN_POINT('',(0.0364686128810784,-0.01305291740225,0.));
#5616=CARTESIAN_POINT('',(0.0364686128810784,-0.01305291740225,0.01778));
#5617=CARTESIAN_POINT('',(0.0364686128810784,-0.01305291740225,0.01778));
#5618=CARTESIAN_POINT('',(0.0393184456010318,-0.0102419196762951,0.01778));
#5619=CARTESIAN_POINT('',(0.0418196762851599,-0.0184779077658819,0.01778));
#5620=CARTESIAN_POINT('',(0.0418196762851599,-0.0184779077658819,0.));
#5621=CARTESIAN_POINT('',(0.0348497302376332,-0.0153982564715683,0.));
#5622=CARTESIAN_POINT('',(0.0348497302376332,-0.0153982564715683,0.01778));
#5623=CARTESIAN_POINT('',(0.0348497302376332,-0.0153982564715683,0.01778));
#5624=CARTESIAN_POINT('',(0.0418196762851599,-0.0184779077658819,0.01778));
#5625=CARTESIAN_POINT('',(5.55111512312578E-17,1.57093167465545E-17,0.01778));
#5626=CARTESIAN_POINT('',(5.55111512312578E-17,1.57093167465545E-17,0.));
#5627=CARTESIAN_POINT('',(0.0348497302376332,0.0153982564715683,0.));
#5628=CARTESIAN_POINT('',(0.0348497302376332,0.0153982564715683,0.01778));
#5629=CARTESIAN_POINT('',(0.0348497302376332,0.0153982564715683,0.01778));
#5630=CARTESIAN_POINT('',(5.55111512312578E-17,1.57093167465545E-17,0.01778));
#5631=CARTESIAN_POINT('',(0.0418196762851599,0.018477907765882,0.01778));
#5632=CARTESIAN_POINT('',(0.0418196762851599,0.018477907765882,0.));
#5633=CARTESIAN_POINT('',(0.0364686128810784,0.01305291740225,0.));
#5634=CARTESIAN_POINT('',(0.0364686128810784,0.01305291740225,0.01778));
#5635=CARTESIAN_POINT('',(0.0364686128810784,0.01305291740225,0.01778));
#5636=CARTESIAN_POINT('',(0.0418196762851599,0.018477907765882,0.01778));
#5637=CARTESIAN_POINT('',(0.0393184456010318,0.0102419196762951,0.01778));
#5638=CARTESIAN_POINT('',(0.0393184456010318,0.0102419196762951,0.));
#5639=CARTESIAN_POINT('',(0.0421682783209852,0.00743092195034013,0.));
#5640=CARTESIAN_POINT('',(0.0421682783209852,0.00743092195034013,0.01778));
#5641=CARTESIAN_POINT('',(0.0421682783209852,0.00743092195034013,0.01778));
#5642=CARTESIAN_POINT('',(0.0393184456010318,0.0102419196762951,0.01778));
#5643=CARTESIAN_POINT('',(0.0402094371072715,-0.0111469255156651,0.01778));
#5644=CARTESIAN_POINT('',(0.0402094371072715,-0.0111469255156651,0.));
#5645=CARTESIAN_POINT('',(0.0430584174327844,-0.00833676856847486,0.));
#5646=CARTESIAN_POINT('',(0.0373604567817586,-0.0139570824628553,0.));
#5647=CARTESIAN_POINT('',(0.0430584174327844,-0.00833676856847486,0.01778));
#5648=CARTESIAN_POINT('',(0.0430584174327844,-0.00833676856847486,0.01778));
#5649=CARTESIAN_POINT('',(0.0402094371072715,-0.0111469255156651,0.01778));
#5650=CARTESIAN_POINT('',(0.0373604567817586,-0.0139570824628553,0.01778));
#5651=CARTESIAN_POINT('',(0.0373604567817586,-0.0139570824628553,0.01778));
#5652=CARTESIAN_POINT('',(0.0410963608512879,-0.00634760543514314,0.01778));
#5653=CARTESIAN_POINT('',(0.0410963608512879,-0.00634760543514314,0.));
#5654=CARTESIAN_POINT('',(0.0438903608512878,-0.00634760543514314,0.));
#5655=CARTESIAN_POINT('',(0.0438903608512878,-0.00634760543514314,0.01778));
#5656=CARTESIAN_POINT('',(0.0438903608512878,-0.00634760543514314,0.01778));
#5657=CARTESIAN_POINT('',(0.0410963608512879,-0.00634760543514314,0.01778));
#5658=CARTESIAN_POINT('',(0.0438903608512878,2.60208521396521E-18,0.01778));
#5659=CARTESIAN_POINT('',(0.0438903608512878,2.60208521396521E-18,0.));
#5660=CARTESIAN_POINT('',(0.0438903608512878,0.00634760543514314,0.));
#5661=CARTESIAN_POINT('',(0.0438903608512878,0.00634760543514314,0.01778));
#5662=CARTESIAN_POINT('',(0.0438903608512878,0.00634760543514314,0.01778));
#5663=CARTESIAN_POINT('',(0.0438903608512878,2.60208521396521E-18,0.01778));
#5664=CARTESIAN_POINT('',(0.0410963608512879,0.00634760543514315,0.01778));
#5665=CARTESIAN_POINT('',(0.0410963608512879,0.00634760543514315,0.));
#5666=CARTESIAN_POINT('',(0.0430584174327844,0.00833676856847486,0.));
#5667=CARTESIAN_POINT('',(0.0430584174327844,0.00833676856847486,0.01778));
#5668=CARTESIAN_POINT('',(0.0430584174327844,0.00833676856847486,0.01778));
#5669=CARTESIAN_POINT('',(0.0410963608512879,0.00634760543514315,0.01778));
#5670=CARTESIAN_POINT('',(0.0402094371072715,0.0111469255156651,0.01778));
#5671=CARTESIAN_POINT('',(0.0402094371072715,0.0111469255156651,0.));
#5672=CARTESIAN_POINT('',(0.0373604567817586,0.0139570824628553,0.));
#5673=CARTESIAN_POINT('',(0.0373604567817586,0.0139570824628553,0.01778));
#5674=CARTESIAN_POINT('',(0.0373604567817586,0.0139570824628553,0.01778));
#5675=CARTESIAN_POINT('',(0.0402094371072715,0.0111469255156651,0.01778));
#5676=CARTESIAN_POINT('',(0.04181967628516,0.018477907765882,0.01778));
#5677=CARTESIAN_POINT('',(0.04181967628516,0.018477907765882,0.));
#5678=CARTESIAN_POINT('',(0.036011387912221,0.0159115316872872,0.));
#5679=CARTESIAN_POINT('',(0.036011387912221,0.0159115316872872,0.01778));
#5680=CARTESIAN_POINT('',(0.036011387912221,0.0159115316872872,0.01778));
#5681=CARTESIAN_POINT('',(0.04181967628516,0.018477907765882,0.01778));
#5682=CARTESIAN_POINT('',(-6.24500451351651E-17,-1.48419550085662E-17,0.01778));
#5683=CARTESIAN_POINT('',(-6.24500451351651E-17,-1.48419550085662E-17,0.));
#5684=CARTESIAN_POINT('',(0.036011387912221,-0.0159115316872872,0.));
#5685=CARTESIAN_POINT('',(0.036011387912221,-0.0159115316872872,0.01778));
#5686=CARTESIAN_POINT('',(0.036011387912221,-0.0159115316872872,0.01778));
#5687=CARTESIAN_POINT('',(-6.24500451351651E-17,-1.48419550085662E-17,0.01778));
#5688=CARTESIAN_POINT('',(0.0418196762851599,-0.0184779077658819,0.01778));
#5689=CARTESIAN_POINT('',(0.0418196762851599,-0.0184779077658819,0.));
#5690=CARTESIAN_POINT('',(0.0418196762851599,-0.0184779077658819,0.01778));
#5691=CARTESIAN_POINT('',(0.0411020862167727,0.00635,0.01778));
#5692=CARTESIAN_POINT('',(0.0411020862167727,0.00635,0.));
#5693=CARTESIAN_POINT('',(0.0411020862167727,0.00635,0.01778));
#5694=CARTESIAN_POINT('',(0.00226018042564392,0.,0.01778));
#5695=CARTESIAN_POINT('',(0.00226018042564392,0.,0.));
#5696=CARTESIAN_POINT('',(-6.96942309589985E-17,-1.06125067815994E-17,0.11811));
#5697=CARTESIAN_POINT('',(-1.7347234759768E-18,0.01905,0.00635));
#5698=CARTESIAN_POINT('',(-1.7347234759768E-18,0.01905,0.00635));
#5699=CARTESIAN_POINT('',(0.009525,0.01905,0.00635));
#5700=CARTESIAN_POINT('',(-1.7347234759768E-18,0.01905,0.));
#5701=CARTESIAN_POINT('',(0.009525,0.01905,0.));
#5702=CARTESIAN_POINT('',(-0.01905,1.7347234759768E-18,0.00635));
#5703=CARTESIAN_POINT('',(-0.01905,1.7347234759768E-18,0.00635));
#5704=CARTESIAN_POINT('',(-0.009525,1.7347234759768E-18,0.00635));
#5705=CARTESIAN_POINT('',(-0.01905,1.7347234759768E-18,0.));
#5706=CARTESIAN_POINT('',(-0.009525,1.7347234759768E-18,0.));
#5707=CARTESIAN_POINT('',(0.,-0.01905,0.00635));
#5708=CARTESIAN_POINT('',(0.,-0.01905,0.00635));
#5709=CARTESIAN_POINT('',(0.009525,-0.01905,0.00635));
#5710=CARTESIAN_POINT('',(0.,-0.01905,0.));
#5711=CARTESIAN_POINT('',(0.009525,-0.01905,0.));
#5712=CARTESIAN_POINT('',(0.01905,0.,0.00635));
#5713=CARTESIAN_POINT('',(0.01905,0.,0.00635));
#5714=CARTESIAN_POINT('',(0.028575,0.,0.00635));
#5715=CARTESIAN_POINT('',(0.01905,0.,0.));
#5716=CARTESIAN_POINT('',(0.028575,0.,0.));
#5717=CARTESIAN_POINT('',(0.,2.17742200888399E-18,0.00635));
#5718=CARTESIAN_POINT('',(0.,2.17742200888399E-18,0.00635));
#5719=CARTESIAN_POINT('',(0.03556,2.17742200888399E-18,0.00635));
#5720=CARTESIAN_POINT('',(0.,2.17742200888399E-18,0.));
#5721=CARTESIAN_POINT('',(0.03556,2.17742200888399E-18,0.));
#5722=CARTESIAN_POINT('',(0.,0.,0.00635));
#5723=CARTESIAN_POINT('',(0.,0.,0.));
#5724=CARTESIAN_POINT('',(0.,0.,0.06604));
#5725=CARTESIAN_POINT('',(-5.55111512312578E-17,-1.38777878078145E-17,-0.00889));
#5726=MECHANICAL_DESIGN_GEOMETRIC_PRESENTATION_REPRESENTATION('',(#3167,
#3168,#3169,#3170,#3171,#3172,#3173,#3174,#3175),#5727);
#5727=(
GEOMETRIC_REPRESENTATION_CONTEXT(3)
GLOBAL_UNCERTAINTY_ASSIGNED_CONTEXT((#5737))
GLOBAL_UNIT_ASSIGNED_CONTEXT((#5749,#5748,#5747))
REPRESENTATION_CONTEXT('Fishing Rod Case Assembly',
'TOP_LEVEL_ASSEMBLY_PART')
);
#5728=(
GEOMETRIC_REPRESENTATION_CONTEXT(3)
GLOBAL_UNCERTAINTY_ASSIGNED_CONTEXT((#5738))
GLOBAL_UNIT_ASSIGNED_CONTEXT((#5749,#5748,#5747))
REPRESENTATION_CONTEXT('Middle segment','COMPONENT_PART')
);
#5729=(
GEOMETRIC_REPRESENTATION_CONTEXT(3)
GLOBAL_UNCERTAINTY_ASSIGNED_CONTEXT((#5739))
GLOBAL_UNIT_ASSIGNED_CONTEXT((#5749,#5748,#5747))
REPRESENTATION_CONTEXT('Lid','COMPONENT_PART')
);
#5730=(
GEOMETRIC_REPRESENTATION_CONTEXT(3)
GLOBAL_UNCERTAINTY_ASSIGNED_CONTEXT((#5740))
GLOBAL_UNIT_ASSIGNED_CONTEXT((#5749,#5748,#5747))
REPRESENTATION_CONTEXT('Rubber strip 2','COMPONENT_PART')
);
#5731=(
GEOMETRIC_REPRESENTATION_CONTEXT(3)
GLOBAL_UNCERTAINTY_ASSIGNED_CONTEXT((#5741))
GLOBAL_UNIT_ASSIGNED_CONTEXT((#5749,#5748,#5747))
REPRESENTATION_CONTEXT('Strap','COMPONENT_PART')
);
#5732=(
GEOMETRIC_REPRESENTATION_CONTEXT(3)
GLOBAL_UNCERTAINTY_ASSIGNED_CONTEXT((#5742))
GLOBAL_UNIT_ASSIGNED_CONTEXT((#5749,#5748,#5747))
REPRESENTATION_CONTEXT('Bottom segment','COMPONENT_PART')
);
#5733=(
GEOMETRIC_REPRESENTATION_CONTEXT(3)
GLOBAL_UNCERTAINTY_ASSIGNED_CONTEXT((#5743))
GLOBAL_UNIT_ASSIGNED_CONTEXT((#5749,#5748,#5747))
REPRESENTATION_CONTEXT('Top segment','COMPONENT_PART')
);
#5734=(
GEOMETRIC_REPRESENTATION_CONTEXT(3)
GLOBAL_UNCERTAINTY_ASSIGNED_CONTEXT((#5744))
GLOBAL_UNIT_ASSIGNED_CONTEXT((#5749,#5748,#5747))
REPRESENTATION_CONTEXT('Rubber strip 1','COMPONENT_PART')
);
#5735=(
GEOMETRIC_REPRESENTATION_CONTEXT(3)
GLOBAL_UNCERTAINTY_ASSIGNED_CONTEXT((#5745))
GLOBAL_UNIT_ASSIGNED_CONTEXT((#5749,#5748,#5747))
REPRESENTATION_CONTEXT('Cloth band','COMPONENT_PART')
);
#5736=(
GEOMETRIC_REPRESENTATION_CONTEXT(3)
GLOBAL_UNCERTAINTY_ASSIGNED_CONTEXT((#5746))
GLOBAL_UNIT_ASSIGNED_CONTEXT((#5749,#5748,#5747))
REPRESENTATION_CONTEXT('Disk','COMPONENT_PART')
);
#5737=UNCERTAINTY_MEASURE_WITH_UNIT(LENGTH_MEASURE(1.E-8),#5749,
'DISTANCE_ACCURACY_VALUE','Maximum Tolerance applied to model');
#5738=UNCERTAINTY_MEASURE_WITH_UNIT(LENGTH_MEASURE(2.E-5),#5749,
'DISTANCE_ACCURACY_VALUE','Maximum Tolerance applied to model');
#5739=UNCERTAINTY_MEASURE_WITH_UNIT(LENGTH_MEASURE(2.E-5),#5749,
'DISTANCE_ACCURACY_VALUE','Maximum Tolerance applied to model');
#5740=UNCERTAINTY_MEASURE_WITH_UNIT(LENGTH_MEASURE(1.E-8),#5749,
'DISTANCE_ACCURACY_VALUE','Maximum Tolerance applied to model');
#5741=UNCERTAINTY_MEASURE_WITH_UNIT(LENGTH_MEASURE(2.E-5),#5749,
'DISTANCE_ACCURACY_VALUE','Maximum Tolerance applied to model');
#5742=UNCERTAINTY_MEASURE_WITH_UNIT(LENGTH_MEASURE(2.E-5),#5749,
'DISTANCE_ACCURACY_VALUE','Maximum Tolerance applied to model');
#5743=UNCERTAINTY_MEASURE_WITH_UNIT(LENGTH_MEASURE(2.E-5),#5749,
'DISTANCE_ACCURACY_VALUE','Maximum Tolerance applied to model');
#5744=UNCERTAINTY_MEASURE_WITH_UNIT(LENGTH_MEASURE(1.E-8),#5749,
'DISTANCE_ACCURACY_VALUE','Maximum Tolerance applied to model');
#5745=UNCERTAINTY_MEASURE_WITH_UNIT(LENGTH_MEASURE(1.E-8),#5749,
'DISTANCE_ACCURACY_VALUE','Maximum Tolerance applied to model');
#5746=UNCERTAINTY_MEASURE_WITH_UNIT(LENGTH_MEASURE(1.E-8),#5749,
'DISTANCE_ACCURACY_VALUE','Maximum Tolerance applied to model');
#5747=(
NAMED_UNIT(*)
SI_UNIT($,.STERADIAN.)
SOLID_ANGLE_UNIT()
);
#5748=(
NAMED_UNIT(*)
PLANE_ANGLE_UNIT()
SI_UNIT($,.RADIAN.)
);
#5749=(
LENGTH_UNIT()
NAMED_UNIT(*)
SI_UNIT($,.METRE.)
);
#5750=PRODUCT_DEFINITION_SHAPE('','',#5772);
#5751=PRODUCT_DEFINITION_SHAPE('','',#5773);
#5752=PRODUCT_DEFINITION_SHAPE(' ','NAUO PRDDFN',#34);
#5753=PRODUCT_DEFINITION_SHAPE('','',#5774);
#5754=PRODUCT_DEFINITION_SHAPE(' ','NAUO PRDDFN',#35);
#5755=PRODUCT_DEFINITION_SHAPE('','',#5775);
#5756=PRODUCT_DEFINITION_SHAPE(' ','NAUO PRDDFN',#36);
#5757=PRODUCT_DEFINITION_SHAPE('','',#5776);
#5758=PRODUCT_DEFINITION_SHAPE(' ','NAUO PRDDFN',#37);
#5759=PRODUCT_DEFINITION_SHAPE('','',#5777);
#5760=PRODUCT_DEFINITION_SHAPE(' ','NAUO PRDDFN',#38);
#5761=PRODUCT_DEFINITION_SHAPE(' ','NAUO PRDDFN',#39);
#5762=PRODUCT_DEFINITION_SHAPE('','',#5778);
#5763=PRODUCT_DEFINITION_SHAPE(' ','NAUO PRDDFN',#40);
#5764=PRODUCT_DEFINITION_SHAPE('','',#5779);
#5765=PRODUCT_DEFINITION_SHAPE(' ','NAUO PRDDFN',#41);
#5766=PRODUCT_DEFINITION_SHAPE(' ','NAUO PRDDFN',#42);
#5767=PRODUCT_DEFINITION_SHAPE('','',#5780);
#5768=PRODUCT_DEFINITION_SHAPE(' ','NAUO PRDDFN',#43);
#5769=PRODUCT_DEFINITION_SHAPE('','',#5781);
#5770=PRODUCT_DEFINITION_SHAPE(' ','NAUO PRDDFN',#44);
#5771=PRODUCT_DEFINITION_SHAPE(' ','NAUO PRDDFN',#45);
#5772=PRODUCT_DEFINITION('','',#5792,#5782);
#5773=PRODUCT_DEFINITION('','',#5793,#5783);
#5774=PRODUCT_DEFINITION('','',#5794,#5784);
#5775=PRODUCT_DEFINITION('','',#5795,#5785);
#5776=PRODUCT_DEFINITION('','',#5796,#5786);
#5777=PRODUCT_DEFINITION('','',#5797,#5787);
#5778=PRODUCT_DEFINITION('','',#5798,#5788);
#5779=PRODUCT_DEFINITION('','',#5799,#5789);
#5780=PRODUCT_DEFINITION('','',#5800,#5790);
#5781=PRODUCT_DEFINITION('','',#5801,#5791);
#5782=PRODUCT_DEFINITION_CONTEXT('',#5843,'design');
#5783=PRODUCT_DEFINITION_CONTEXT('',#5843,'design');
#5784=PRODUCT_DEFINITION_CONTEXT('',#5843,'design');
#5785=PRODUCT_DEFINITION_CONTEXT('',#5843,'design');
#5786=PRODUCT_DEFINITION_CONTEXT('',#5843,'design');
#5787=PRODUCT_DEFINITION_CONTEXT('',#5843,'design');
#5788=PRODUCT_DEFINITION_CONTEXT('',#5843,'design');
#5789=PRODUCT_DEFINITION_CONTEXT('',#5843,'design');
#5790=PRODUCT_DEFINITION_CONTEXT('',#5843,'design');
#5791=PRODUCT_DEFINITION_CONTEXT('',#5843,'design');
#5792=PRODUCT_DEFINITION_FORMATION_WITH_SPECIFIED_SOURCE('','',#5812,
 .NOT_KNOWN.);
#5793=PRODUCT_DEFINITION_FORMATION_WITH_SPECIFIED_SOURCE('','',#5813,
 .NOT_KNOWN.);
#5794=PRODUCT_DEFINITION_FORMATION_WITH_SPECIFIED_SOURCE('','',#5814,
 .NOT_KNOWN.);
#5795=PRODUCT_DEFINITION_FORMATION_WITH_SPECIFIED_SOURCE('','',#5815,
 .NOT_KNOWN.);
#5796=PRODUCT_DEFINITION_FORMATION_WITH_SPECIFIED_SOURCE('','',#5816,
 .NOT_KNOWN.);
#5797=PRODUCT_DEFINITION_FORMATION_WITH_SPECIFIED_SOURCE('','',#5817,
 .NOT_KNOWN.);
#5798=PRODUCT_DEFINITION_FORMATION_WITH_SPECIFIED_SOURCE('','',#5818,
 .NOT_KNOWN.);
#5799=PRODUCT_DEFINITION_FORMATION_WITH_SPECIFIED_SOURCE('','',#5819,
 .NOT_KNOWN.);
#5800=PRODUCT_DEFINITION_FORMATION_WITH_SPECIFIED_SOURCE('','',#5820,
 .NOT_KNOWN.);
#5801=PRODUCT_DEFINITION_FORMATION_WITH_SPECIFIED_SOURCE('','',#5821,
 .NOT_KNOWN.);
#5802=PRODUCT_RELATED_PRODUCT_CATEGORY('','',(#5812));
#5803=PRODUCT_RELATED_PRODUCT_CATEGORY('','',(#5813));
#5804=PRODUCT_RELATED_PRODUCT_CATEGORY('','',(#5814));
#5805=PRODUCT_RELATED_PRODUCT_CATEGORY('','',(#5815));
#5806=PRODUCT_RELATED_PRODUCT_CATEGORY('','',(#5816));
#5807=PRODUCT_RELATED_PRODUCT_CATEGORY('','',(#5817));
#5808=PRODUCT_RELATED_PRODUCT_CATEGORY('','',(#5818));
#5809=PRODUCT_RELATED_PRODUCT_CATEGORY('','',(#5819));
#5810=PRODUCT_RELATED_PRODUCT_CATEGORY('','',(#5820));
#5811=PRODUCT_RELATED_PRODUCT_CATEGORY('','',(#5821));
#5812=PRODUCT('Fishing Rod Case Assembly','Fishing Rod Case Assembly',
'Fishing Rod Case Assembly',(#5832));
#5813=PRODUCT('Middle segment','Middle segment','Middle segment',(#5833));
#5814=PRODUCT('Lid','Lid','Lid',(#5834));
#5815=PRODUCT('Rubber strip 2','Rubber strip 2','Rubber strip 2',(#5835));
#5816=PRODUCT('Strap','Strap','Strap',(#5836));
#5817=PRODUCT('Bottom segment','Bottom segment','Bottom segment',(#5837));
#5818=PRODUCT('Top segment','Top segment','Top segment',(#5838));
#5819=PRODUCT('Rubber strip 1','Rubber strip 1','Rubber strip 1',(#5839));
#5820=PRODUCT('Cloth band','Cloth band','Cloth band',(#5840));
#5821=PRODUCT('Disk','Disk','Disk',(#5841));
#5822=PRODUCT_CATEGORY('','');
#5823=PRODUCT_CATEGORY('','');
#5824=PRODUCT_CATEGORY('','');
#5825=PRODUCT_CATEGORY('','');
#5826=PRODUCT_CATEGORY('','');
#5827=PRODUCT_CATEGORY('','');
#5828=PRODUCT_CATEGORY('','');
#5829=PRODUCT_CATEGORY('','');
#5830=PRODUCT_CATEGORY('','');
#5831=PRODUCT_CATEGORY('','');
#5832=PRODUCT_CONTEXT('',#5843,'mechanical');
#5833=PRODUCT_CONTEXT('',#5843,'mechanical');
#5834=PRODUCT_CONTEXT('',#5843,'mechanical');
#5835=PRODUCT_CONTEXT('',#5843,'mechanical');
#5836=PRODUCT_CONTEXT('',#5843,'mechanical');
#5837=PRODUCT_CONTEXT('',#5843,'mechanical');
#5838=PRODUCT_CONTEXT('',#5843,'mechanical');
#5839=PRODUCT_CONTEXT('',#5843,'mechanical');
#5840=PRODUCT_CONTEXT('',#5843,'mechanical');
#5841=PRODUCT_CONTEXT('',#5843,'mechanical');
#5842=APPLICATION_PROTOCOL_DEFINITION('international standard',
'ap242_managed_model_based_3d_engineering',2020,#5843);
#5843=APPLICATION_CONTEXT('managed model based 3d engineering');
ENDSEC;
END-ISO-10303-21;
